t,attDeg,wParallel,wPerp,primitive,predAtt,actualAtt,predMinusActual,fuelMargin,phase,reachable,fdir
0.001,53.4402,0.09674,0.14814,pulse:0+5:0.160,55.0362,53.4402,-1.5960,2.1997,guidance,0,
0.098,57.4358,0.11040,0.14208,pulse:0+5:0.160,55.0362,57.4358,2.3996,2.2546,guidance,0,
0.198,59.1167,0.11541,0.13532,pulse:0+5:0.160,55.0362,59.1167,4.0805,2.2645,guidance,0,
0.302,60.3795,0.11902,0.12845,pulse:0+5:0.160,55.0362,60.3795,5.3433,2.2519,guidance,0,
0.399,61.3231,0.12250,0.12404,pulse:0+5:0.160,55.0362,61.3231,6.2870,2.1412,guidance,0,
0.502,62.2463,0.12542,0.11948,pulse:0+5:0.160,64.2793,62.2463,-2.0330,2.2654,guidance,0,
0.600,63.0706,0.12771,0.11514,pulse:0+5:0.160,64.2793,63.0706,-1.2088,2.2301,guidance,0,
0.698,63.9117,0.12875,0.11218,pulse:0+5:0.160,64.2793,63.9117,-0.3677,2.1564,guidance,0,
0.800,64.6994,0.12875,0.10893,pulse:0+5:0.160,64.2793,64.6994,0.4201,2.1728,guidance,0,
0.899,65.4681,0.13017,0.10714,pulse:0+5:0.160,64.2793,65.4681,1.1888,2.3299,guidance,0,
0.997,66.2349,0.12954,0.10734,pulse:0+5:0.160,64.2793,66.2349,1.9555,2.0825,guidance,0,
1.100,66.9918,0.12915,0.10801,pulse:0+5:0.160,69.0783,66.9918,-2.0864,2.1844,guidance,0,
1.203,67.7546,0.12806,0.10886,pulse:0+5:0.160,69.0783,67.7546,-1.3237,2.2216,guidance,0,
1.251,68.1219,0.12767,0.11059,pulse:0+5:0.160,69.0783,68.1219,-0.9564,2.2313,guidance,0,
1.402,69.1669,0.12418,0.11373,pulse:0+5:0.160,69.0783,69.1669,0.0886,2.1835,guidance,0,
1.497,69.8128,0.12271,0.11662,pulse:0+5:0.160,69.0783,69.8128,0.7346,2.1184,guidance,0,
1.600,70.5306,0.12196,0.12113,pulse:0+5:0.160,69.0783,70.5306,1.4523,2.2836,guidance,0,
1.700,71.2012,0.12020,0.12542,pulse:0+5:0.160,73.1499,71.2012,-1.9487,2.0715,guidance,0,
1.803,71.8715,0.12079,0.12933,pulse:0+5:0.160,73.1499,71.8715,-1.2784,2.1614,guidance,0,
1.900,72.5029,0.11875,0.13278,pulse:0+5:0.160,73.1499,72.5029,-0.6470,2.2511,guidance,0,
2.002,73.1553,0.11851,0.13610,pulse:0+5:0.160,73.1499,73.1553,0.0054,2.0522,guidance,0,
2.099,73.7940,0.11895,0.13890,pulse:0+5:0.160,73.1499,73.7940,0.6441,2.0632,guidance,0,
2.199,74.4561,0.12076,0.14166,pulse:0+5:0.160,73.1499,74.4561,1.3062,2.0203,guidance,0,
2.300,75.1371,0.12241,0.14366,pulse:0+5:0.160,77.1273,75.1371,-1.9902,2.0519,guidance,0,
2.402,75.8228,0.12547,0.14399,pulse:0+5:0.160,77.1273,75.8228,-1.3045,2.0123,guidance,0,
2.499,76.4872,0.12785,0.14432,pulse:0+5:0.160,77.1273,76.4872,-0.6401,2.1784,guidance,0,
2.599,77.1706,0.13014,0.14260,pulse:0+5:0.160,77.1273,77.1706,0.0433,2.1891,guidance,0,
2.701,77.9344,0.13418,0.14215,pulse:0+5:0.160,77.1273,77.9344,0.8071,2.1683,guidance,0,
2.800,78.6972,0.13809,0.14035,pulse:0+5:0.160,77.1273,78.6972,1.5699,2.2154,guidance,0,
2.902,79.4675,0.14213,0.13809,pulse:0+5:0.160,81.7688,79.4675,-2.3013,2.0673,guidance,0,
2.998,80.2194,0.14667,0.13522,pulse:0+5:0.160,81.7688,80.2194,-1.5494,2.2270,guidance,0,
3.102,81.0530,0.14938,0.13175,pulse:0+5:0.160,81.7688,81.0530,-0.7157,2.1535,guidance,0,
3.199,81.8470,0.15251,0.12806,pulse:0+5:0.160,81.7688,81.8470,0.0782,2.0828,guidance,0,
3.299,82.6909,0.15535,0.12414,pulse:0+5:0.160,81.7688,82.6909,0.9221,2.2483,guidance,0,
3.401,83.5675,0.15828,0.12075,pulse:0+5:0.160,81.7688,83.5675,1.7987,2.1403,guidance,0,
3.499,84.4274,0.16143,0.11763,pulse:0+5:0.160,87.0287,84.4274,-2.6012,2.2263,guidance,0,
3.598,85.2926,0.16298,0.11405,pulse:0+5:0.160,87.0287,85.2926,-1.7360,2.1854,guidance,0,
3.701,86.1895,0.16318,0.11028,pulse:0+5:0.160,87.0287,86.1895,-0.8392,2.1816,guidance,0,
3.802,87.0721,0.16166,0.10669,pulse:0+5:0.160,87.0287,87.0721,0.0434,2.1156,guidance,0,
3.902,87.9179,0.16205,0.10453,pulse:0+5:0.160,87.0287,87.9179,0.8893,2.2161,guidance,0,
3.999,88.7621,0.16111,0.10166,pulse:0+5:0.160,91.3529,88.7621,-2.5907,2.1273,guidance,0,
4.103,89.6687,0.15993,0.09996,pulse:0+5:0.160,91.3529,89.6687,-1.6841,2.1989,guidance,0,
4.197,90.4659,0.15625,0.09863,pulse:0+5:0.160,91.3529,90.4659,-0.8869,2.1712,guidance,0,
4.301,91.3203,0.15309,0.09667,pulse:0+5:0.160,91.3529,91.3203,-0.0325,2.1957,guidance,0,
4.403,92.1252,0.15059,0.09678,pulse:0+5:0.160,91.3529,92.1252,0.7724,2.0742,guidance,0,
4.499,92.8887,0.14733,0.09658,pulse:0+5:0.160,95.2568,92.8887,-2.3681,2.1127,guidance,0,
4.601,93.6772,0.14492,0.09687,pulse:0+5:0.160,95.2568,93.6772,-1.5796,2.2757,guidance,0,
4.699,94.4066,0.14029,0.09693,pulse:0+5:0.160,95.2568,94.4066,-0.8502,2.2791,guidance,0,
4.801,95.1457,0.13595,0.09689,pulse:0+5:0.160,95.2568,95.1457,-0.1111,2.2730,guidance,0,
4.899,95.8594,0.13374,0.09772,pulse:0+5:0.160,95.2568,95.8594,0.6026,2.2104,guidance,0,
4.998,96.5755,0.13121,0.09808,pulse:0+5:0.160,95.2568,96.5755,1.3187,2.1745,guidance,0,
5.101,97.2997,0.12979,0.09821,pulse:0+5:0.160,99.3865,97.2997,-2.0869,2.0141,guidance,0,
5.200,97.9886,0.12797,0.09770,pulse:0+5:0.160,99.3865,97.9886,-1.3979,2.1455,guidance,0,
5.302,98.6884,0.12602,0.09768,pulse:0+5:0.160,99.3865,98.6884,-0.6981,2.0343,guidance,0,
5.403,99.3459,0.12383,0.09653,pulse:0+5:0.160,99.3865,99.3459,-0.0406,2.1355,guidance,0,
5.499,99.9667,0.12484,0.09514,pulse:0+5:0.160,99.3865,99.9667,0.5802,2.2439,guidance,0,
5.602,100.6610,0.12533,0.09398,pulse:0+5:0.160,102.6748,100.6610,-2.0139,2.2079,guidance,0,
5.701,101.3311,0.12757,0.09218,pulse:0+5:0.160,102.6748,101.3311,-1.3437,2.2893,guidance,0,
5.801,102.0166,0.12813,0.08967,pulse:0+5:0.160,102.6748,102.0166,-0.6582,2.0806,guidance,0,
5.898,102.6976,0.12923,0.08753,pulse:0+5:0.160,102.6748,102.6976,0.0228,1.9871,guidance,0,
6.001,103.4163,0.13232,0.08469,pulse:0+5:0.160,102.6748,103.4163,0.7414,1.9656,guidance,0,
6.098,104.1100,0.13507,0.08253,pulse:0+5:0.160,102.6748,104.1100,1.4352,2.1604,guidance,0,
6.202,104.8642,0.13842,0.08017,pulse:0+5:0.160,107.0849,104.8642,-2.2207,2.2163,guidance,0,
6.302,105.6270,0.14181,0.07773,pulse:0+5:0.160,107.0849,105.6270,-1.4578,2.1514,guidance,0,
6.399,106.3850,0.14334,0.07632,pulse:0+5:0.160,107.0849,106.3850,-0.6999,2.0457,guidance,0,
6.503,107.2140,0.14561,0.07525,pulse:0+5:0.160,107.0849,107.2140,0.1291,2.0314,guidance,0,
6.602,108.0152,0.14859,0.07396,pulse:0+5:0.160,107.0849,108.0152,0.9303,2.1827,guidance,0,
6.701,108.8244,0.15210,0.07406,pulse:0+5:0.160,107.0849,108.8244,1.7395,2.1952,guidance,0,
6.800,109.6642,0.15458,0.07403,pulse:0+5:0.160,112.1424,109.6642,-2.4782,1.9868,guidance,0,
6.897,110.5136,0.15668,0.07391,pulse:0+5:0.160,112.1424,110.5136,-1.6289,2.2147,guidance,0,
7.001,111.4222,0.15761,0.07555,pulse:0+5:0.160,112.1424,111.4222,-0.7202,2.2768,guidance,0,
7.098,112.2374,0.15783,0.07673,pulse:0+5:0.160,112.1424,112.2374,0.0950,2.1664,guidance,0,
7.199,113.0940,0.15842,0.07823,pulse:0+5:0.160,112.1424,113.0940,0.9516,2.1608,guidance,0,
7.298,113.9635,0.15935,0.08062,pulse:0+5:0.160,112.1424,113.9635,1.8211,2.2423,guidance,0,
7.401,114.8517,0.15895,0.08260,pulse:0+5:0.160,117.4009,114.8517,-2.5491,2.1051,guidance,0,
7.499,115.7101,0.15849,0.08450,pulse:0+5:0.160,117.4009,115.7101,-1.6908,2.0632,guidance,0,
7.597,116.5427,0.15695,0.08729,pulse:0+5:0.160,117.4009,116.5427,-0.8582,1.9996,guidance,0,
7.701,117.4278,0.15435,0.08973,pulse:0+5:0.160,117.4009,117.4278,0.0269,2.2140,guidance,0,
7.798,118.2276,0.15301,0.09181,pulse:0+5:0.160,117.4009,118.2276,0.8268,2.1778,guidance,0,
7.901,119.0984,0.15111,0.09329,pulse:0+5:0.160,121.5231,119.0984,-2.4247,2.1851,guidance,0,
7.999,119.9039,0.14999,0.09472,pulse:0+5:0.160,121.5231,119.9039,-1.6192,2.0923,guidance,0,
8.100,120.7300,0.14769,0.09581,pulse:0+5:0.160,121.5231,120.7300,-0.7931,1.9663,guidance,0,
8.201,121.5170,0.14401,0.09686,pulse:0+5:0.160,121.5231,121.5170,-0.0062,1.9644,guidance,0,
8.298,122.2877,0.14222,0.09585,pulse:0+5:0.160,121.5231,122.2877,0.7645,1.9231,guidance,0,
8.402,123.1064,0.14102,0.09565,pulse:0+2:0.160,125.3746,123.1064,-2.2682,1.9712,guidance,0,
8.500,123.8578,0.13990,0.09408,pulse:0+2:0.160,125.3746,123.8578,-1.5168,2.1049,guidance,0,
8.601,124.6383,0.13769,0.09205,pulse:0+2:0.160,125.3746,124.6383,-0.7362,1.9729,guidance,0,
8.699,125.3741,0.13667,0.08884,pulse:0+2:0.160,125.3746,125.3741,-0.0004,2.1483,guidance,0,
8.799,126.1135,0.13577,0.08658,pulse:0+2:0.160,125.3746,126.1135,0.7389,1.9583,guidance,0,
8.900,126.8669,0.13501,0.08303,pulse:0+2:0.160,125.3746,126.8669,1.4923,1.9284,guidance,0,
9.000,127.6275,0.13438,0.07933,pulse:0+5:0.240,130.3958,127.6275,-2.7684,2.1588,guidance,0,
9.102,128.3675,0.13539,0.07560,pulse:0+5:0.240,130.3958,128.3675,-2.0283,2.0224,guidance,0,
9.202,129.1102,0.13374,0.07225,pulse:0+5:0.240,130.3958,129.1102,-1.2856,2.1726,guidance,0,
9.298,129.8088,0.13227,0.06840,pulse:0+5:0.240,130.3958,129.8088,-0.5870,2.1981,guidance,0,
9.399,130.5362,0.13204,0.06541,pulse:0+5:0.240,130.3958,130.5362,0.1404,1.9774,guidance,0,
9.502,131.2880,0.13271,0.06207,pulse:0+5:0.320,134.6162,131.2880,-3.3283,2.0018,guidance,0,
9.601,132.0352,0.13339,0.05914,pulse:0+5:0.320,134.6162,132.0352,-2.5811,2.1654,guidance,0,
9.701,132.7920,0.13284,0.05713,pulse:0+5:0.320,134.6162,132.7920,-1.8243,2.0599,guidance,0,
9.800,133.5257,0.13144,0.05514,pulse:0+5:0.320,134.6162,133.5257,-1.0905,2.1758,guidance,0,
9.850,133.8567,0.13114,0.05451,pulse:0+5:0.320,134.6162,133.8567,-0.7596,2.0054,guidance,0,
9.997,134.9322,0.13062,0.05393,pulse:0+5:0.320,134.6162,134.9322,0.3159,2.0242,guidance,0,
10.101,135.6790,0.13197,0.05372,pulse:0+5:0.320,138.9864,135.6790,-3.3075,2.1260,guidance,0,
10.201,136.4174,0.13228,0.05416,pulse:0+5:0.320,138.9864,136.4174,-2.5691,2.0163,guidance,0,
10.301,137.1695,0.13140,0.05597,pulse:0+5:0.320,138.9864,137.1695,-1.8169,1.9936,guidance,0,
10.403,137.9143,0.13023,0.05669,pulse:0+5:0.320,138.9864,137.9143,-1.0722,2.1731,guidance,0,
10.502,138.5957,0.12874,0.05953,pulse:0+5:0.320,138.9864,138.5957,-0.3907,2.0429,guidance,0,
10.598,139.2896,0.12935,0.06177,pulse:0+5:0.320,138.9864,139.2896,0.3032,1.9805,guidance,0,
10.701,140.0326,0.12967,0.06450,pulse:0+5:0.320,143.2835,140.0326,-3.2509,1.9878,guidance,0,
10.799,140.7481,0.13054,0.06691,pulse:0+5:0.320,143.2835,140.7481,-2.5354,2.1652,guidance,0,
10.900,141.4734,0.12956,0.07039,pulse:0+5:0.320,143.2835,141.4734,-1.8101,2.1298,guidance,0,
11.000,142.2089,0.12827,0.07273,pulse:0+5:0.320,143.2835,142.2089,-1.0746,2.1275,guidance,0,
11.099,142.9092,0.12733,0.07562,pulse:0+5:0.320,143.2835,142.9092,-0.3743,2.1919,guidance,0,
11.203,143.6599,0.12719,0.07767,pulse:0+5:0.320,146.8503,143.6599,-3.1903,2.0191,guidance,0,
11.298,144.3520,0.12805,0.07965,pulse:0+5:0.320,146.8503,144.3520,-2.4982,2.1199,guidance,0,
11.398,145.0538,0.12719,0.08122,pulse:0+5:0.320,146.8503,145.0538,-1.7965,2.1716,guidance,0,
11.500,145.7564,0.12665,0.08302,pulse:0+5:0.320,146.8503,145.7564,-1.0939,2.1740,guidance,0,
11.602,146.4541,0.12608,0.08390,pulse:0+5:0.320,146.8503,146.4541,-0.3962,1.9927,guidance,0,
11.700,147.1668,0.12640,0.08374,pulse:0+5:0.320,146.8503,147.1668,0.3165,1.9818,guidance,0,
11.800,147.8598,0.12782,0.08332,pulse:0+5:0.320,151.0667,147.8598,-3.2069,1.9420,guidance,0,
11.897,148.5537,0.12876,0.08202,pulse:0+5:0.320,151.0667,148.5537,-2.5130,2.1215,guidance,0,
11.998,149.2876,0.12890,0.08075,pulse:0+5:0.320,151.0667,149.2876,-1.7791,2.1445,guidance,0,
12.097,149.9713,0.12814,0.07988,pulse:0+5:0.320,151.0667,149.9713,-1.0954,2.0061,guidance,0,
12.199,150.7125,0.12727,0.07835,pulse:0+5:0.320,151.0667,150.7125,-0.3542,2.0309,guidance,0,
12.298,151.4047,0.12822,0.07605,pulse:0+5:0.320,151.0667,151.4047,0.3380,2.0369,guidance,0,
12.397,152.1327,0.12889,0.07348,pulse:0+5:0.240,154.7843,152.1327,-2.6516,1.9178,guidance,0,
12.498,152.8680,0.12930,0.07083,pulse:0+5:0.240,154.7843,152.8680,-1.9163,1.9148,guidance,0,
12.603,153.6091,0.12826,0.06842,pulse:0+5:0.240,154.7843,153.6091,-1.1752,2.0394,guidance,0,
12.702,154.3032,0.12713,0.06694,pulse:0+5:0.240,154.7843,154.3032,-0.4811,2.0967,guidance,0,
12.798,154.9776,0.12588,0.06475,pulse:0+5:0.240,154.7843,154.9776,0.1932,1.9535,guidance,0,
12.902,155.7311,0.12565,0.06270,pulse:0+5:0.320,158.8791,155.7311,-3.1481,1.9223,guidance,0,
13.002,156.4463,0.12529,0.06155,pulse:0+5:0.320,158.8791,156.4463,-2.4328,1.9527,guidance,0,
13.100,157.1309,0.12461,0.06040,pulse:0+5:0.320,158.8791,157.1309,-1.7482,2.0593,guidance,0,
13.200,157.8151,0.12111,0.06016,pulse:0+5:0.320,158.8791,157.8151,-1.0640,2.1261,guidance,0,
13.297,158.4856,0.11816,0.06024,pulse:0+5:0.320,158.8791,158.4856,-0.3936,1.8997,guidance,0,
13.398,159.1395,0.11694,0.06066,pulse:0+5:0.320,158.8791,159.1395,0.2604,2.0599,guidance,0,
13.499,159.8019,0.11599,0.06097,pulse:0+5:0.320,162.7058,159.8019,-2.9039,1.9031,guidance,0,
13.602,160.4772,0.11470,0.06087,pulse:0+5:0.320,162.7058,160.4772,-2.2286,2.0758,guidance,0,
13.703,161.0989,0.11184,0.06204,pulse:0+5:0.320,162.7058,161.0989,-1.6070,2.0402,guidance,0,
13.798,161.6820,0.10863,0.06428,pulse:0+5:0.320,162.7058,161.6820,-1.0239,1.8655,guidance,0,
13.903,162.3138,0.10546,0.06500,pulse:0+5:0.320,162.7058,162.3138,-0.3920,1.8441,guidance,0,
13.998,162.8739,0.10404,0.06654,pulse:0+5:0.320,162.7058,162.8739,0.1680,1.8048,guidance,0,
14.102,163.4558,0.10223,0.06779,pulse:0+5:0.320,166.0129,163.4558,-2.5571,2.0284,guidance,0,
14.201,164.0362,0.10191,0.06899,pulse:0+5:0.320,166.0129,164.0362,-1.9767,1.8776,guidance,0,
14.300,164.5743,0.09999,0.07028,pulse:0+5:0.320,166.0129,164.5743,-1.4386,2.0467,guidance,0,
14.399,165.1196,0.09827,0.07242,pulse:0+5:0.320,166.0129,165.1196,-0.8933,1.9445,guidance,0,
14.499,165.6588,0.09616,0.07291,pulse:0+5:0.320,166.0129,165.6588,-0.3541,1.8987,guidance,0,
14.602,166.2344,0.09551,0.07395,pulse:0+5:0.240,168.1959,166.2344,-1.9615,1.9461,guidance,0,
14.701,166.7798,0.09630,0.07405,pulse:0+5:0.240,168.1959,166.7798,-1.4162,2.0162,guidance,0,
14.753,167.0685,0.09595,0.07376,pulse:0+5:0.240,168.1959,167.0685,-1.1274,1.8435,guidance,0,
14.901,167.8823,0.09513,0.07436,pulse:0+5:0.240,168.1959,167.8823,-0.3137,1.9279,guidance,0,
15.003,168.4318,0.09573,0.07395,pulse:0+5:0.240,168.1959,168.4318,0.2359,2.0586,guidance,0,
15.101,168.9874,0.09712,0.07351,pulse:0+5:0.240,168.1959,168.9874,0.7914,1.9429,guidance,0,
15.202,169.5356,0.09882,0.07229,pulse:0+5:0.320,172.0062,169.5356,-2.4706,2.0659,guidance,0,
15.299,170.0825,0.10106,0.07120,pulse:0+5:0.320,172.0062,170.0825,-1.9237,1.9090,guidance,0,
15.399,170.6588,0.10080,0.07013,pulse:0+5:0.320,172.0062,170.6588,-1.3474,2.0415,guidance,0,
15.501,171.2427,0.10152,0.06949,pulse:0+5:0.320,172.0062,171.2427,-0.7635,1.8986,guidance,0,
15.599,171.8214,0.10156,0.06888,pulse:0+5:0.320,172.0062,171.8214,-0.1849,1.8085,guidance,0,
15.699,172.3823,0.10224,0.06750,pulse:0+5:0.320,172.0062,172.3823,0.3761,1.8149,guidance,0,
15.802,172.9963,0.10477,0.06626,pulse:0:0.320,175.6262,172.9963,-2.6299,1.9066,guidance,0,
15.899,173.5841,0.10607,0.06577,pulse:0:0.320,175.6262,173.5841,-2.0421,1.8906,guidance,0,
16.000,174.1920,0.10650,0.06472,pulse:0:0.320,175.6262,174.1920,-1.4342,1.8178,guidance,0,
16.102,174.7875,0.10708,0.06423,pulse:0:0.320,175.6262,174.7875,-0.8386,1.9548,guidance,0,
16.200,175.3949,0.10650,0.06368,pulse:0:0.320,175.6262,175.3949,-0.2313,1.7930,guidance,0,
16.298,175.9770,0.10731,0.06346,pulse:0:0.320,175.6262,175.9770,0.3508,1.8418,guidance,0,
16.401,176.6051,0.10731,0.06355,pulse:0:0.320,179.2984,176.6051,-2.6933,1.9519,guidance,0,
16.502,177.2160,0.10750,0.06401,pulse:0:0.320,179.2984,177.2160,-2.0824,1.8555,guidance,0,
16.599,177.7976,0.10699,0.06464,pulse:0:0.320,179.2984,177.7976,-1.5008,1.9872,guidance,0,
16.697,178.3629,0.10534,0.06565,pulse:0:0.320,179.2984,178.3629,-0.9355,1.8899,guidance,0,
16.800,178.9826,0.10404,0.06546,pulse:0:0.320,179.2984,178.9826,-0.3158,1.7991,guidance,0,
16.900,179.5642,0.10255,0.06681,pulse:0:0.320,179.2984,179.5642,0.2658,1.7653,guidance,0,
17.002,179.8347,-0.10210,0.06770,pulse:0:0.320,177.2730,179.8347,2.5617,1.9010,guidance,0,
17.099,179.2961,-0.10132,0.06850,pulse:0:0.320,177.2730,179.2961,2.0231,1.8942,guidance,0,
17.200,178.7043,-0.09953,0.07001,pulse:0:0.320,177.2730,178.7043,1.4313,1.7938,guidance,0,
17.298,178.1479,-0.09723,0.07050,pulse:0:0.320,177.2730,178.1479,0.8749,1.9747,guidance,0,
17.399,177.5937,-0.09508,0.07137,pulse:0:0.320,177.2730,177.5937,0.3207,1.8520,guidance,0,
17.499,177.0597,-0.09315,0.07162,pulse:0:0.320,177.2730,177.0597,-0.2133,1.9165,guidance,0,
17.599,176.5292,-0.09190,0.07194,coast:0.320,174.2093,176.5292,2.3198,1.7713,guidance,0,
17.698,176.0211,-0.09103,0.07239,coast:0.320,174.2093,176.0211,1.8118,1.8399,guidance,0,
17.800,175.5008,-0.09041,0.07174,coast:0.320,174.2093,175.5008,1.2914,1.8236,guidance,0,
17.900,174.9940,-0.08986,0.07152,coast:0.320,174.2093,174.9940,0.7846,1.8881,guidance,0,
17.997,174.5068,-0.08936,0.07108,coast:0.320,174.2093,174.5068,0.2974,1.9903,guidance,0,
18.100,173.9851,-0.08849,0.06987,coast:0.320,171.7518,173.9851,2.2333,1.8040,guidance,0,
18.200,173.4926,-0.08837,0.06977,coast:0.320,171.7518,173.4926,1.7407,2.0040,guidance,0,
18.298,173.0074,-0.08829,0.06867,coast:0.320,171.7518,173.0074,1.2556,1.8499,guidance,0,
18.401,172.4931,-0.08785,0.06740,coast:0.320,171.7518,172.4931,0.7413,1.7648,guidance,0,
18.501,171.9838,-0.08817,0.06634,coast:0.320,171.7518,171.9838,0.2319,1.8797,guidance,0,
18.601,171.4831,-0.08811,0.06583,pulse:1+4:0.160,170.0653,171.4831,1.4179,1.7635,guidance,0,
18.701,170.9793,-0.08852,0.06439,pulse:1+4:0.160,170.0653,170.9793,0.9140,1.7941,guidance,0,
18.802,170.4756,-0.09019,0.06334,pulse:1+4:0.160,170.0653,170.4756,0.4103,1.7452,guidance,0,
18.899,169.9811,-0.09148,0.06265,pulse:1+4:0.160,170.0653,169.9811,-0.0841,1.9409,guidance,0,
19.000,169.4554,-0.09187,0.06147,pulse:1+4:0.160,170.0653,169.4554,-0.6099,1.7963,guidance,0,
19.103,168.9085,-0.09299,0.06039,coast:0.320,166.5623,168.9085,2.3461,1.8312,guidance,0,
19.202,168.3995,-0.09286,0.06103,coast:0.320,166.5623,168.3995,1.8372,1.7703,guidance,0,
19.298,167.8855,-0.09331,0.06060,coast:0.320,166.5623,167.8855,1.3232,1.8456,guidance,0,
19.401,167.3416,-0.09426,0.06071,coast:0.320,166.5623,167.3416,0.7792,1.8735,guidance,0,
19.497,166.8045,-0.09473,0.06005,coast:0.320,166.5623,166.8045,0.2422,1.9361,guidance,0,
19.599,166.2586,-0.09439,0.06168,coast:0.320,166.5623,166.2586,-0.3037,1.9875,guidance,0,
19.700,165.7084,-0.09589,0.06109,pulse:1+4:0.160,164.1659,165.7084,1.5425,1.8424,guidance,0,
19.797,165.1543,-0.09610,0.06178,pulse:1+4:0.160,164.1659,165.1543,0.9885,1.8718,guidance,0,
19.903,164.5583,-0.09792,0.06213,pulse:1+4:0.160,164.1659,164.5583,0.3924,1.9046,guidance,0,
20.001,163.9880,-0.09976,0.06254,pulse:1+4:0.160,164.1659,163.9880,-0.1779,1.7783,guidance,0,
20.099,163.4456,-0.10030,0.06363,pulse:1+4:0.160,164.1659,163.4456,-0.7203,1.7726,guidance,0,
20.199,162.8605,-0.10046,0.06420,pulse:1+4:0.160,164.1659,162.8605,-1.3054,1.9003,guidance,0,
20.298,162.3128,-0.10050,0.06519,coast:0.320,159.7782,162.3128,2.5347,1.9117,guidance,0,
20.403,161.7093,-0.10093,0.06613,coast:0.320,159.7782,161.7093,1.9312,1.8044,guidance,0,
20.500,161.1603,-0.10101,0.06635,coast:0.320,159.7782,161.1603,1.3821,1.9117,guidance,0,
20.597,160.5652,-0.10088,0.06695,coast:0.320,159.7782,160.5652,0.7871,2.0050,guidance,0,
20.702,159.9489,-0.10147,0.06745,coast:0.320,159.7782,159.9489,0.1707,1.8415,guidance,0,
20.751,159.6853,-0.10048,0.06818,coast:0.320,159.7782,159.6853,-0.0929,2.0036,guidance,0,
20.898,158.8341,-0.10103,0.06806,pulse:0:0.320,156.3029,158.8341,2.5312,1.7836,guidance,0,
20.999,158.2583,-0.10060,0.06793,pulse:0:0.320,156.3029,158.2583,1.9554,1.8514,guidance,0,
21.101,157.6877,-0.09966,0.06778,pulse:0:0.320,156.3029,157.6877,1.3849,1.7875,guidance,0,
21.201,157.1183,-0.09848,0.06819,pulse:0:0.320,156.3029,157.1183,0.8154,1.8187,guidance,0,
21.299,156.5692,-0.09708,0.06707,pulse:0:0.320,156.3029,156.5692,0.2663,1.9394,guidance,0,
21.398,156.0336,-0.09629,0.06639,coast:0.320,153.6060,156.0336,2.4277,1.9347,guidance,0,
21.500,155.4679,-0.09687,0.06516,coast:0.320,153.6060,155.4679,1.8620,1.9034,guidance,0,
21.600,154.9147,-0.09643,0.06477,coast:0.320,153.6060,154.9147,1.3087,1.9401,guidance,0,
21.703,154.3604,-0.09652,0.06401,coast:0.320,153.6060,154.3604,0.7545,1.9279,guidance,0,
21.801,153.7947,-0.09589,0.06271,coast:0.320,153.6060,153.7947,0.1887,1.9363,guidance,0,
21.898,153.2806,-0.09625,0.06262,coast:0.320,153.6060,153.2806,-0.3253,1.7673,guidance,0,
21.999,152.7140,-0.09591,0.06227,coast:0.320,150.2962,152.7140,2.4178,1.7797,guidance,0,
22.100,152.1618,-0.09635,0.06121,coast:0.320,150.2962,152.1618,1.8656,1.7939,guidance,0,
22.201,151.6166,-0.09552,0.06100,coast:0.320,150.2962,151.6166,1.3204,1.8746,guidance,0,
22.302,151.0679,-0.09550,0.06074,coast:0.320,150.2962,151.0679,0.7717,1.7846,guidance,0,
22.397,150.5347,-0.09495,0.06037,coast:0.320,150.2962,150.5347,0.2385,1.9262,guidance,0,
22.498,150.0208,-0.09487,0.06101,coast:0.320,150.2962,150.0208,-0.2754,1.7703,guidance,0,
22.599,149.4802,-0.09429,0.06065,coast:0.320,147.1034,149.4802,2.3768,1.8151,guidance,0,
22.699,148.9348,-0.09455,0.06052,coast:0.320,147.1034,148.9348,1.8315,1.8688,guidance,0,
22.801,148.3944,-0.09371,0.06089,coast:0.320,147.1034,148.3944,1.2910,1.8366,guidance,0,
22.897,147.8810,-0.09411,0.06181,coast:0.320,147.1034,147.8810,0.7776,1.9800,guidance,0,
23.001,147.3610,-0.09283,0.06272,coast:0.320,147.1034,147.3610,0.2577,2.0103,guidance,0,
23.098,146.8610,-0.09310,0.06219,coast:0.320,147.1034,146.8610,-0.2423,1.9719,guidance,0,
23.199,146.3080,-0.09286,0.06359,pulse:0:0.320,143.9848,146.3080,2.3233,1.8399,guidance,0,
23.301,145.7602,-0.09244,0.06336,pulse:0:0.320,143.9848,145.7602,1.7755,1.8899,guidance,0,
23.403,145.2066,-0.09227,0.06383,pulse:0:0.320,143.9848,145.2066,1.2218,1.7631,guidance,0,
23.503,144.6944,-0.09033,0.06483,pulse:0:0.320,143.9848,144.6944,0.7096,1.7808,guidance,0,
23.602,144.1696,-0.08929,0.06468,pulse:0:0.320,143.9848,144.1696,0.1849,1.9541,guidance,0,
23.703,143.6774,-0.08848,0.06569,coast:0.320,141.4485,143.6774,2.2289,1.7445,guidance,0,
23.802,143.1569,-0.08924,0.06497,coast:0.320,141.4485,143.1569,1.7084,1.8293,guidance,0,
23.899,142.6393,-0.08939,0.06558,coast:0.320,141.4485,142.6393,1.1908,1.7234,guidance,0,
23.998,142.1403,-0.08967,0.06619,coast:0.320,141.4485,142.1403,0.6918,1.9318,guidance,0,
24.098,141.6304,-0.09044,0.06566,coast:0.320,141.4485,141.6304,0.1820,2.0041,guidance,0,
24.199,141.1047,-0.09122,0.06604,coast:0.320,141.4485,141.1047,-0.3438,1.8271,guidance,0,
24.298,140.5944,-0.09091,0.06529,coast:0.320,138.3046,140.5944,2.2897,1.7978,guidance,0,
24.398,140.0707,-0.09205,0.06620,coast:0.320,138.3046,140.0707,1.7660,1.7745,guidance,0,
24.498,139.5436,-0.09206,0.06470,coast:0.320,138.3046,139.5436,1.2389,1.8610,guidance,0,
24.598,139.0120,-0.09288,0.06521,coast:0.320,138.3046,139.0120,0.7074,1.9469,guidance,0,
24.698,138.4856,-0.09306,0.06461,coast:0.320,138.3046,138.4856,0.1810,1.9131,guidance,0,
24.798,137.9480,-0.09360,0.06397,coast:0.320,135.5906,137.9480,2.3575,1.7718,guidance,0,
24.899,137.3912,-0.09424,0.06373,coast:0.320,135.5906,137.3912,1.8006,1.8254,guidance,0,
24.997,136.8577,-0.09497,0.06400,coast:0.320,135.5906,136.8577,1.2672,1.7608,guidance,0,
25.099,136.2961,-0.09542,0.06334,coast:0.320,135.5906,136.2961,0.7055,1.7082,guidance,0,
25.200,135.7655,-0.09522,0.06262,coast:0.320,135.5906,135.7655,0.1749,1.9184,guidance,0,
25.301,135.2297,-0.09541,0.06290,coast:0.320,132.8269,135.2297,2.4029,1.9333,guidance,0,
25.399,134.7091,-0.09540,0.06245,coast:0.320,132.8269,134.7091,1.8822,1.8882,guidance,0,
25.453,134.4169,-0.09496,0.06290,coast:0.320,132.8269,134.4169,1.5900,1.9298,guidance,0,
25.555,133.8736,-0.09516,0.06273,coast:0.320,132.8269,133.8736,1.0468,1.9819,guidance,0,
25.654,133.3370,-0.09483,0.06315,coast:0.320,132.8269,133.3370,0.5102,1.8316,guidance,0,
25.758,132.7883,-0.09480,0.06299,coast:0.320,132.8269,132.7883,-0.0385,1.8008,guidance,0,
25.854,132.2673,-0.09454,0.06354,coast:0.320,129.8868,132.2673,2.3805,1.9526,guidance,0,
25.953,131.7420,-0.09386,0.06357,coast:0.320,129.8868,131.7420,1.8551,1.8396,guidance,0,
26.107,130.9086,-0.09338,0.06426,coast:0.320,129.8868,130.9086,1.0218,1.7160,guidance,0,
26.204,130.3914,-0.09323,0.06453,coast:0.320,129.8868,130.3914,0.5045,1.7470,guidance,0,
26.307,129.8631,-0.09207,0.06481,coast:0.320,129.8868,129.8631,-0.0237,1.9492,guidance,0,
26.403,129.3518,-0.09119,0.06489,pulse:0:0.320,127.0735,129.3518,2.2783,1.9097,guidance,0,
26.506,128.8289,-0.09066,0.06547,pulse:0:0.320,127.0735,128.8289,1.7554,1.7361,guidance,0,
26.602,128.3234,-0.08925,0.06575,pulse:0:0.320,127.0735,128.3234,1.2499,1.9153,guidance,0,
26.705,127.8039,-0.08776,0.06609,pulse:0:0.320,127.0735,127.8039,0.7304,1.7902,guidance,0,
26.807,127.3057,-0.08610,0.06606,pulse:0:0.320,127.0735,127.3057,0.2322,1.9350,guidance,0,
26.905,126.8291,-0.08493,0.06650,pulse:0:0.320,124.7095,126.8291,2.1196,1.8465,guidance,0,
27.003,126.3481,-0.08489,0.06669,pulse:0:0.320,124.7095,126.3481,1.6386,1.9039,guidance,0,
27.103,125.8668,-0.08273,0.06696,pulse:0:0.320,124.7095,125.8668,1.1573,1.7879,guidance,0,
27.203,125.4007,-0.08183,0.06663,pulse:0:0.320,124.7095,125.4007,0.6912,1.7833,guidance,0,
27.306,124.9234,-0.08013,0.06679,pulse:0:0.320,124.7095,124.9234,0.2139,1.8772,guidance,0,
27.403,124.4710,-0.07961,0.06624,pulse:0:0.320,124.7095,124.4710,-0.2385,1.8872,guidance,0,
27.505,124.0134,-0.07997,0.06640,pulse:1+4:0.160,122.7293,124.0134,1.2841,1.7294,guidance,0,
27.605,123.5589,-0.07969,0.06636,pulse:1+4:0.160,122.7293,123.5589,0.8296,1.8267,guidance,0,
27.707,123.0613,-0.08185,0.06618,pulse:1+4:0.160,122.7293,123.0613,0.3319,1.8771,guidance,0,
27.804,122.5844,-0.08399,0.06681,pulse:1+4:0.160,122.7293,122.5844,-0.1449,1.7480,guidance,0,
27.857,122.3368,-0.08421,0.06634,pulse:1+4:0.160,122.7293,122.3368,-0.3925,1.8083,guidance,0,
28.008,121.6197,-0.08432,0.06623,coast:0.320,119.4992,121.6197,2.1205,1.7908,guidance,0,
28.103,121.1593,-0.08429,0.06573,coast:0.320,119.4992,121.1593,1.6602,1.9013,guidance,0,
28.207,120.6502,-0.08479,0.06648,coast:0.320,119.4992,120.6502,1.1511,1.9464,guidance,0,
28.302,120.1702,-0.08600,0.06666,coast:0.320,119.4992,120.1702,0.6710,1.9206,guidance,0,
28.407,119.6579,-0.08584,0.06666,coast:0.320,119.4992,119.6579,0.1587,1.8726,guidance,0,
28.504,119.1876,-0.08613,0.06684,coast:0.320,119.4992,119.1876,-0.3115,1.9043,guidance,0,
28.604,118.6871,-0.08692,0.06718,pulse:0:0.320,116.5189,118.6871,2.1682,1.9214,guidance,0,
28.707,118.1817,-0.08667,0.06655,pulse:0:0.320,116.5189,118.1817,1.6628,1.7508,guidance,0,
28.805,117.6954,-0.08684,0.06768,pulse:0:0.320,116.5189,117.6954,1.1765,1.7017,guidance,0,
28.907,117.1903,-0.08519,0.06810,pulse:0:0.320,116.5189,117.1903,0.6714,1.8388,guidance,0,
29.005,116.7271,-0.08388,0.06752,pulse:0:0.320,116.5189,116.7271,0.2082,1.7659,guidance,0,
29.106,116.2213,-0.08376,0.06756,pulse:0:0.320,114.1332,116.2213,2.0881,1.8256,guidance,0,
29.202,115.7440,-0.08430,0.06823,pulse:0:0.320,114.1332,115.7440,1.6108,1.7892,guidance,0,
29.307,115.2306,-0.08286,0.06809,pulse:0:0.320,114.1332,115.2306,1.0974,1.9474,guidance,0,
29.404,114.7831,-0.08176,0.06885,pulse:0:0.320,114.1332,114.7831,0.6499,1.8955,guidance,0,
29.503,114.3055,-0.08068,0.06813,pulse:0:0.320,114.1332,114.3055,0.1723,1.9627,guidance,0,
29.605,113.8404,-0.07986,0.06888,pulse:0:0.320,114.1332,113.8404,-0.2928,1.7861,guidance,0,
29.702,113.3859,-0.07980,0.06871,pulse:0:0.320,111.3985,113.3859,1.9874,1.8531,guidance,0,
29.804,112.9222,-0.07942,0.06891,pulse:0:0.320,111.3985,112.9222,1.5237,1.8125,guidance,0,
29.905,112.4515,-0.07901,0.06888,pulse:0:0.320,111.3985,112.4515,1.0530,1.6784,guidance,0,
30.006,112.0195,-0.07730,0.06912,pulse:0:0.320,111.3985,112.0195,0.6210,1.8079,guidance,0,
30.107,111.6069,-0.07617,0.06928,pulse:0:0.320,111.3985,111.6069,0.2084,1.9015,guidance,0,
30.202,111.1702,-0.07531,0.06906,pulse:0:0.320,111.3985,111.1702,-0.2284,1.9467,guidance,0,
30.303,110.7394,-0.07533,0.06971,pulse:0:0.320,108.8655,110.7394,1.8738,1.7237,guidance,0,
30.404,110.3212,-0.07513,0.06990,pulse:0:0.320,108.8655,110.3212,1.4557,1.9220,guidance,0,
30.504,109.9045,-0.07348,0.06955,pulse:0:0.320,108.8655,109.9045,1.0390,1.8016,guidance,0,
30.604,109.5013,-0.07201,0.07018,pulse:0:0.320,108.8655,109.5013,0.6358,1.7713,guidance,0,
30.706,109.1012,-0.07050,0.06996,pulse:0:0.320,108.8655,109.1012,0.2357,1.7224,guidance,0,
30.808,108.6747,-0.07019,0.06926,pulse:0:0.320,106.9307,108.6747,1.7441,1.7084,guidance,0,
30.902,108.2735,-0.07019,0.06990,pulse:0:0.320,106.9307,108.2735,1.3428,1.8721,guidance,0,
31.007,107.8552,-0.06875,0.07043,pulse:0:0.320,106.9307,107.8552,0.9245,1.7384,guidance,0,
31.107,107.4691,-0.06785,0.06983,pulse:0:0.320,106.9307,107.4691,0.5384,1.6579,guidance,0,
31.206,107.0912,-0.06604,0.07069,pulse:0:0.320,106.9307,107.0912,0.1605,1.6830,guidance,0,
31.302,106.7206,-0.06506,0.07031,pulse:0:0.320,106.9307,106.7206,-0.2101,1.8592,guidance,0,
31.407,106.3386,-0.06596,0.07039,coast:0.320,104.6853,106.3386,1.6533,1.7751,guidance,0,
31.503,105.9834,-0.06523,0.07118,coast:0.320,104.6853,105.9834,1.2981,1.7512,guidance,0,
31.605,105.6037,-0.06520,0.07050,coast:0.320,104.6853,105.6037,0.9184,1.8104,guidance,0,
31.704,105.2385,-0.06623,0.07108,coast:0.320,104.6853,105.2385,0.5532,1.7840,guidance,0,
31.805,104.8604,-0.06541,0.07135,coast:0.320,104.6853,104.8604,0.1751,1.7881,guidance,0,
31.907,104.4947,-0.06504,0.07177,coast:0.320,104.6853,104.4947,-0.1906,1.6824,guidance,0,
32.003,104.1130,-0.06605,0.07143,pulse:0:0.320,102.4806,104.1130,1.6324,1.8511,guidance,0,
32.106,103.7234,-0.06555,0.07207,pulse:0:0.320,102.4806,103.7234,1.2428,1.7063,guidance,0,
32.203,103.3707,-0.06503,0.07206,pulse:0:0.320,102.4806,103.3707,0.8901,1.7809,guidance,0,
32.302,103.0003,-0.06369,0.07204,pulse:0:0.320,102.4806,103.0003,0.5197,1.6896,guidance,0,
32.403,102.6415,-0.06253,0.07179,pulse:0:0.320,102.4806,102.6415,0.1609,1.8090,guidance,0,
32.507,102.2481,-0.06230,0.07242,pulse:0:0.320,100.7109,102.2481,1.5372,1.6886,guidance,0,
32.606,101.9073,-0.06238,0.07208,pulse:0:0.320,100.7109,101.9073,1.1964,1.8180,guidance,0,
32.705,101.5378,-0.06138,0.07239,pulse:0:0.320,100.7109,101.5378,0.8269,1.8776,guidance,0,
32.806,101.1975,-0.06039,0.07280,pulse:0:0.320,100.7109,101.1975,0.4866,1.8249,guidance,0,
32.905,100.8555,-0.05893,0.07180,pulse:0:0.320,100.7109,100.8555,0.1446,1.9111,guidance,0,
33.006,100.5158,-0.05852,0.07313,pulse:0:0.320,100.7109,100.5158,-0.1951,1.7383,guidance,0,
33.102,100.1855,-0.05886,0.07232,pulse:0:0.320,98.7355,100.1855,1.4500,1.6627,guidance,0,
33.207,99.8382,-0.05852,0.07314,pulse:0:0.320,98.7355,99.8382,1.1027,1.7615,guidance,0,
33.303,99.5216,-0.05838,0.07282,pulse:0:0.320,98.7355,99.5216,0.7861,1.8661,guidance,0,
33.405,99.1942,-0.05655,0.07283,pulse:0:0.320,98.7355,99.1942,0.4587,1.8910,guidance,0,
33.506,98.8645,-0.05529,0.07245,pulse:0:0.320,98.7355,98.8645,0.1290,1.6825,guidance,0,
33.607,98.5511,-0.05503,0.07306,pulse:0:0.320,97.1982,98.5511,1.3529,1.7388,guidance,0,
33.708,98.2497,-0.05420,0.07320,pulse:0:0.320,97.1982,98.2497,1.0515,1.7528,guidance,0,
33.806,97.9313,-0.05381,0.07328,pulse:0:0.320,97.1982,97.9313,0.7330,1.6587,guidance,0,
33.903,97.6307,-0.05234,0.07308,pulse:0:0.320,97.1982,97.6307,0.4325,1.7575,guidance,0,
34.006,97.3382,-0.05055,0.07325,pulse:0:0.320,97.1982,97.3382,0.1399,1.7207,guidance,0,
34.105,97.0276,-0.05027,0.07350,pulse:0:0.320,97.1982,97.0276,-0.1707,1.7245,guidance,0,
34.203,96.7411,-0.05053,0.07297,pulse:0:0.320,95.5020,96.7411,1.2391,1.8648,guidance,0,
34.304,96.4484,-0.05001,0.07379,pulse:0:0.320,95.5020,96.4484,0.9464,1.8988,guidance,0,
34.404,96.1628,-0.04968,0.07422,pulse:0:0.320,95.5020,96.1628,0.6609,1.9013,guidance,0,
34.500,95.8783,-0.04812,0.07411,pulse:0:0.320,95.5020,95.8783,0.3764,1.8589,guidance,0,
34.599,95.6340,-0.04607,0.07405,pulse:0:0.320,95.5020,95.6340,0.1320,1.8570,guidance,0,
34.699,95.3837,-0.04556,0.07410,pulse:0:0.320,95.5020,95.3837,-0.1183,1.7147,guidance,0,
34.801,95.1267,-0.04504,0.07464,pulse:0:0.320,94.0271,95.1267,1.0996,1.6480,guidance,0,
34.901,94.8721,-0.04494,0.07470,pulse:0:0.320,94.0271,94.8721,0.8451,1.8229,guidance,0,
34.998,94.6432,-0.04402,0.07482,pulse:0:0.320,94.0271,94.6432,0.6161,1.8443,guidance,0,
35.103,94.3863,-0.04238,0.07471,pulse:0:0.320,94.0271,94.3863,0.3592,1.6437,guidance,0,
35.201,94.1449,-0.04157,0.07375,pulse:0:0.320,94.0271,94.1449,0.1179,1.8012,guidance,0,
35.300,93.9216,-0.04056,0.07443,pulse:0:0.320,94.0271,93.9216,-0.1054,1.6328,guidance,0,
35.402,93.6724,-0.04123,0.07473,pulse:0:0.320,92.6690,93.6724,1.0034,1.8012,guidance,0,
35.498,93.4273,-0.04114,0.07473,pulse:0:0.320,92.6690,93.4273,0.7584,1.7106,guidance,0,
35.597,93.2000,-0.03974,0.07494,pulse:0:0.320,92.6690,93.2000,0.5310,1.6979,guidance,0,
35.699,92.9914,-0.03814,0.07471,pulse:0:0.320,92.6690,92.9914,0.3224,1.6510,guidance,0,
35.799,92.7789,-0.03740,0.07430,pulse:0:0.320,92.6690,92.7789,0.1099,1.6850,guidance,0,
35.900,92.5718,-0.03693,0.07407,pulse:0:0.320,92.6690,92.5718,-0.0972,1.6702,guidance,0,
36.003,92.3539,-0.03700,0.07424,pulse:0:0.320,91.4573,92.3539,0.8966,1.6590,guidance,0,
36.102,92.1621,-0.03684,0.07460,pulse:0:0.320,91.4573,92.1621,0.7049,1.6330,guidance,0,
36.202,91.9647,-0.03584,0.07421,pulse:0:0.320,91.4573,91.9647,0.5074,1.6815,guidance,0,
36.299,91.7633,-0.03446,0.07455,pulse:0:0.320,91.4573,91.7633,0.3060,1.8182,guidance,0,
36.399,91.5748,-0.03318,0.07395,pulse:0:0.320,91.4573,91.5748,0.1176,1.7839,guidance,0,
36.498,91.3796,-0.03280,0.07357,pulse:0:0.320,91.4573,91.3796,-0.0776,1.7340,guidance,0,
36.602,91.1581,-0.03231,0.07436,pulse:0:0.320,90.3799,91.1581,0.7782,1.6948,guidance,0,
36.700,90.9885,-0.03243,0.07454,pulse:0:0.320,90.3799,90.9885,0.6085,1.7635,guidance,0,
36.799,90.7972,-0.03159,0.07427,pulse:0:0.320,90.3799,90.7972,0.4173,1.6100,guidance,0,
36.897,90.6187,-0.03034,0.07408,pulse:0:0.320,90.3799,90.6187,0.2388,1.8167,guidance,0,
37.001,90.4598,-0.02907,0.07426,pulse:0:0.320,90.3799,90.4598,0.0798,1.7094,guidance,0,
37.099,90.2750,-0.02858,0.07415,pulse:0:0.320,90.3799,90.2750,-0.1050,1.8041,guidance,0,
37.198,90.1107,-0.02799,0.07429,pulse:0:0.320,89.4414,90.1107,0.6693,1.6845,guidance,0,
37.298,89.9491,-0.02803,0.07448,pulse:0:0.320,89.4414,89.9491,0.5077,1.6993,guidance,0,
37.402,89.7912,-0.02708,0.07426,pulse:0:0.320,89.4414,89.7912,0.3498,1.6036,guidance,0,
37.500,89.6486,-0.02508,0.07373,pulse:0:0.320,89.4414,89.6486,0.2072,1.5673,guidance,0,
37.599,89.5100,-0.02464,0.07428,pulse:0:0.320,89.4414,89.5100,0.0686,1.7025,guidance,0,
37.699,89.3670,-0.02359,0.07420,pulse:0:0.320,88.8086,89.3670,0.5585,1.8068,guidance,0,
37.803,89.2092,-0.02374,0.07464,pulse:0:0.320,88.8086,89.2092,0.4006,1.7330,guidance,0,
37.900,89.0796,-0.02230,0.07403,pulse:0:0.320,88.8086,89.0796,0.2710,1.7833,guidance,0,
38.000,88.9627,-0.02083,0.07389,pulse:0:0.320,88.8086,88.9627,0.1542,1.8639,guidance,0,
38.102,88.8476,-0.01919,0.07366,pulse:0:0.320,88.8086,88.8476,0.0390,1.6974,guidance,0,
38.199,88.7311,-0.01991,0.07389,pulse:0+5:0.160,88.4219,88.7311,0.3093,1.6594,guidance,0,
38.300,88.6166,-0.01903,0.07420,pulse:0+5:0.160,88.4219,88.6166,0.1947,1.6517,guidance,0,
38.401,88.5087,-0.01871,0.07366,pulse:0+5:0.160,88.4219,88.5087,0.0869,1.5694,guidance,0,
38.501,88.4168,-0.01774,0.07239,pulse:0+5:0.160,88.4219,88.4168,-0.0050,1.7180,guidance,0,
38.599,88.3260,-0.01768,0.07301,pulse:0+5:0.160,88.4219,88.3260,-0.0958,1.8139,guidance,0,
38.700,88.2241,-0.01785,0.07301,pulse:2:0.320,87.7740,88.2241,0.4501,1.7535,guidance,0,
38.747,88.1865,-0.01760,0.07295,pulse:2:0.320,87.7740,88.1865,0.4125,1.7200,guidance,0,
38.901,88.0310,-0.01851,0.07300,pulse:2:0.320,87.7740,88.0310,0.2570,1.7350,guidance,0,
39.001,87.9163,-0.01893,0.07258,pulse:2:0.320,87.7740,87.9163,0.1423,1.7266,guidance,0,
39.102,87.7888,-0.01911,0.07203,pulse:2:0.320,87.7740,87.7888,0.0148,1.6212,guidance,0,
39.201,87.6869,-0.01958,0.07177,pulse:0+2:0.320,87.2127,87.6869,0.4742,1.7639,guidance,0,
39.299,87.5964,-0.01905,0.07180,pulse:0+2:0.320,87.2127,87.5964,0.3837,1.6851,guidance,0,
39.399,87.4951,-0.01851,0.07150,pulse:0+2:0.320,87.2127,87.4951,0.2824,1.7440,guidance,0,
39.502,87.3914,-0.01823,0.07055,pulse:0+2:0.320,87.2127,87.3914,0.1786,1.6391,guidance,0,
39.600,87.2963,-0.01785,0.06999,pulse:0+2:0.320,87.2127,87.2963,0.0835,1.6118,guidance,0,
39.701,87.2020,-0.01697,0.06907,pulse:0+2:0.320,86.7923,87.2020,0.4097,1.6409,guidance,0,
39.802,87.1122,-0.01686,0.06904,pulse:0+2:0.320,86.7923,87.1122,0.3198,1.6216,guidance,0,
39.899,87.0026,-0.01617,0.06848,pulse:0+2:0.320,86.7923,87.0026,0.2103,1.7565,guidance,0,
40.001,86.9144,-0.01506,0.06709,pulse:0+2:0.320,86.7923,86.9144,0.1221,1.6199,guidance,0,
40.100,86.8311,-0.01479,0.06665,pulse:0+2:0.320,86.7923,86.8311,0.0388,1.5397,guidance,0,
40.199,86.7573,-0.01460,0.06649,pulse:0+2:0.320,86.7923,86.7573,-0.0351,1.5985,guidance,0,
40.302,86.6807,-0.01371,0.06669,pulse:2+5:0.320,86.3275,86.6807,0.3532,1.7278,guidance,0,
40.398,86.5931,-0.01336,0.06648,pulse:2+5:0.320,86.3275,86.5931,0.2656,1.6335,guidance,0,
40.500,86.5143,-0.01365,0.06603,pulse:2+5:0.320,86.3275,86.5143,0.1868,1.7348,guidance,0,
40.599,86.4532,-0.01451,0.06509,pulse:2+5:0.320,86.3275,86.4532,0.1257,1.6295,guidance,0,
40.701,86.3794,-0.01472,0.06403,pulse:2+5:0.320,86.3275,86.3794,0.0519,1.5199,guidance,0,
40.802,86.2909,-0.01510,0.06433,pulse:2+5:0.320,85.9013,86.2909,0.3896,1.6644,guidance,0,
40.902,86.2339,-0.01485,0.06417,pulse:2+5:0.320,85.9013,86.2339,0.3326,1.6415,guidance,0,
41.001,86.1425,-0.01494,0.06379,pulse:2+5:0.320,85.9013,86.1425,0.2412,1.6911,guidance,0,
41.102,86.0264,-0.01583,0.06319,pulse:2+5:0.320,85.9013,86.0264,0.1250,1.6940,guidance,0,
41.198,85.9378,-0.01631,0.06198,pulse:2+5:0.320,85.9013,85.9378,0.0364,1.7185,guidance,0,
41.298,85.8469,-0.01695,0.06215,pulse:2+5:0.320,85.9013,85.8469,-0.0544,1.6277,guidance,0,
41.399,85.7592,-0.01664,0.06247,pulse:2+5:0.320,85.3298,85.7592,0.4294,1.6269,guidance,0,
41.501,85.6821,-0.01643,0.06198,pulse:2+5:0.320,85.3298,85.6821,0.3523,1.5515,guidance,0,
41.600,85.5783,-0.01685,0.06135,pulse:2+5:0.320,85.3298,85.5783,0.2485,1.7072,guidance,0,
41.697,85.4767,-0.01763,0.06031,pulse:2+5:0.320,85.3298,85.4767,0.1469,1.7280,guidance,0,
41.802,85.3563,-0.01916,0.06001,pulse:2+5:0.320,85.3298,85.3563,0.0266,1.5786,guidance,0,
41.901,85.2430,-0.01886,0.05939,pulse:2:0.320,84.7624,85.2430,0.4806,1.4826,guidance,0,
41.997,85.1400,-0.01917,0.06017,pulse:2:0.320,84.7624,85.1400,0.3776,1.5574,guidance,0,
42.100,85.0187,-0.01901,0.05946,pulse:2:0.320,84.7624,85.0187,0.2563,1.5557,guidance,0,
42.200,84.9136,-0.01980,0.05895,pulse:2:0.320,84.7624,84.9136,0.1511,1.6186,guidance,0,
42.300,84.8092,-0.02071,0.05903,pulse:2:0.320,84.7624,84.8092,0.0468,1.5434,guidance,0,
42.399,84.6934,-0.02085,0.05912,pulse:2:0.320,84.7624,84.6934,-0.0690,1.5408,guidance,0,
42.503,84.5422,-0.02005,0.05833,pulse:2:0.320,84.0313,84.5422,0.5109,1.5246,guidance,0,
42.599,84.4284,-0.02009,0.05842,pulse:2:0.320,84.0313,84.4284,0.3971,1.4678,guidance,0,
42.702,84.3137,-0.02096,0.05829,pulse:2:0.320,84.0313,84.3137,0.2824,1.6398,guidance,0,
42.798,84.2016,-0.02147,0.05802,pulse:2:0.320,84.0313,84.2016,0.1703,1.6442,guidance,0,
42.898,84.0733,-0.02185,0.05787,pulse:2:0.320,84.0313,84.0733,0.0420,1.4913,guidance,0,
42.999,83.9480,-0.02206,0.05795,pulse:2:0.320,84.0313,83.9480,-0.0833,1.6726,guidance,0,
43.103,83.8169,-0.02177,0.05727,pulse:2:0.320,83.2624,83.8169,0.5546,1.5910,guidance,0,
43.197,83.6913,-0.02102,0.05742,pulse:2:0.320,83.2624,83.6913,0.4290,1.7264,guidance,0,
43.302,83.5582,-0.02137,0.05733,pulse:2:0.320,83.2624,83.5582,0.2958,1.7310,guidance,0,
43.402,83.4153,-0.02197,0.05673,pulse:2:0.320,83.2624,83.4153,0.1529,1.5311,guidance,0,
43.499,83.2723,-0.02229,0.05682,pulse:2:0.320,83.2624,83.2723,0.0099,1.5409,guidance,0,
43.599,83.1490,-0.02188,0.05651,pulse:2:0.320,83.2624,83.1490,-0.1134,1.4564,guidance,0,
43.698,83.0106,-0.02233,0.05608,pulse:2+5:0.320,82.4338,83.0106,0.5768,1.4845,guidance,0,
43.798,82.8777,-0.02158,0.05686,pulse:2+5:0.320,82.4338,82.8777,0.4439,1.6815,guidance,0,
43.899,82.7450,-0.02166,0.05656,pulse:2+5:0.320,82.4338,82.7450,0.3112,1.6132,guidance,0,
43.999,82.6182,-0.02261,0.05468,pulse:2+5:0.320,82.4338,82.6182,0.1844,1.5157,guidance,0,
44.101,82.4912,-0.02341,0.05490,pulse:2+5:0.320,82.4338,82.4912,0.0574,1.6146,guidance,0,
44.197,82.3623,-0.02382,0.05440,pulse:2+5:0.320,82.4338,82.3623,-0.0715,1.5829,guidance,0,
44.298,82.2391,-0.02290,0.05421,pulse:2:0.320,81.6553,82.2391,0.5838,1.4621,guidance,0,
44.399,82.1033,-0.02276,0.05398,pulse:2:0.320,81.6553,82.1033,0.4480,1.4355,guidance,0,
44.501,81.9722,-0.02355,0.05437,pulse:2:0.320,81.6553,81.9722,0.3169,1.6666,guidance,0,
44.598,81.8665,-0.02378,0.05387,pulse:2:0.320,81.6553,81.8665,0.2112,1.7261,guidance,0,
44.701,81.7136,-0.02420,0.05389,pulse:2:0.320,81.6553,81.7136,0.0583,1.5221,guidance,0,
44.803,81.5921,-0.02440,0.05344,pulse:2:0.320,80.9704,81.5921,0.6218,1.6102,guidance,0,
44.897,81.4634,-0.02430,0.05344,pulse:2:0.320,80.9704,81.4634,0.4930,1.6935,guidance,0,
45.000,81.3396,-0.02481,0.05286,pulse:2:0.320,80.9704,81.3396,0.3692,1.4765,guidance,0,
45.100,81.2097,-0.02506,0.05284,pulse:2:0.320,80.9704,81.2097,0.2393,1.5027,guidance,0,
45.201,81.0604,-0.02557,0.05272,pulse:2:0.320,80.9704,81.0604,0.0901,1.6269,guidance,0,
45.303,80.9128,-0.02622,0.05290,pulse:2:0.320,80.9704,80.9128,-0.0576,1.6646,guidance,0,
45.402,80.7513,-0.02604,0.05332,pulse:2:0.320,80.0882,80.7513,0.6631,1.7224,guidance,0,
45.499,80.6036,-0.02598,0.05310,pulse:2:0.320,80.0882,80.6036,0.5154,1.4796,guidance,0,
45.598,80.4489,-0.02666,0.05295,pulse:2:0.320,80.0882,80.4489,0.3607,1.5298,guidance,0,
45.700,80.2873,-0.02759,0.05246,pulse:2:0.320,80.0882,80.2873,0.1991,1.4962,guidance,0,
45.799,80.1529,-0.02822,0.05207,pulse:2:0.320,80.0882,80.1529,0.0647,1.5374,guidance,0,
45.898,79.9758,-0.02775,0.05284,pulse:2:0.320,80.0882,79.9758,-0.1124,1.5653,guidance,0,
46.002,79.7968,-0.02806,0.05199,pulse:0:0.320,79.1150,79.7968,0.6818,1.5406,guidance,0,
46.100,79.6488,-0.02791,0.05259,pulse:0:0.320,79.1150,79.6488,0.5338,1.5237,guidance,0,
46.200,79.5150,-0.02667,0.05197,pulse:0:0.320,79.1150,79.5150,0.4000,1.4648,guidance,0,
46.298,79.3820,-0.02630,0.05131,pulse:0:0.320,79.1150,79.3820,0.2670,1.5839,guidance,0,
46.403,79.2211,-0.02461,0.05077,pulse:0:0.320,79.1150,79.2211,0.1060,1.5538,guidance,0,
46.499,79.1047,-0.02417,0.05069,pulse:0:0.320,79.1150,79.1047,-0.0104,1.5607,guidance,0,
46.600,78.9620,-0.02396,0.05087,pulse:0:0.320,78.3827,78.9620,0.5793,1.4411,guidance,0,
46.698,78.8179,-0.02381,0.05108,pulse:0:0.320,78.3827,78.8179,0.4352,1.6213,guidance,0,
46.801,78.6904,-0.02287,0.05038,pulse:0:0.320,78.3827,78.6904,0.3077,1.6740,guidance,0,
46.899,78.5611,-0.02162,0.04977,pulse:0:0.320,78.3827,78.5611,0.1784,1.6929,guidance,0,
47.003,78.4485,-0.02027,0.04843,pulse:0:0.320,78.3827,78.4485,0.0658,1.5842,guidance,0,
47.099,78.3389,-0.02024,0.04896,pulse:0:0.320,78.3827,78.3389,-0.0438,1.5134,guidance,0,
47.202,78.2182,-0.02047,0.04919,pulse:0:0.320,77.7263,78.2182,0.4920,1.4083,guidance,0,
47.302,78.0941,-0.01932,0.04991,pulse:0:0.320,77.7263,78.0941,0.3678,1.4639,guidance,0,
47.399,78.0038,-0.01897,0.04948,pulse:0:0.320,77.7263,78.0038,0.2776,1.5780,guidance,0,
47.498,77.9074,-0.01800,0.04847,pulse:0:0.320,77.7263,77.9074,0.1812,1.4944,guidance,0,
47.598,77.8110,-0.01743,0.04811,pulse:0:0.320,77.7263,77.8110,0.0847,1.5540,guidance,0,
47.648,77.7790,-0.01689,0.04752,pulse:0:0.320,77.7263,77.7790,0.0527,1.6044,guidance,0,
47.803,77.6171,-0.01672,0.04770,pulse:0:0.320,77.2188,77.6171,0.3983,1.6251,guidance,0,
47.903,77.5258,-0.01754,0.04807,pulse:0:0.320,77.2188,77.5258,0.3070,1.6614,guidance,0,
47.999,77.4311,-0.01671,0.04785,pulse:0:0.320,77.2188,77.4311,0.2123,1.4494,guidance,0,
48.098,77.3283,-0.01596,0.04754,pulse:0:0.320,77.2188,77.3283,0.1095,1.4809,guidance,0,
48.203,77.2109,-0.01493,0.04691,pulse:0:0.320,77.2188,77.2109,-0.0079,1.6462,guidance,0,
48.298,77.1444,-0.01491,0.04692,pulse:0:0.320,77.2188,77.1444,-0.0744,1.6693,guidance,0,
48.399,77.0480,-0.01480,0.04703,pulse:0:0.320,76.6976,77.0480,0.3504,1.4396,guidance,0,
48.501,76.9421,-0.01540,0.04730,pulse:0:0.320,76.6976,76.9421,0.2445,1.4936,guidance,0,
48.603,76.8614,-0.01481,0.04685,pulse:0:0.320,76.6976,76.8614,0.1638,1.4099,guidance,0,
48.702,76.8011,-0.01474,0.04676,pulse:0:0.320,76.6976,76.8011,0.1035,1.5314,guidance,0,
48.800,76.7304,-0.01374,0.04614,pulse:0:0.320,76.6976,76.7304,0.0328,1.5553,guidance,0,
48.901,76.6645,-0.01374,0.04586,pulse:0:0.320,76.3400,76.6645,0.3245,1.4545,guidance,0,
49.001,76.5889,-0.01401,0.04639,pulse:0:0.320,76.3400,76.5889,0.2489,1.4786,guidance,0,
49.099,76.5117,-0.01313,0.04623,pulse:0:0.320,76.3400,76.5117,0.1716,1.5773,guidance,0,
49.200,76.4479,-0.01236,0.04539,pulse:0:0.320,76.3400,76.4479,0.1079,1.4542,guidance,0,
49.250,76.4007,-0.01193,0.04496,pulse:0:0.320,76.3400,76.4007,0.0607,1.5572,guidance,0,
49.402,76.2727,-0.01149,0.04465,pulse:0:0.320,76.0044,76.2727,0.2683,1.4608,guidance,0,
49.501,76.2177,-0.01091,0.04491,pulse:0:0.320,76.0044,76.2177,0.2133,1.4381,guidance,0,
49.599,76.1655,-0.01007,0.04398,pulse:0:0.320,76.0044,76.1655,0.1611,1.4466,guidance,0,
49.700,76.1071,-0.00905,0.04391,pulse:0:0.320,76.0044,76.1071,0.1027,1.6234,guidance,0,
49.800,76.0492,-0.00841,0.04283,pulse:0:0.320,76.0044,76.0492,0.0448,1.6647,guidance,0,
49.853,76.0289,-0.00781,0.04285,pulse:0:0.320,76.0044,76.0289,0.0245,1.5940,guidance,0,
50.001,75.9518,-0.00812,0.04303,pulse:0:0.320,75.7676,75.9518,0.1842,1.4618,guidance,0,
50.099,75.9280,-0.00761,0.04289,pulse:0:0.320,75.7676,75.9280,0.1604,1.5632,guidance,0,
50.199,75.8825,-0.00658,0.04248,pulse:0:0.320,75.7676,75.8825,0.1149,1.3926,guidance,0,
50.302,75.8330,-0.00571,0.04199,pulse:0:0.320,75.7676,75.8330,0.0654,1.3746,guidance,0,
50.397,75.7999,-0.00510,0.04140,pulse:0:0.320,75.7676,75.7999,0.0323,1.4712,guidance,0,
50.501,75.7730,-0.00462,0.04134,pulse:0:0.320,75.7676,75.7730,0.0054,1.5173,guidance,0,
50.601,75.7600,-0.00402,0.04078,pulse:0:0.320,75.6779,75.7600,0.0820,1.3823,guidance,0,
50.699,75.7426,-0.00426,0.04094,pulse:0:0.320,75.6779,75.7426,0.0647,1.4921,guidance,0,
50.800,75.7101,-0.00367,0.04040,pulse:0:0.320,75.6779,75.7101,0.0322,1.5793,guidance,0,
50.899,75.6929,-0.00322,0.03985,pulse:0:0.320,75.6779,75.6929,0.0150,1.4667,guidance,0,
50.998,75.6996,-0.00225,0.03920,pulse:0:0.320,75.6779,75.6996,0.0217,1.4768,guidance,0,
51.100,75.6829,-0.00207,0.03911,pulse:0:0.320,75.6779,75.6829,0.0049,1.6102,guidance,0,
51.201,75.6718,-0.00137,0.03923,pulse:0:0.320,75.6557,75.6718,0.0161,1.5581,guidance,0,
51.301,75.6709,-0.00184,0.03901,pulse:0:0.320,75.6557,75.6709,0.0152,1.3978,guidance,0,
51.397,75.6444,-0.00105,0.03886,pulse:0:0.320,75.6557,75.6444,-0.0113,1.5492,guidance,0,
51.497,75.6493,-0.00051,0.03850,pulse:0:0.320,75.6557,75.6493,-0.0064,1.5649,guidance,0,
51.597,75.6246,0.00015,0.03793,pulse:0:0.320,75.6557,75.6246,-0.0311,1.5487,guidance,0,
51.699,75.6370,0.00068,0.03800,pulse:0:0.320,75.6557,75.6370,-0.0187,1.5689,guidance,0,
51.799,75.6199,-0.00005,0.03767,pulse:2+5:0.160,75.6151,75.6199,0.0048,1.5935,guidance,0,
51.899,75.6217,0.00045,0.03754,pulse:2+5:0.160,75.6151,75.6217,0.0066,1.5747,guidance,0,
51.998,75.6316,-0.00116,0.03792,pulse:2+5:0.160,75.6151,75.6316,0.0165,1.5192,guidance,0,
52.099,75.6005,-0.00180,0.03730,pulse:2+5:0.160,75.6151,75.6005,-0.0145,1.4425,guidance,0,
52.198,75.5820,-0.00230,0.03750,pulse:2+5:0.160,75.6151,75.5820,-0.0331,1.4119,guidance,0,
52.300,75.5722,-0.00152,0.03760,pulse:0+5:0.160,75.5499,75.5722,0.0223,1.4201,guidance,0,
52.397,75.5489,-0.00233,0.03830,pulse:0+5:0.160,75.5499,75.5489,-0.0010,1.4013,guidance,0,
52.500,75.5350,-0.00249,0.03765,pulse:0+5:0.160,75.5499,75.5350,-0.0150,1.3809,guidance,0,
52.603,75.5261,-0.00201,0.03694,pulse:0+5:0.160,75.5499,75.5261,-0.0239,1.4916,guidance,0,
52.701,75.5102,-0.00212,0.03681,pulse:0+5:0.160,75.5499,75.5102,-0.0398,1.4678,guidance,0,
52.799,75.4935,-0.00228,0.03654,pulse:0+5:0.160,75.5499,75.4935,-0.0564,1.4572,guidance,0,
52.899,75.4756,-0.00186,0.03736,pulse:2+5:0.160,75.4416,75.4756,0.0340,1.4611,guidance,0,
52.999,75.4714,-0.00180,0.03713,pulse:2+5:0.160,75.4416,75.4714,0.0297,1.3769,guidance,0,
53.099,75.4657,-0.00324,0.03716,pulse:2+5:0.160,75.4416,75.4657,0.0241,1.4466,guidance,0,
53.197,75.4445,-0.00372,0.03643,pulse:2+5:0.160,75.4416,75.4445,0.0029,1.5636,guidance,0,
53.301,75.4096,-0.00365,0.03683,pulse:2+5:0.160,75.4416,75.4096,-0.0320,1.5684,guidance,0,
53.400,75.3742,-0.00334,0.03640,pulse:0+2:0.160,75.3215,75.3742,0.0526,1.4942,guidance,0,
53.500,75.3592,-0.00409,0.03668,pulse:0+2:0.160,75.3215,75.3592,0.0377,1.4694,guidance,0,
53.601,75.3713,-0.00290,0.03578,pulse:0+2:0.160,75.3215,75.3713,0.0498,1.4361,guidance,0,
53.699,75.3575,-0.00313,0.03481,pulse:0+2:0.160,75.3215,75.3575,0.0360,1.4790,guidance,0,
53.797,75.3189,-0.00306,0.03449,pulse:0+2:0.160,75.3215,75.3189,-0.0026,1.4989,guidance,0,
53.902,75.3092,-0.00243,0.03487,pulse:0+2:0.320,75.2474,75.3092,0.0619,1.5055,guidance,0,
53.999,75.2687,-0.00212,0.03457,pulse:0+2:0.320,75.2474,75.2687,0.0213,1.3764,guidance,0,
54.100,75.2601,-0.00256,0.03363,pulse:0+2:0.320,75.2474,75.2601,0.0127,1.5036,guidance,0,
54.201,75.2647,-0.00281,0.03268,pulse:0+2:0.320,75.2474,75.2647,0.0173,1.3900,guidance,0,
54.302,75.2452,-0.00199,0.03198,pulse:0+2:0.320,75.2474,75.2452,-0.0022,1.3578,guidance,0,
54.400,75.2197,-0.00273,0.03114,pulse:0+2:0.320,75.2474,75.2197,-0.0276,1.4520,guidance,0,
54.498,75.2156,-0.00237,0.03155,pulse:2:0.320,75.1432,75.2156,0.0724,1.5486,guidance,0,
54.601,75.2017,-0.00232,0.03178,pulse:2:0.320,75.1432,75.2017,0.0585,1.5162,guidance,0,
54.699,75.2113,-0.00290,0.03121,pulse:2:0.320,75.1432,75.2113,0.0681,1.4201,guidance,0,
54.802,75.1879,-0.00342,0.03120,pulse:2:0.320,75.1432,75.1879,0.0447,1.4142,guidance,0,
54.898,75.1628,-0.00395,0.03071,pulse:2:0.320,75.1432,75.1628,0.0196,1.3557,guidance,0,
55.002,75.1301,-0.00425,0.03046,pulse:2:0.320,75.0100,75.1301,0.1201,1.5026,guidance,0,
55.098,75.1147,-0.00460,0.03114,pulse:2:0.320,75.0100,75.1147,0.1047,1.3473,guidance,0,
55.198,75.0834,-0.00446,0.03069,pulse:2:0.320,75.0100,75.0834,0.0734,1.4972,guidance,0,
55.297,75.0605,-0.00571,0.03082,pulse:2:0.320,75.0100,75.0605,0.0504,1.4238,guidance,0,
55.402,75.0280,-0.00644,0.03068,pulse:2:0.320,75.0100,75.0280,0.0179,1.3622,guidance,0,
55.502,74.9973,-0.00632,0.03026,pulse:0+2:0.160,74.8961,74.9973,0.1012,1.5299,guidance,0,
55.601,74.9706,-0.00687,0.03047,pulse:0+2:0.160,74.8961,74.9706,0.0745,1.3521,guidance,0,
55.698,74.9461,-0.00599,0.02942,pulse:0+2:0.160,74.8961,74.9461,0.0500,1.3510,guidance,0,
55.799,74.8939,-0.00658,0.02907,pulse:0+2:0.160,74.8961,74.8939,-0.0022,1.3981,guidance,0,
55.899,74.8400,-0.00744,0.02906,pulse:0+2:0.160,74.8961,74.8400,-0.0561,1.4184,guidance,0,
55.998,74.7883,-0.00672,0.02906,pulse:0+2:0.160,74.8961,74.7883,-0.1078,1.4135,guidance,0,
56.101,74.7575,-0.00700,0.02867,pulse:2:0.320,74.5678,74.7575,0.1897,1.3525,guidance,0,
56.198,74.7270,-0.00685,0.02848,pulse:2:0.320,74.5678,74.7270,0.1592,1.3583,guidance,0,
56.302,74.6692,-0.00711,0.02926,pulse:2:0.320,74.5678,74.6692,0.1014,1.3287,guidance,0,
56.402,74.6304,-0.00816,0.02901,pulse:2:0.320,74.5678,74.6304,0.0626,1.3212,guidance,0,
56.501,74.5794,-0.00874,0.02844,pulse:2:0.320,74.5678,74.5794,0.0116,1.4437,guidance,0,
56.597,74.5170,-0.00876,0.02901,pulse:2:0.320,74.5678,74.5170,-0.0507,1.5328,guidance,0,
56.700,74.4709,-0.00846,0.02897,pulse:2+5:0.320,74.2303,74.4709,0.2406,1.4715,guidance,0,
56.802,74.4292,-0.00854,0.02879,pulse:2+5:0.320,74.2303,74.4292,0.1989,1.4755,guidance,0,
56.898,74.3637,-0.00905,0.02801,pulse:2+5:0.320,74.2303,74.3637,0.1334,1.5420,guidance,0,
56.999,74.3102,-0.01061,0.02788,pulse:2+5:0.320,74.2303,74.3102,0.0799,1.4391,guidance,0,
57.101,74.2505,-0.01205,0.02820,pulse:2+5:0.320,74.2303,74.2505,0.0202,1.4294,guidance,0,
57.200,74.1564,-0.01297,0.02780,pulse:2+5:0.320,74.2303,74.1564,-0.0739,1.3773,guidance,0,
57.303,74.0903,-0.01217,0.02824,pulse:2:0.320,73.7702,74.0903,0.3201,1.4406,guidance,0,
57.403,74.0196,-0.01255,0.02765,pulse:2:0.320,73.7702,74.0196,0.2493,1.5213,guidance,0,
57.500,73.9432,-0.01333,0.02803,pulse:2:0.320,73.7702,73.9432,0.1730,1.4282,guidance,0,
57.597,73.8594,-0.01345,0.02756,pulse:2:0.320,73.7702,73.8594,0.0892,1.3238,guidance,0,
57.699,73.7746,-0.01438,0.02780,pulse:2:0.320,73.7702,73.7746,0.0044,1.4358,guidance,0,
57.800,73.6995,-0.01511,0.02676,pulse:2:0.320,73.7702,73.6995,-0.0708,1.4930,guidance,0,
57.900,73.6241,-0.01381,0.02655,pulse:2:0.320,73.2622,73.6241,0.3619,1.5336,guidance,0,
58.001,73.5487,-0.01414,0.02727,pulse:2:0.320,73.2622,73.5487,0.2865,1.5230,guidance,0,
58.099,73.4970,-0.01427,0.02730,pulse:2:0.320,73.2622,73.4970,0.2347,1.5400,guidance,0,
58.197,73.3970,-0.01470,0.02573,pulse:2:0.320,73.2622,73.3970,0.1348,1.4101,guidance,0,
58.299,73.2973,-0.01541,0.02648,pulse:2:0.320,73.2622,73.2973,0.0351,1.5103,guidance,0,
58.403,73.2172,-0.01587,0.02654,pulse:2:0.320,72.8036,73.2172,0.4136,1.3578,guidance,0,
58.500,73.1201,-0.01573,0.02620,pulse:2:0.320,72.8036,73.1201,0.3165,1.2517,guidance,0,
58.602,73.0128,-0.01630,0.02594,pulse:2:0.320,72.8036,73.0128,0.2092,1.2525,guidance,0,
58.703,72.9223,-0.01686,0.02584,pulse:2:0.320,72.8036,72.9223,0.1186,1.2394,guidance,0,
58.799,72.8377,-0.01765,0.02551,pulse:2:0.320,72.8036,72.8377,0.0341,1.3094,guidance,0,
58.899,72.7147,-0.01720,0.02559,pulse:2:0.320,72.8036,72.7147,-0.0890,1.3930,guidance,0,
58.997,72.6157,-0.01752,0.02613,pulse:2:0.320,72.1604,72.6157,0.4553,1.3644,guidance,0,
59.102,72.5221,-0.01755,0.02532,pulse:2:0.320,72.1604,72.5221,0.3618,1.4436,guidance,0,
59.201,72.4285,-0.01798,0.02533,pulse:2:0.320,72.1604,72.4285,0.2681,1.4584,guidance,0,
59.298,72.3213,-0.01915,0.02537,pulse:2:0.320,72.1604,72.3213,0.1610,1.5062,guidance,0,
59.399,72.2169,-0.01956,0.02508,pulse:2:0.320,72.1604,72.2169,0.0566,1.4926,guidance,0,
59.502,72.0997,-0.01977,0.02502,pulse:2+5:0.320,71.5729,72.0997,0.5269,1.4944,guidance,0,
59.601,71.9961,-0.01915,0.02539,pulse:2+5:0.320,71.5729,71.9961,0.4233,1.4899,guidance,0,
59.699,71.8663,-0.02028,0.02487,pulse:2+5:0.320,71.5729,71.8663,0.2934,1.2797,guidance,0,
59.799,71.7485,-0.02162,0.02525,pulse:2+5:0.320,71.5729,71.7485,0.1756,1.3135,guidance,0,
59.899,71.6033,-0.02271,0.02474,pulse:2+5:0.320,71.5729,71.6033,0.0305,1.4454,guidance,0,
60.000,71.4564,-0.02407,0.02452,pulse:2+5:0.320,71.5729,71.4564,-0.1164,1.3904,guidance,0,
60.102,71.3336,-0.02395,0.02448,pulse:2+5:0.320,70.7013,71.3336,0.6324,1.4578,guidance,0,
60.199,71.1841,-0.02331,0.02469,pulse:2+5:0.320,70.7013,71.1841,0.4828,1.3250,guidance,0,
60.303,71.0258,-0.02495,0.02474,pulse:2+5:0.320,70.7013,71.0258,0.3246,1.3327,guidance,0,
60.401,70.8882,-0.02575,0.02421,pulse:2+5:0.320,70.7013,70.8882,0.1869,1.2841,guidance,0,
60.501,70.7293,-0.02695,0.02379,pulse:2+5:0.320,70.7013,70.7293,0.0280,1.2549,guidance,0,
60.602,70.5689,-0.02788,0.02446,pulse:2+5:0.320,70.7013,70.5689,-0.1324,1.3819,guidance,0,
60.700,70.4131,-0.02741,0.02401,pulse:2+5:0.320,69.6935,70.4131,0.7197,1.2985,guidance,0,
60.802,70.2516,-0.02745,0.02431,pulse:2+5:0.320,69.6935,70.2516,0.5582,1.3623,guidance,0,
60.899,70.1022,-0.02835,0.02489,pulse:2+5:0.320,69.6935,70.1022,0.4087,1.3869,guidance,0,
61.002,69.9144,-0.02973,0.02453,pulse:2+5:0.320,69.6935,69.9144,0.2210,1.2313,guidance,0,
61.098,69.7285,-0.03129,0.02437,pulse:2+5:0.320,69.6935,69.7285,0.0350,1.2419,guidance,0,
61.202,69.5507,-0.03148,0.02445,pulse:2:0.320,68.7435,69.5507,0.8072,1.2074,guidance,0,
61.303,69.3668,-0.03131,0.02431,pulse:2:0.320,68.7435,69.3668,0.6233,1.3802,guidance,0,
61.397,69.2000,-0.03227,0.02414,pulse:2:0.320,68.7435,69.2000,0.4565,1.4171,guidance,0,
61.500,69.0180,-0.03255,0.02459,pulse:2:0.320,68.7435,69.0180,0.2745,1.2767,guidance,0,
61.602,68.8359,-0.03324,0.02424,pulse:2:0.320,68.7435,68.8359,0.0924,1.3162,guidance,0,
61.698,68.6520,-0.03294,0.02443,pulse:2:0.320,68.7435,68.6520,-0.0915,1.2011,guidance,0,
61.798,68.4584,-0.03313,0.02449,pulse:5:0.320,67.6107,68.4584,0.8477,1.2594,guidance,0,
61.898,68.2593,-0.03298,0.02421,pulse:5:0.320,67.6107,68.2593,0.6486,1.3755,guidance,0,
61.998,68.0564,-0.03399,0.02448,pulse:5:0.320,67.6107,68.0564,0.4456,1.3692,guidance,0,
62.103,67.8679,-0.03429,0.02355,pulse:5:0.320,67.6107,67.8679,0.2572,1.3410,guidance,0,
62.200,67.6791,-0.03547,0.02340,pulse:5:0.320,67.6107,67.6791,0.0684,1.3072,guidance,0,
62.298,67.4814,-0.03502,0.02386,pulse:5:0.320,67.6107,67.4814,-0.1293,1.3591,guidance,0,
62.400,67.3023,-0.03531,0.02420,pulse:2:0.320,66.3988,67.3023,0.9035,1.4020,guidance,0,
62.500,67.1139,-0.03469,0.02413,pulse:2:0.320,66.3988,67.1139,0.7151,1.2278,guidance,0,
62.601,66.9072,-0.03541,0.02410,pulse:2:0.320,66.3988,66.9072,0.5084,1.3139,guidance,0,
62.699,66.7065,-0.03594,0.02367,pulse:2:0.320,66.3988,66.7065,0.3077,1.3905,guidance,0,
62.800,66.4859,-0.03655,0.02367,pulse:2:0.320,66.3988,66.4859,0.0871,1.4107,guidance,0,
62.900,66.2784,-0.03687,0.02447,pulse:5:0.320,65.3364,66.2784,0.9421,1.2789,guidance,0,
62.998,66.0740,-0.03655,0.02444,pulse:5:0.320,65.3364,66.0740,0.7376,1.4145,guidance,0,
63.099,65.8648,-0.03706,0.02457,pulse:5:0.320,65.3364,65.8648,0.5285,1.2358,guidance,0,
63.202,65.6303,-0.03830,0.02334,pulse:5:0.320,65.3364,65.6303,0.2939,1.1792,guidance,0,
63.302,65.4102,-0.03827,0.02411,pulse:5:0.320,65.3364,65.4102,0.0739,1.2793,guidance,0,
63.399,65.2015,-0.03858,0.02385,pulse:5:0.320,65.3364,65.2015,-0.1349,1.2432,guidance,0,
63.498,64.9645,-0.03869,0.02406,pulse:2:0.320,63.9761,64.9645,0.9884,1.1785,guidance,0,
63.599,64.7350,-0.03853,0.02422,pulse:2:0.320,63.9761,64.7350,0.7589,1.1514,guidance,0,
63.703,64.5052,-0.03904,0.02410,pulse:2:0.320,63.9761,64.5052,0.5291,1.2862,guidance,0,
63.802,64.2957,-0.03931,0.02398,pulse:2:0.320,63.9761,64.2957,0.3197,1.2313,guidance,0,
63.900,64.0694,-0.03989,0.02379,pulse:2:0.320,63.9761,64.0694,0.0933,1.3304,guidance,0,
64.003,63.8284,-0.04043,0.02434,pulse:0+5:0.320,62.8031,63.8284,1.0253,1.3294,guidance,0,
64.098,63.6111,-0.03992,0.02431,pulse:0+5:0.320,62.8031,63.6111,0.8080,1.3091,guidance,0,
64.201,63.3582,-0.04094,0.02347,pulse:0+5:0.320,62.8031,63.3582,0.5551,1.2158,guidance,0,
64.302,63.1300,-0.04026,0.02222,pulse:0+5:0.320,62.8031,63.1300,0.3269,1.3072,guidance,0,
64.402,62.9059,-0.04087,0.02174,pulse:0+5:0.320,62.8031,62.9059,0.1029,1.2480,guidance,0,
64.498,62.6865,-0.04117,0.02099,pulse:0+5:0.320,62.8031,62.6865,-0.1166,1.3188,guidance,0,
64.601,62.4513,-0.04085,0.02135,pulse:2+5:0.240,61.5933,62.4513,0.8580,1.2568,guidance,0,
64.700,62.2268,-0.04074,0.02152,pulse:2+5:0.240,61.5933,62.2268,0.6335,1.3845,guidance,0,
64.799,61.9976,-0.04184,0.02146,pulse:2+5:0.240,61.5933,61.9976,0.4043,1.2889,guidance,0,
64.901,61.7519,-0.04328,0.02124,pulse:2+5:0.240,61.5933,61.7519,0.1586,1.1607,guidance,0,
64.998,61.5073,-0.04370,0.02167,pulse:2+5:0.240,61.5933,61.5073,-0.0860,1.1262,guidance,0,
65.097,61.2450,-0.04402,0.02207,pulse:2+5:0.240,61.5933,61.2450,-0.3483,1.2268,guidance,0,
65.200,60.9864,-0.04361,0.02223,pulse:0+2:0.320,59.8798,60.9864,1.1066,1.2490,guidance,0,
65.298,60.7489,-0.04423,0.02341,pulse:0+2:0.320,59.8798,60.7489,0.8691,1.3402,guidance,0,
65.403,60.4873,-0.04415,0.02199,pulse:0+2:0.320,59.8798,60.4873,0.6075,1.2897,guidance,0,
65.501,60.2317,-0.04508,0.02182,pulse:0+2:0.320,59.8798,60.2317,0.3519,1.2457,guidance,0,
65.602,59.9945,-0.04492,0.02051,pulse:0+2:0.320,59.8798,59.9945,0.1147,1.3217,guidance,0,
65.698,59.7374,-0.04429,0.02027,pulse:0+2:0.320,59.8798,59.7374,-0.1425,1.1903,guidance,0,
65.802,59.4585,-0.04517,0.02030,pulse:0+2:0.320,58.3122,59.4585,1.1463,1.3016,guidance,0,
65.902,59.2062,-0.04450,0.02092,pulse:0+2:0.320,58.3122,59.2062,0.8940,1.2139,guidance,0,
66.001,58.9435,-0.04505,0.02031,pulse:0+2:0.320,58.3122,58.9435,0.6312,1.2359,guidance,0,
66.099,58.6757,-0.04578,0.01937,pulse:0+2:0.320,58.3122,58.6757,0.3635,1.1727,guidance,0,
66.201,58.3943,-0.04643,0.01914,pulse:0+2:0.320,58.3122,58.3943,0.0820,1.2502,guidance,0,
66.299,58.1149,-0.04615,0.01889,pulse:0+2:0.320,58.3122,58.1149,-0.1973,1.2216,guidance,0,
66.402,57.8424,-0.04644,0.01906,pulse:0+2:0.320,56.6636,57.8424,1.1788,1.2894,guidance,0,
66.498,57.5838,-0.04672,0.01925,pulse:0+2:0.320,56.6636,57.5838,0.9202,1.2580,guidance,0,
66.597,57.3054,-0.04751,0.01916,pulse:0+2:0.320,56.6636,57.3054,0.6418,1.3174,guidance,0,
66.699,57.0468,-0.04650,0.01787,pulse:0+2:0.320,56.6636,57.0468,0.3832,1.1813,guidance,0,
66.801,56.7662,-0.04755,0.01741,pulse:0+2:0.320,56.6636,56.7662,0.1026,1.0978,guidance,0,
66.898,56.5001,-0.04721,0.01697,pulse:0+2:0.320,56.6636,56.5001,-0.1634,1.0924,guidance,0,
66.999,56.2277,-0.04748,0.01685,pulse:0+2:0.320,55.0223,56.2277,1.2055,1.2995,guidance,0,
67.098,55.9504,-0.04726,0.01709,pulse:0+2:0.320,55.0223,55.9504,0.9281,1.3184,guidance,0,
67.199,55.6458,-0.04793,0.01673,pulse:0+2:0.320,55.0223,55.6458,0.6235,1.3238,guidance,0,
67.300,55.3736,-0.04806,0.01556,pulse:0+2:0.320,55.0223,55.3736,0.3513,1.3409,guidance,0,
67.399,55.1040,-0.04863,0.01482,pulse:0+2:0.320,55.0223,55.1040,0.0818,1.1420,guidance,0,
67.502,54.8085,-0.04873,0.01434,pulse:0+2:0.320,53.5708,54.8085,1.2377,1.2928,guidance,0,
67.601,54.5342,-0.04860,0.01515,pulse:0+2:0.320,53.5708,54.5342,0.9634,1.2629,guidance,0,
67.701,54.2666,-0.04912,0.01467,pulse:0+2:0.320,53.5708,54.2666,0.6959,1.1751,guidance,0,
67.801,54.0009,-0.04923,0.01317,pulse:0+2:0.320,53.5708,54.0009,0.4302,1.0753,guidance,0,
67.899,53.7214,-0.04994,0.01315,pulse:0+2:0.320,53.5708,53.7214,0.1507,1.1503,guidance,0,
67.999,53.4352,-0.04928,0.01285,pulse:0+2:0.320,53.5708,53.4352,-0.1355,1.2401,guidance,0,
68.102,53.1293,-0.05036,0.01221,pulse:0+2:0.320,51.8502,53.1293,1.2791,1.2330,guidance,0,
68.200,52.8429,-0.04971,0.01319,pulse:0+2:0.320,51.8502,52.8429,0.9927,1.2723,guidance,0,
68.297,52.5835,-0.04989,0.01268,pulse:0+2:0.320,51.8502,52.5835,0.7333,1.2321,guidance,0,
68.399,52.2842,-0.04993,0.01206,pulse:0+2:0.320,51.8502,52.2842,0.4340,1.1371,guidance,0,
68.500,51.9864,-0.05107,0.01100,pulse:0+2:0.320,51.8502,51.9864,0.1361,1.2596,guidance,0,
68.602,51.7006,-0.05077,0.01086,pulse:0+2:0.320,51.8502,51.7006,-0.1496,1.2943,guidance,0,
68.700,51.4210,-0.05073,0.01115,pulse:0+2:0.320,50.1322,51.4210,1.2888,1.2135,guidance,0,
68.802,51.1302,-0.05052,0.01155,pulse:0+2:0.320,50.1322,51.1302,0.9980,1.2198,guidance,0,
68.901,50.8425,-0.05152,0.01053,pulse:0+2:0.320,50.1322,50.8425,0.7103,1.1679,guidance,0,
68.997,50.5402,-0.05205,0.01000,pulse:0+2:0.320,50.1322,50.5402,0.4080,1.0654,guidance,0,
69.100,50.2124,-0.05246,0.00904,pulse:0+2:0.320,50.1322,50.2124,0.0802,1.1645,guidance,0,
69.198,49.9008,-0.05299,0.00911,pulse:0+2:0.320,50.1322,49.9008,-0.2314,1.1102,guidance,0,
69.300,49.6086,-0.05304,0.00932,pulse:0:0.320,48.2770,49.6086,1.3317,1.0936,guidance,0,
69.397,49.3169,-0.05274,0.00923,pulse:0:0.320,48.2770,49.3169,1.0399,1.2290,guidance,0,
69.498,49.0147,-0.05227,0.00878,pulse:0:0.320,48.2770,49.0147,0.7378,1.0631,guidance,0,
69.601,48.7188,-0.05234,0.00799,pulse:0:0.320,48.2770,48.7188,0.4418,1.1183,guidance,0,
69.698,48.4318,-0.05213,0.00737,pulse:0:0.320,48.2770,48.4318,0.1548,1.1672,guidance,0,
69.798,48.1448,-0.05197,0.00783,pulse:0:0.320,48.2770,48.1448,-0.1322,1.2099,guidance,0,
69.900,47.8605,-0.05222,0.00784,pulse:0:0.320,46.5493,47.8605,1.3112,1.0578,guidance,0,
70.000,47.5605,-0.05113,0.00745,pulse:0:0.320,46.5493,47.5605,1.0113,1.1292,guidance,0,
70.097,47.2653,-0.05156,0.00751,pulse:0:0.320,46.5493,47.2653,0.7161,1.1786,guidance,0,
70.203,46.9588,-0.05191,0.00729,pulse:0:0.320,46.5493,46.9588,0.4096,1.0867,guidance,0,
70.303,46.6417,-0.05117,0.00701,pulse:0:0.320,46.5493,46.6417,0.0925,1.1369,guidance,0,
70.398,46.3619,-0.05131,0.00704,pulse:0:0.320,46.5493,46.3619,-0.1873,1.0875,guidance,0,
70.499,46.0396,-0.05186,0.00705,pulse:2+4:0.320,44.7334,46.0396,1.3062,1.0883,guidance,0,
70.601,45.7417,-0.05121,0.00762,pulse:2+4:0.320,44.7334,45.7417,1.0084,1.1250,guidance,0,
70.698,45.4610,-0.05130,0.00692,pulse:2+4:0.320,44.7334,45.4610,0.7276,1.1105,guidance,0,
70.800,45.1650,-0.05087,0.00622,pulse:2+4:0.320,44.7334,45.1650,0.4316,1.0446,guidance,0,
70.900,44.8806,-0.05106,0.00664,pulse:2+4:0.320,44.7334,44.8806,0.1472,1.2026,guidance,0,
70.949,44.7498,-0.05070,0.00631,pulse:2+4:0.320,44.7334,44.7498,0.0164,1.0383,guidance,0,
71.103,44.3060,-0.05124,0.00735,pulse:0+4:0.320,43.0357,44.3060,1.2703,1.1574,guidance,0,
71.202,44.0226,-0.05104,0.00647,pulse:0+4:0.320,43.0357,44.0226,0.9869,1.0469,guidance,0,
71.297,43.7356,-0.05013,0.00669,pulse:0+4:0.320,43.0357,43.7356,0.6999,1.2002,guidance,0,
71.400,43.4410,-0.04931,0.00556,pulse:0+4:0.320,43.0357,43.4410,0.4053,1.1779,guidance,0,
71.498,43.1791,-0.04879,0.00483,pulse:0+4:0.320,43.0357,43.1791,0.1435,1.1638,guidance,0,
71.597,42.8742,-0.04792,0.00438,pulse:0+4:0.320,43.0357,42.8742,-0.1614,1.0525,guidance,0,
71.700,42.5867,-0.04792,0.00430,pulse:0+2:0.240,41.5924,42.5867,0.9943,1.0328,guidance,0,
71.799,42.2971,-0.04841,0.00450,pulse:0+2:0.240,41.5924,42.2971,0.7046,1.0789,guidance,0,
71.899,42.0305,-0.04818,0.00414,pulse:0+2:0.240,41.5924,42.0305,0.4381,1.2101,guidance,0,
71.998,41.7341,-0.04986,0.00278,pulse:0+2:0.240,41.5924,41.7341,0.1417,1.1345,guidance,0,
72.100,41.4427,-0.04966,0.00268,pulse:0+2:0.240,41.5924,41.4427,-0.1497,1.0024,guidance,0,
72.203,41.1474,-0.04946,0.00316,pulse:2+4:0.320,39.9013,41.1474,1.2461,1.1834,guidance,0,
72.299,40.8786,-0.05009,0.00308,pulse:2+4:0.320,39.9013,40.8786,0.9773,1.0364,guidance,0,
72.403,40.5809,-0.04979,0.00267,pulse:2+4:0.320,39.9013,40.5809,0.6796,1.0888,guidance,0,
72.501,40.2962,-0.04952,0.00260,pulse:2+4:0.320,39.9013,40.2962,0.3949,0.9892,guidance,0,
72.598,40.0061,-0.04945,0.00305,pulse:2+4:0.320,39.9013,40.0061,0.1047,1.1507,guidance,0,
72.703,39.7110,-0.04996,0.00281,pulse:2+4:0.320,39.9013,39.7110,-0.1903,1.0647,guidance,0,
72.803,39.4344,-0.04917,0.00281,pulse:0:0.320,38.1991,39.4344,1.2353,1.1005,guidance,0,
72.898,39.1615,-0.04961,0.00318,pulse:0:0.320,38.1991,39.1615,0.9624,1.1416,guidance,0,
73.001,38.8860,-0.04914,0.00205,pulse:0:0.320,38.1991,38.8860,0.6869,1.1825,guidance,0,
73.101,38.6185,-0.04901,0.00083,pulse:0:0.320,38.1991,38.6185,0.4194,1.1464,guidance,0,
73.203,38.3388,-0.04842,0.00042,pulse:0:0.320,38.1991,38.3388,0.1397,1.1187,guidance,0,
73.298,38.0742,-0.04863,0.00118,pulse:0:0.320,38.1991,38.0742,-0.1249,1.0401,guidance,0,
73.398,37.8144,-0.04855,0.00140,pulse:1+2:0.240,36.8023,37.8144,1.0121,1.0573,guidance,0,
73.498,37.5212,-0.04896,0.00111,pulse:1+2:0.240,36.8023,37.5212,0.7189,1.1494,guidance,0,
73.602,37.2441,-0.04960,0.00055,pulse:1+2:0.240,36.8023,37.2441,0.4418,1.1065,guidance,0,
73.702,36.9479,-0.05011,0.00261,pulse:1+2:0.240,36.8023,36.9479,0.1456,1.1870,guidance,0,
73.797,36.6777,-0.05011,0.00364,pulse:1+2:0.240,36.8023,36.6777,-0.1246,1.0983,guidance,0,
73.902,36.3681,-0.05077,0.00330,pulse:0+3:0.240,35.3317,36.3681,1.0364,0.9816,guidance,0,
74.002,36.0888,-0.04985,0.00399,pulse:0+3:0.240,35.3317,36.0888,0.7571,1.0940,guidance,0,
74.099,35.8211,-0.04951,0.00243,pulse:0+3:0.240,35.3317,35.8211,0.4894,0.9699,guidance,0,
74.202,35.5314,-0.04914,0.00109,pulse:0+3:0.240,35.3317,35.5314,0.1997,0.9275,guidance,0,
74.301,35.2460,-0.04861,0.00034,pulse:0+3:0.240,35.3317,35.2460,-0.0858,1.1074,guidance,0,
74.400,34.9786,-0.04852,0.00064,pulse:0+3:0.240,35.3317,34.9786,-0.3531,1.0239,guidance,0,
74.498,34.7252,-0.04848,0.00058,pulse:2+5:0.320,33.4711,34.7252,1.2541,1.0251,guidance,0,
74.602,34.4596,-0.04850,0.00073,pulse:2+5:0.320,33.4711,34.4596,0.9885,1.1089,guidance,0,
74.701,34.1680,-0.04986,0.00131,pulse:2+5:0.320,33.4711,34.1680,0.6969,1.0762,guidance,0,
74.799,33.8870,-0.05092,0.00033,pulse:2+5:0.320,33.4711,33.8870,0.4159,0.9583,guidance,0,
74.901,33.5745,-0.05259,0.00070,pulse:2+5:0.320,33.4711,33.5745,0.1034,1.0615,guidance,0,
74.998,33.2890,-0.05304,0.00045,pulse:2+5:0.320,33.4711,33.2890,-0.1821,1.0031,guidance,0,
75.103,32.9598,-0.05323,0.00117,pulse:2+5:0.160,32.0991,32.9598,0.8607,1.0302,guidance,0,
75.200,32.6491,-0.05327,0.00144,pulse:2+5:0.160,32.0991,32.6491,0.5500,1.0673,guidance,0,
75.300,32.3470,-0.05393,0.00119,pulse:2+5:0.160,32.0991,32.3470,0.2479,1.0804,guidance,0,
75.400,32.0141,-0.05558,0.00098,pulse:2+5:0.160,32.0991,32.0141,-0.0849,0.9751,guidance,0,
75.500,31.6869,-0.05501,0.00137,pulse:2+5:0.160,32.0991,31.6869,-0.4122,1.1190,guidance,0,
75.599,31.3888,-0.05526,0.00123,pulse:2+5:0.160,32.0991,31.3888,-0.7103,1.0508,guidance,0,
75.700,31.0765,-0.05498,0.00092,coast:0.320,29.6905,31.0765,1.3860,1.0826,guidance,0,
75.801,30.7459,-0.05561,0.00122,coast:0.320,29.6905,30.7459,1.0554,0.9406,guidance,0,
75.900,30.4271,-0.05490,0.00077,coast:0.320,29.6905,30.4271,0.7365,0.9995,guidance,0,
76.001,30.1049,-0.05468,0.00095,coast:0.320,29.6905,30.1049,0.4144,0.9390,guidance,0,
76.100,29.8043,-0.05451,0.00078,coast:0.320,29.6905,29.8043,0.1137,0.9103,guidance,0,
76.202,29.4815,-0.05478,0.00126,coast:0.320,28.1004,29.4815,1.3811,0.9204,guidance,0,
76.302,29.1832,-0.05456,0.00091,coast:0.320,28.1004,29.1832,1.0828,0.9892,guidance,0,
76.398,28.8896,-0.05448,0.00058,coast:0.320,28.1004,28.8896,0.7892,0.9027,guidance,0,
76.501,28.5733,-0.05447,0.00103,coast:0.320,28.1004,28.5733,0.4729,1.0864,guidance,0,
76.598,28.2790,-0.05447,0.00081,coast:0.320,28.1004,28.2790,0.1785,1.1067,guidance,0,
76.703,27.9598,-0.05455,0.00032,coast:0.320,26.5846,27.9598,1.3752,1.1404,guidance,0,
76.800,27.6737,-0.05486,0.00114,coast:0.320,26.5846,27.6737,1.0892,0.9977,guidance,0,
76.902,27.3517,-0.05455,0.00116,coast:0.320,26.5846,27.3517,0.7671,0.9287,guidance,0,
76.998,27.0445,-0.05481,0.00073,coast:0.320,26.5846,27.0445,0.4599,0.8914,guidance,0,
77.103,26.6957,-0.05516,0.00095,coast:0.320,26.5846,26.6957,0.1111,0.9301,guidance,0,
77.202,26.3826,-0.05478,0.00138,coast:0.320,26.5846,26.3826,-0.2020,1.1018,guidance,0,
77.300,26.0497,-0.05509,0.00120,pulse:4:0.320,24.6772,26.0497,1.3725,1.0858,guidance,0,
77.398,25.7317,-0.05507,0.00154,pulse:4:0.320,24.6772,25.7317,1.0545,1.0623,guidance,0,
77.497,25.4105,-0.05469,0.00100,pulse:4:0.320,24.6772,25.4105,0.7332,0.9532,guidance,0,
77.603,25.0593,-0.05321,0.00100,pulse:4:0.320,24.6772,25.0593,0.3820,0.9840,guidance,0,
77.698,24.7612,-0.05312,0.00068,pulse:4:0.320,24.6772,24.7612,0.0840,1.1016,guidance,0,
77.800,24.4633,-0.05301,0.00106,pulse:4:0.320,24.6772,24.4633,-0.2140,1.1205,guidance,0,
77.902,24.1918,-0.05300,0.00078,pulse:3+4:0.320,22.8875,24.1918,1.3043,1.0153,guidance,0,
78.002,23.8807,-0.05205,0.00120,pulse:3+4:0.320,22.8875,23.8807,0.9932,1.0819,guidance,0,
78.102,23.5873,-0.05195,0.00128,pulse:3+4:0.320,22.8875,23.5873,0.6997,0.9991,guidance,0,
78.199,23.2970,-0.05070,0.00107,pulse:3+4:0.320,22.8875,23.2970,0.4095,1.0695,guidance,0,
78.299,23.0364,-0.04898,0.00102,pulse:3+4:0.320,22.8875,23.0364,0.1489,1.0151,guidance,0,
78.401,22.7425,-0.04829,0.00062,pulse:3+4:0.320,22.8875,22.7425,-0.1450,1.0347,guidance,0,
78.502,22.4603,-0.04844,0.00161,coast:0.320,21.2392,22.4603,1.2211,0.9801,guidance,0,
78.599,22.1644,-0.04875,0.00148,coast:0.320,21.2392,22.1644,0.9253,0.9110,guidance,0,
78.698,21.8826,-0.04828,0.00125,coast:0.320,21.2392,21.8826,0.6434,0.9401,guidance,0,
78.798,21.6149,-0.04836,0.00098,coast:0.320,21.2392,21.6149,0.3757,0.9277,guidance,0,
78.900,21.3358,-0.04882,0.00132,coast:0.320,21.2392,21.3358,0.0966,0.9339,guidance,0,
79.001,21.0663,-0.04931,0.00172,coast:0.320,21.2392,21.0663,-0.1729,0.9107,guidance,0,
79.100,20.7629,-0.04820,0.00147,pulse:3+4:0.320,19.5800,20.7629,1.1830,1.0930,guidance,0,
79.200,20.4849,-0.04923,0.00189,pulse:3+4:0.320,19.5800,20.4849,0.9049,0.9361,guidance,0,
79.301,20.2106,-0.04702,0.00206,pulse:3+4:0.320,19.5800,20.2106,0.6306,0.9348,guidance,0,
79.403,19.9398,-0.04614,0.00213,pulse:3+4:0.320,19.5800,19.9398,0.3598,0.9421,guidance,0,
79.497,19.7009,-0.04515,0.00203,pulse:3+4:0.320,19.5800,19.7009,0.1209,1.0679,guidance,0,
79.600,19.4337,-0.04415,0.00265,pulse:3+4:0.320,19.5800,19.4337,-0.1463,1.0504,guidance,0,
79.700,19.1794,-0.04444,0.00180,pulse:3+4:0.320,18.0911,19.1794,1.0883,1.0349,guidance,0,
79.798,18.9367,-0.04423,0.00201,pulse:3+4:0.320,18.0911,18.9367,0.8456,1.0483,guidance,0,
79.903,18.6534,-0.04282,0.00239,pulse:3+4:0.320,18.0911,18.6534,0.5623,1.1028,guidance,0,
79.947,18.5347,-0.04291,0.00252,pulse:3+4:0.320,18.0911,18.5347,0.4436,0.9479,guidance,0,
80.097,18.1689,-0.04188,0.00356,pulse:3+4:0.320,18.0911,18.1689,0.0778,0.9031,guidance,0,
80.202,17.9057,-0.04153,0.00218,pulse:3+4:0.320,16.8907,17.9057,1.0150,1.0150,guidance,0,
80.298,17.6802,-0.04166,0.00256,pulse:3+4:0.320,16.8907,17.6802,0.7895,0.9778,guidance,0,
80.400,17.4326,-0.04136,0.00317,pulse:3+4:0.320,16.8907,17.4326,0.5419,1.0513,guidance,0,
80.498,17.2153,-0.04042,0.00421,pulse:3+4:0.320,16.8907,17.2153,0.3246,0.9147,guidance,0,
80.602,16.9694,-0.04012,0.00445,pulse:3+4:0.320,16.8907,16.9694,0.0787,0.9687,guidance,0,
80.700,16.7475,-0.04004,0.00532,pulse:3+4:0.320,16.8907,16.7475,-0.1432,1.0308,guidance,0,
80.802,16.5020,-0.04006,0.00483,pulse:0+4:0.320,15.5129,16.5020,0.9891,1.0792,guidance,0,3
80.897,16.2676,-0.04063,0.00523,pulse:0+4:0.320,15.5129,16.2676,0.7547,0.9775,guidance,0,3
81.000,16.0387,-0.03997,0.00498,pulse:0+4:0.320,15.5129,16.0387,0.5258,0.9828,guidance,0,3
81.099,15.7995,-0.03876,0.00423,pulse:0+4:0.320,15.5129,15.7995,0.2866,0.9465,guidance,0,3
81.200,15.5977,-0.03808,0.00377,pulse:0+4:0.320,15.5129,15.5977,0.0848,0.8609,guidance,0,3
81.302,15.3802,-0.03767,0.00386,pulse:0+4:0.320,15.5129,15.3802,-0.1327,0.8382,guidance,0,3
81.400,15.1768,-0.03732,0.00361,pulse:0+4:0.160,14.5826,15.1768,0.5942,0.9613,guidance,0,3
81.451,15.0606,-0.03774,0.00429,pulse:0+4:0.160,14.5826,15.0606,0.4781,0.9672,guidance,0,3
81.599,14.7355,-0.03686,0.00431,pulse:0+4:0.160,14.5826,14.7355,0.1529,0.9655,guidance,0,3
81.702,14.5186,-0.03608,0.00422,pulse:0+4:0.160,14.5826,14.5186,-0.0640,1.0374,guidance,0,3
81.800,14.2968,-0.03618,0.00427,pulse:0+4:0.160,14.5826,14.2968,-0.2857,0.9188,guidance,0,3
81.898,14.0826,-0.03650,0.00406,pulse:0+4:0.160,14.5826,14.0826,-0.5000,0.8476,guidance,0,3
82.001,13.8571,-0.03641,0.00459,pulse:0+4:0.240,13.1174,13.8571,0.7397,1.0172,guidance,0,3
82.103,13.6433,-0.03654,0.00462,pulse:0+4:0.240,13.1174,13.6433,0.5259,0.9802,guidance,0,3
82.200,13.4554,-0.03543,0.00469,pulse:0+4:0.240,13.1174,13.4554,0.3380,0.8924,guidance,0,3
82.298,13.2795,-0.03460,0.00552,pulse:0+4:0.240,13.1174,13.2795,0.1621,0.9721,guidance,0,3
82.400,13.0684,-0.03405,0.00619,pulse:0+4:0.240,13.1174,13.0684,-0.0490,0.9204,guidance,0,3
82.498,12.8850,-0.03362,0.00577,pulse:0+4:0.240,13.1174,12.8850,-0.2324,0.9749,guidance,0,3
82.599,12.6788,-0.03393,0.00575,pulse:0+4:0.160,12.1392,12.6788,0.5396,0.8876,guidance,0,3
82.700,12.4748,-0.03417,0.00648,pulse:0+4:0.160,12.1392,12.4748,0.3356,0.9551,guidance,0,3
82.797,12.2901,-0.03315,0.00651,pulse:0+4:0.160,12.1392,12.2901,0.1509,1.0114,guidance,0,3
82.898,12.0732,-0.03327,0.00720,pulse:0+4:0.160,12.1392,12.0732,-0.0660,0.8892,guidance,0,3
82.998,11.8885,-0.03239,0.00709,pulse:0+4:0.160,12.1392,11.8885,-0.2507,0.9755,guidance,0,3
83.100,11.6990,-0.03292,0.00787,pulse:5:0.160,11.1679,11.6990,0.5311,1.0297,terminal,0,3
83.202,11.4942,-0.03231,0.00708,pulse:5:0.160,11.1679,11.4942,0.3263,1.0456,terminal,0,3
83.302,11.2920,-0.03273,0.00638,pulse:5:0.160,11.1679,11.2920,0.1241,1.0127,terminal,0,3
83.400,11.1126,-0.03408,0.00674,pulse:5:0.160,10.5627,11.1126,0.5499,1.0515,terminal,0,3
83.502,10.9243,-0.03356,0.00643,pulse:5:0.160,10.5627,10.9243,0.3616,0.8704,terminal,0,3
83.602,10.7304,-0.03422,0.00666,pulse:5:0.160,10.5627,10.7304,0.1676,0.8933,terminal,0,3
83.707,10.5263,-0.03514,0.00667,pulse:0+4:0.240,9.8138,10.5263,0.7126,0.8716,guidance,0,3
83.806,10.3052,-0.03539,0.00617,pulse:0+4:0.240,9.8138,10.3052,0.4915,1.0045,guidance,0,3
83.904,10.1168,-0.03515,0.00732,pulse:0+4:0.240,9.8138,10.1168,0.3031,0.9013,guidance,0,3
84.004,9.9187,-0.03384,0.00751,pulse:0+4:0.240,9.8138,9.9187,0.1050,0.9811,guidance,0,3
84.056,9.8173,-0.03320,0.00759,pulse:0+4:0.240,9.8138,9.8173,0.0036,0.9104,guidance,0,3
84.206,9.5236,-0.03365,0.00780,pulse:0+4:0.240,9.8138,9.5236,-0.2902,0.9093,guidance,0,3
84.308,9.3213,-0.03364,0.00770,pulse:5:0.160,8.7788,9.3213,0.5425,1.0101,terminal,0,3
84.407,9.1303,-0.03360,0.00802,pulse:5:0.160,8.7788,9.1303,0.3515,1.0124,terminal,0,3
84.506,8.9405,-0.03377,0.00833,pulse:5:0.160,8.7788,8.9405,0.1617,0.9942,terminal,0,3
84.604,8.7647,-0.03433,0.00827,pulse:1+4:0.080,8.3723,8.7647,0.3924,0.9695,guidance,0,3
84.707,8.5711,-0.03436,0.00886,pulse:1+4:0.080,8.3723,8.5711,0.1988,0.9299,guidance,0,3
84.806,8.3816,-0.03350,0.00900,pulse:1+4:0.080,8.3723,8.3816,0.0093,0.9120,guidance,0,3
84.906,8.1991,-0.03361,0.00911,pulse:1+4:0.080,8.3723,8.1991,-0.1732,0.8860,guidance,0,3
85.007,8.0202,-0.03355,0.00958,pulse:1+4:0.080,8.3723,8.0202,-0.3521,0.8186,guidance,0,3
85.107,7.8326,-0.03307,0.00956,pulse:5:0.160,7.3000,7.8326,0.5326,0.7679,terminal,0,3
85.205,7.6435,-0.03244,0.00969,pulse:5:0.160,7.3000,7.6435,0.3435,0.7810,terminal,0,3
85.305,7.4553,-0.03300,0.00983,pulse:5:0.160,7.3000,7.4553,0.1554,0.7947,terminal,0,3
85.405,7.2704,-0.03392,0.01008,pulse:5:0.160,6.7243,7.2704,0.5461,0.8050,terminal,0,3
85.506,7.0862,-0.03297,0.01076,pulse:5:0.160,6.7243,7.0862,0.3619,0.8367,terminal,0,3
85.605,6.8917,-0.03410,0.01000,pulse:5:0.160,6.7243,6.8917,0.1674,0.8093,terminal,0,3
85.706,6.7025,-0.03488,0.01108,pulse:5:0.160,6.1417,6.7025,0.5608,0.8612,terminal,0,3
85.804,6.5119,-0.03462,0.01112,pulse:5:0.160,6.1417,6.5119,0.3702,0.8692,terminal,0,3
85.905,6.3308,-0.03417,0.01248,pulse:5:0.160,6.1417,6.3308,0.1891,0.9077,terminal,0,3
86.007,6.1192,-0.03547,0.01256,pulse:5:0.160,5.5501,6.1192,0.5691,0.8902,terminal,0,3
86.107,5.8954,-0.03524,0.01299,pulse:5:0.160,5.5501,5.8954,0.3453,0.9008,terminal,0,3
86.207,5.6845,-0.03571,0.01303,pulse:5:0.160,5.5501,5.6845,0.1345,0.9559,terminal,0,3
86.306,5.4748,-0.03598,0.01392,pulse:5:0.160,4.8990,5.4748,0.5758,0.9483,terminal,0,3
86.405,5.2743,-0.03543,0.01498,pulse:5:0.160,4.8990,5.2743,0.3753,0.8536,terminal,0,3
86.502,5.0863,-0.03607,0.01475,pulse:5:0.160,4.8990,5.0863,0.1873,0.9728,terminal,0,3
86.606,4.8778,-0.03569,0.01549,pulse:1:0.160,4.3108,4.8778,0.5670,0.8957,terminal,0,3
86.708,4.6757,-0.03585,0.01643,pulse:1:0.160,4.3108,4.6757,0.3650,0.8494,terminal,0,3
86.804,4.4572,-0.03626,0.01698,pulse:1:0.160,4.3108,4.4572,0.1464,0.9033,terminal,0,3
86.905,4.2542,-0.03526,0.01750,pulse:4:0.160,3.7026,4.2542,0.5516,0.9109,terminal,0,3
87.008,4.0492,-0.03509,0.01799,pulse:4:0.160,3.7026,4.0492,0.3466,0.8787,terminal,0,3
87.105,3.8735,-0.03387,0.01807,pulse:4:0.160,3.7026,3.8735,0.1709,0.8857,terminal,0,3
87.203,3.6829,-0.03289,0.01950,pulse:1:0.160,3.1688,3.6829,0.5141,0.9029,terminal,0,3
87.302,3.5027,-0.03232,0.02021,pulse:1:0.160,3.1688,3.5027,0.3340,0.7720,terminal,0,3
87.404,3.3137,-0.03180,0.02109,pulse:1:0.160,3.1688,3.3137,0.1449,0.9398,terminal,0,3
87.505,3.1410,-0.03193,0.02247,pulse:1:0.160,2.6512,3.1410,0.4898,0.9810,terminal,0,3
87.604,2.9652,-0.03083,0.02409,pulse:1:0.160,2.6512,2.9652,0.3139,0.8524,terminal,0,3
87.705,2.8010,-0.03035,0.02435,pulse:1:0.160,2.6512,2.8010,0.1498,0.8837,terminal,0,3
87.803,2.6272,-0.02917,0.02542,pulse:1:0.120,2.2521,2.6272,0.3751,0.7610,terminal,0,3
87.907,2.4654,-0.02818,0.02776,pulse:1:0.120,2.2521,2.4654,0.2133,0.8124,terminal,0,3
88.006,2.2912,-0.02650,0.02886,pulse:1:0.120,2.2521,2.2912,0.0391,0.7647,terminal,0,3
88.106,2.1610,-0.02453,0.03049,pulse:1:0.120,1.8699,2.1610,0.2911,0.9004,terminal,0,3
88.203,2.0366,-0.02248,0.03234,pulse:1:0.120,1.8699,2.0366,0.1666,0.9585,terminal,0,3
88.307,1.9185,-0.01948,0.03478,pulse:1:0.120,1.8699,1.9185,0.0486,0.8020,terminal,0,3
88.403,1.8080,-0.01622,0.03635,pulse:0:0.120,1.6629,1.8080,0.1452,0.9118,terminal,0,3
88.502,1.7299,-0.01150,0.03777,pulse:0:0.120,1.6629,1.7299,0.0670,0.8459,terminal,0,3
88.607,1.6744,-0.00559,0.03906,pulse:0:0.120,1.6629,1.6744,0.0115,0.7963,terminal,0,3
88.703,1.6596,0.00109,0.03978,pulse:4:0.120,1.7616,1.6596,-0.1020,0.9298,terminal,0,3
88.804,1.7019,0.00556,0.03917,pulse:4:0.120,1.7616,1.7019,-0.0597,0.7649,terminal,0,3
88.906,1.7281,0.01104,0.03763,pulse:4:0.120,1.7616,1.7281,-0.0335,0.8617,terminal,0,3
89.006,1.8098,0.01544,0.03545,pulse:4:0.120,2.0793,1.8098,-0.2695,0.9284,terminal,0,3
89.106,1.9063,0.01914,0.03375,pulse:4:0.120,2.0793,1.9063,-0.1730,0.8373,terminal,0,3
89.205,2.0267,0.02113,0.03107,pulse:4:0.120,2.0793,2.0267,-0.0526,0.7910,terminal,0,3
89.307,2.1601,0.02410,0.02864,pulse:4:0.120,2.5214,2.1601,-0.3613,0.8237,terminal,0,3
89.404,2.2951,0.02653,0.02644,pulse:4:0.120,2.5214,2.2951,-0.2263,0.8957,terminal,0,3
89.506,2.4319,0.02704,0.02445,pulse:4:0.120,2.5214,2.4319,-0.0895,0.7697,terminal,0,3
89.606,2.5978,0.02849,0.02237,pulse:4:0.120,3.0042,2.5978,-0.4064,0.9253,terminal,0,3
89.702,2.7530,0.02980,0.02092,pulse:4:0.120,3.0042,2.7530,-0.2512,0.7899,terminal,0,3
89.808,2.9530,0.03063,0.01931,pulse:4:0.120,3.0042,2.9530,-0.0512,0.7836,terminal,0,3
89.908,3.1303,0.03020,0.01776,pulse:4:0.160,3.6235,3.1303,-0.4932,0.7383,terminal,0,3
90.004,3.3019,0.03120,0.01707,pulse:4:0.160,3.6235,3.3019,-0.3217,0.7554,terminal,0,3
90.106,3.5022,0.03082,0.01590,pulse:4:0.160,3.6235,3.5022,-0.1213,0.7365,terminal,0,3
90.206,3.6824,0.03142,0.01480,pulse:4:0.160,4.1906,3.6824,-0.5082,0.8066,terminal,0,3
90.303,3.8462,0.03113,0.01390,pulse:4:0.160,4.1906,3.8462,-0.3444,0.8768,terminal,0,3
90.403,4.0391,0.03109,0.01286,pulse:4:0.160,4.1906,4.0391,-0.1515,0.8625,terminal,0,3
90.506,4.2149,0.03094,0.01244,pulse:4:0.160,4.7128,4.2149,-0.4979,0.8529,terminal,0,3
90.606,4.3920,0.03102,0.01168,pulse:4:0.160,4.7128,4.3920,-0.3208,0.8208,terminal,0,3
90.704,4.5755,0.03176,0.01107,pulse:4:0.160,4.7128,4.5755,-0.1373,0.8614,terminal,0,3
90.806,4.7483,0.03048,0.01094,pulse:4:0.160,5.2375,4.7483,-0.4891,0.8319,terminal,0,3
90.905,4.9342,0.03093,0.01059,pulse:4:0.160,5.2375,4.9342,-0.3032,0.7942,terminal,0,3
91.007,5.1144,0.03099,0.01015,pulse:4:0.160,5.2375,5.1144,-0.1231,0.7862,terminal,0,3
91.104,5.2872,0.03022,0.01073,pulse:4:0.160,5.7718,5.2872,-0.4846,0.7434,terminal,0,3
91.207,5.4718,0.03115,0.01017,pulse:4:0.160,5.7718,5.4718,-0.3000,0.7995,terminal,0,3
91.302,5.6433,0.03090,0.00959,pulse:4:0.160,5.7718,5.6433,-0.1285,0.8854,terminal,0,3
91.403,5.8217,0.03065,0.00992,pulse:4:0.160,6.3126,5.8217,-0.4910,0.9024,terminal,0,3
91.505,5.9898,0.03078,0.00997,pulse:4:0.160,6.3126,5.9898,-0.3228,0.9076,terminal,0,3
91.606,6.1693,0.02986,0.01003,pulse:4:0.160,6.3126,6.1693,-0.1434,0.7815,terminal,0,3
91.704,6.3272,0.02947,0.00930,pulse:4:0.160,6.7989,6.3272,-0.4716,0.8893,terminal,0,3
91.805,6.5141,0.02994,0.00925,pulse:4:0.160,6.7989,6.5141,-0.2848,0.8759,terminal,0,3
91.903,6.7220,0.02991,0.00927,pulse:4:0.160,6.7989,6.7220,-0.0768,0.8425,terminal,0,3
92.007,6.8766,0.02920,0.00936,pulse:4:0.160,7.3438,6.8766,-0.4672,0.8137,terminal,0,3
92.107,7.0383,0.02919,0.00892,pulse:4:0.160,7.3438,7.0383,-0.3055,0.8823,terminal,0,3
92.207,7.2077,0.02962,0.00912,pulse:4:0.160,7.3438,7.2077,-0.1361,0.8412,terminal,0,3
92.308,7.3866,0.02862,0.00925,pulse:4:0.160,7.8444,7.3866,-0.4579,0.8303,terminal,0,3
92.407,7.5409,0.02857,0.00937,pulse:4:0.160,7.8444,7.5409,-0.3035,0.8740,terminal,0,3
92.507,7.7101,0.02869,0.00786,pulse:4:0.160,7.8444,7.7101,-0.1343,0.8221,terminal,0,3
92.602,7.8725,0.02805,0.00836,pulse:4:0.160,8.3209,7.8725,-0.4485,0.8186,terminal,0,3
92.704,8.0238,0.02816,0.00845,pulse:4:0.160,8.3209,8.0238,-0.2971,0.8938,terminal,0,3
92.804,8.1980,0.02817,0.00795,pulse:4:0.160,8.3209,8.1980,-0.1229,0.7980,terminal,0,3
92.906,8.3507,0.02704,0.00796,pulse:0+4:0.080,8.6605,8.3507,-0.3098,0.8102,guidance,0,3
93.004,8.4974,0.02660,0.00775,pulse:0+4:0.080,8.6605,8.4974,-0.1631,0.8650,guidance,0,3
93.104,8.6249,0.02679,0.00680,pulse:0+4:0.080,8.6605,8.6249,-0.0356,0.8707,guidance,0,3
93.206,8.7733,0.02622,0.00607,pulse:0+4:0.080,8.6605,8.7733,0.1128,0.7131,guidance,0,3
93.307,8.9197,0.02650,0.00683,pulse:0+4:0.080,8.6605,8.9197,0.2592,0.8838,guidance,0,3
93.405,9.0613,0.02616,0.00647,pulse:0+4:0.080,8.6605,9.0613,0.4008,0.9005,guidance,0,3
93.508,9.2032,0.02607,0.00604,pulse:0+4:0.080,9.5016,9.2032,-0.2984,0.8621,guidance,0,3
93.602,9.3430,0.02616,0.00660,pulse:0+4:0.080,9.5016,9.3430,-0.1586,0.9149,guidance,0,3
93.705,9.4908,0.02512,0.00527,pulse:0+4:0.080,9.5016,9.4908,-0.0108,0.7894,guidance,0,3
93.803,9.6369,0.02558,0.00540,pulse:0+4:0.080,9.5016,9.6369,0.1353,0.8125,guidance,0,3
93.905,9.8056,0.02593,0.00520,pulse:0+4:0.080,9.5016,9.8056,0.3040,0.7032,guidance,0,3
94.002,9.9441,0.02594,0.00451,pulse:0+4:0.080,9.5016,9.9441,0.4425,0.7512,guidance,0,3
94.104,10.0905,0.02624,0.00497,pulse:0+4:0.080,10.3907,10.0905,-0.3003,0.8162,guidance,0,3
94.206,10.2445,0.02570,0.00498,pulse:0+4:0.080,10.3907,10.2445,-0.1462,0.8610,guidance,0,3
94.304,10.3802,0.02593,0.00379,pulse:0+4:0.080,10.3907,10.3802,-0.0106,0.8778,guidance,0,3
94.404,10.5165,0.02444,0.00381,pulse:0+4:0.080,10.3907,10.5165,0.1258,0.8905,guidance,0,3
94.506,10.6564,0.02504,0.00450,pulse:0+4:0.080,10.3907,10.6564,0.2657,0.7773,guidance,0,3
94.607,10.8010,0.02469,0.00413,pulse:0+4:0.080,11.0834,10.8010,-0.2824,0.7467,guidance,0,3
94.707,10.9509,0.02485,0.00431,pulse:0+4:0.080,11.0834,10.9509,-0.1324,0.8823,guidance,0,3
94.805,11.0957,0.02459,0.00442,pulse:0+4:0.080,11.0834,11.0957,0.0123,0.7556,guidance,0,3
94.903,11.2242,0.02530,0.00358,pulse:0+4:0.080,11.0834,11.2242,0.1408,0.7948,guidance,0,3
95.003,11.3675,0.02464,0.00404,pulse:0+4:0.080,11.0834,11.3675,0.2842,0.8843,guidance,0,3
95.105,11.5258,0.02523,0.00349,pulse:0+4:0.080,11.0834,11.5258,0.4425,0.7177,guidance,0,3
95.203,11.6602,0.02494,0.00421,pulse:0+4:0.240,12.1659,11.6602,-0.5057,0.8320,guidance,0,3
95.305,11.8147,0.02471,0.00451,pulse:0+4:0.240,12.1659,11.8147,-0.3512,0.8928,guidance,0,3
95.402,11.9461,0.02450,0.00448,pulse:0+4:0.240,12.1659,11.9461,-0.2199,0.8433,guidance,0,3
95.505,12.0900,0.02355,0.00459,pulse:0+4:0.240,12.1659,12.0900,-0.0759,0.8604,guidance,0,3
95.607,12.2263,0.02392,0.00414,pulse:0+4:0.240,12.1659,12.2263,0.0604,0.7176,guidance,0,3
95.707,12.3622,0.02388,0.00510,pulse:0+4:0.240,12.8462,12.3622,-0.4840,0.7252,guidance,0,3
95.802,12.4955,0.02317,0.00467,pulse:0+4:0.240,12.8462,12.4955,-0.3507,0.7421,guidance,0,3
95.905,12.6231,0.02302,0.00515,pulse:0+4:0.240,12.8462,12.6231,-0.2230,0.7292,guidance,0,3
96.004,12.7566,0.02211,0.00524,pulse:0+4:0.240,12.8462,12.7566,-0.0895,0.7238,guidance,0,3
96.102,12.8825,0.02182,0.00534,pulse:0+4:0.240,12.8462,12.8825,0.0363,0.7967,guidance,0,3
96.207,13.0180,0.02196,0.00561,pulse:0+4:0.160,13.3669,13.0180,-0.3489,0.8015,guidance,0,3
96.303,13.1459,0.02206,0.00571,pulse:0+4:0.160,13.3669,13.1459,-0.2210,0.7142,guidance,0,3
96.407,13.2836,0.02165,0.00542,pulse:0+4:0.160,13.3669,13.2836,-0.0833,0.7487,guidance,0,3
96.503,13.3897,0.02114,0.00627,pulse:0+4:0.160,13.3669,13.3897,0.0228,0.8231,guidance,0,3
96.605,13.5183,0.02083,0.00669,pulse:0+4:0.160,13.3669,13.5183,0.1514,0.8404,guidance,0,3
96.707,13.6431,0.02124,0.00619,pulse:0+4:0.160,13.3669,13.6431,0.2761,0.7414,guidance,0,3
96.805,13.7481,0.02150,0.00638,pulse:0+4:0.320,14.2745,13.7481,-0.5265,0.6653,guidance,0,3
96.906,13.8561,0.02106,0.00590,pulse:0+4:0.320,14.2745,13.8561,-0.4185,0.8413,guidance,0,3
97.003,13.9593,0.02014,0.00625,pulse:0+4:0.320,14.2745,13.9593,-0.3153,0.6864,guidance,0,3
97.104,14.0607,0.01961,0.00715,pulse:0+4:0.320,14.2745,14.0607,-0.2138,0.7257,guidance,0,3
97.203,14.1606,0.01939,0.00812,pulse:0+4:0.320,14.2745,14.1606,-0.1139,0.7581,guidance,0,3
97.304,14.2602,0.01827,0.00817,pulse:0+4:0.320,14.2745,14.2602,-0.0144,0.7567,guidance,0,3
97.405,14.3731,0.01892,0.00759,pulse:0+4:0.240,14.7555,14.3731,-0.3824,0.6606,guidance,0,3
97.506,14.4853,0.01902,0.00775,pulse:0+4:0.240,14.7555,14.4853,-0.2702,0.8029,guidance,0,3
97.602,14.6005,0.01872,0.00816,pulse:0+4:0.240,14.7555,14.6005,-0.1550,0.8080,guidance,0,3
97.703,14.6992,0.01761,0.00953,pulse:0+4:0.240,14.7555,14.6992,-0.0563,0.6762,guidance,0,3
97.808,14.8099,0.01758,0.00912,pulse:0+4:0.240,14.7555,14.8099,0.0544,0.7336,guidance,0,3
97.908,14.9246,0.01743,0.00982,pulse:0+4:0.160,15.2016,14.9246,-0.2770,0.6931,guidance,0,3
98.004,15.0010,0.01724,0.00915,pulse:0+4:0.160,15.2016,15.0010,-0.2006,0.6974,guidance,0,3
98.105,15.0908,0.01705,0.00994,pulse:0+4:0.160,15.2016,15.0908,-0.1108,0.6719,guidance,0,3
98.207,15.2005,0.01661,0.01079,pulse:0+4:0.160,15.2016,15.2005,-0.0011,0.7569,guidance,0,3
98.256,15.2418,0.01618,0.01140,pulse:0+4:0.160,15.2016,15.2418,0.0402,0.6933,guidance,0,3
98.407,15.4016,0.01650,0.01086,pulse:0+4:0.160,15.2016,15.4016,0.2000,0.6284,guidance,0,3
98.505,15.4959,0.01672,0.01066,pulse:0+4:0.160,15.7617,15.4959,-0.2658,0.7574,guidance,0,3
98.603,15.5890,0.01647,0.01056,pulse:0+4:0.160,15.7617,15.5890,-0.1727,0.7338,guidance,0,3
98.704,15.6706,0.01588,0.01126,pulse:0+4:0.160,15.7617,15.6706,-0.0911,0.7861,guidance,0,3
98.808,15.7585,0.01558,0.01197,pulse:0+4:0.160,15.7617,15.7585,-0.0031,0.7423,guidance,0,3
98.903,15.8571,0.01587,0.01184,pulse:0+4:0.160,15.7617,15.8571,0.0954,0.7386,guidance,0,3
99.003,15.9329,0.01551,0.01220,pulse:0+4:0.160,15.7617,15.9329,0.1712,0.7505,guidance,0,3
99.106,16.0398,0.01538,0.01107,pulse:0+4:0.160,16.2842,16.0398,-0.2444,0.7066,guidance,0,3
99.203,16.1293,0.01538,0.01156,pulse:0+4:0.160,16.2842,16.1293,-0.1549,0.7536,guidance,0,3
99.303,16.2191,0.01535,0.01194,pulse:0+4:0.160,16.2842,16.2191,-0.0652,0.6897,guidance,0,3
99.408,16.2987,0.01465,0.01299,pulse:0+4:0.160,16.2842,16.2987,0.0144,0.8110,guidance,0,3
99.505,16.3809,0.01446,0.01275,pulse:0+4:0.160,16.2842,16.3809,0.0966,0.7734,guidance,0,3
99.606,16.4685,0.01559,0.01310,pulse:0+4:0.160,16.2842,16.4685,0.1843,0.8114,guidance,0,3
99.704,16.5670,0.01560,0.01274,pulse:0+4:0.160,16.8155,16.5670,-0.2485,0.7095,guidance,0,3
99.806,16.6427,0.01453,0.01231,pulse:0+4:0.160,16.8155,16.6427,-0.1728,0.6837,guidance,0,3
99.905,16.7281,0.01500,0.01339,pulse:0+4:0.160,16.8155,16.7281,-0.0874,0.7660,guidance,0,3
100.008,16.8296,0.01387,0.01399,pulse:0+4:0.160,16.8155,16.8296,0.0141,0.6565,guidance,0,3
100.106,16.9131,0.01430,0.01391,pulse:0+4:0.160,16.8155,16.9131,0.0976,0.6078,guidance,0,3
100.208,17.0066,0.01497,0.01338,pulse:0+4:0.160,17.2452,17.0066,-0.2386,0.6660,guidance,0,3
100.305,17.0833,0.01429,0.01408,pulse:0+4:0.160,17.2452,17.0833,-0.1619,0.6755,guidance,0,3
100.406,17.1592,0.01474,0.01462,pulse:0+4:0.160,17.2452,17.1592,-0.0860,0.7986,guidance,0,3
100.505,17.2501,0.01334,0.01552,pulse:0+4:0.160,17.2452,17.2501,0.0049,0.7668,guidance,0,3
100.602,17.3160,0.01430,0.01429,pulse:0+4:0.160,17.2452,17.3160,0.0708,0.6766,guidance,0,3
100.707,17.3772,0.01324,0.01497,pulse:0+4:0.160,17.2452,17.3772,0.1320,0.6774,guidance,0,3
100.805,17.4519,0.01410,0.01485,pulse:0+4:0.160,17.6769,17.4519,-0.2250,0.6030,guidance,0,3
100.903,17.5381,0.01419,0.01420,pulse:0+4:0.160,17.6769,17.5381,-0.1388,0.7304,guidance,0,3
101.005,17.6197,0.01368,0.01529,pulse:0+4:0.160,17.6769,17.6197,-0.0571,0.7065,guidance,0,3
101.106,17.7102,0.01325,0.01602,pulse:0+4:0.160,17.6769,17.7102,0.0333,0.7386,guidance,0,3
101.206,17.7655,0.01389,0.01624,pulse:0+4:0.160,17.6769,17.7655,0.0886,0.7116,guidance,0,3
101.305,17.8249,0.01379,0.01571,pulse:0+4:0.160,18.0451,17.8249,-0.2202,0.6978,guidance,0,3
101.406,17.8813,0.01327,0.01587,pulse:0+4:0.160,18.0451,17.8813,-0.1637,0.5932,guidance,0,3
101.506,17.9765,0.01341,0.01654,pulse:0+4:0.160,18.0451,17.9765,-0.0685,0.7446,guidance,0,3
101.607,18.0219,0.01304,0.01727,pulse:0+4:0.160,18.0451,18.0219,-0.0232,0.6146,guidance,0,3
101.705,18.1000,0.01299,0.01739,pulse:0+4:0.160,18.0451,18.1000,0.0549,0.7583,guidance,0,3
101.803,18.1567,0.01310,0.01729,pulse:0+4:0.160,18.0451,18.1567,0.1117,0.6398,guidance,0,3
101.906,18.2354,0.01279,0.01702,pulse:4:0.160,18.4408,18.2354,-0.2054,0.7447,guidance,0,3
102.007,18.3143,0.01311,0.01750,pulse:4:0.160,18.4408,18.3143,-0.1265,0.7274,guidance,0,3
102.104,18.4326,0.01324,0.01774,pulse:4:0.160,18.4408,18.4326,-0.0082,0.6606,guidance,0,3
102.203,18.5119,0.01283,0.01809,pulse:4:0.160,18.4408,18.5119,0.0711,0.6663,guidance,0,3
102.303,18.5868,0.01349,0.01788,pulse:4:0.160,18.4408,18.5868,0.1460,0.6168,guidance,0,3
102.406,18.6716,0.01365,0.01718,pulse:0+4:0.160,18.8902,18.6716,-0.2186,0.6197,guidance,0,3
102.502,18.7543,0.01302,0.01802,pulse:0+4:0.160,18.8902,18.7543,-0.1359,0.6836,guidance,0,3
102.607,18.8339,0.01300,0.01826,pulse:0+4:0.160,18.8902,18.8339,-0.0563,0.7715,guidance,0,3
102.703,18.9163,0.01296,0.01911,pulse:0+4:0.160,18.8902,18.9163,0.0261,0.7797,guidance,0,3
102.807,18.9953,0.01343,0.01893,pulse:0+4:0.160,18.8902,18.9953,0.1051,0.7166,guidance,0,3
102.902,19.0608,0.01331,0.01849,pulse:0+4:0.160,18.8902,19.0608,0.1706,0.7151,guidance,0,3
103.004,19.1220,0.01317,0.01857,pulse:4:0.160,19.3340,19.1220,-0.2119,0.7184,guidance,0,3
103.105,19.1871,0.01318,0.01877,pulse:4:0.160,19.3340,19.1871,-0.1469,0.6521,guidance,0,3
103.203,19.2690,0.01316,0.01871,pulse:4:0.160,19.3340,19.2690,-0.0650,0.6287,guidance,0,3
103.307,19.3323,0.01292,0.01968,pulse:4:0.160,19.3340,19.3323,-0.0016,0.7580,guidance,0,3
103.404,19.4062,0.01298,0.01852,pulse:4:0.160,19.3340,19.4062,0.0722,0.6680,guidance,0,3
103.505,19.4915,0.01282,0.01937,pulse:4:0.160,19.6982,19.4915,-0.2067,0.5860,guidance,0,3
103.606,19.5589,0.01422,0.01885,pulse:4:0.160,19.6982,19.5589,-0.1392,0.5777,guidance,0,3
103.657,19.5899,0.01283,0.01960,pulse:4:0.160,19.6982,19.5899,-0.1083,0.7105,guidance,0,3
103.803,19.7187,0.01296,0.01951,pulse:4:0.160,19.6982,19.7187,0.0205,0.6721,guidance,0,3
103.903,19.7796,0.01310,0.01916,pulse:4:0.160,19.6982,19.7796,0.0814,0.7595,guidance,0,3
104.002,19.8542,0.01291,0.01983,pulse:4:0.160,19.6982,19.8542,0.1561,0.5931,guidance,0,3
104.104,19.9452,0.01294,0.01961,pulse:4:0.160,20.1540,19.9452,-0.2087,0.6919,guidance,0,3
104.204,20.0184,0.01365,0.01927,pulse:4:0.160,20.1540,20.0184,-0.1356,0.7188,guidance,0,3
104.307,20.0733,0.01360,0.01980,pulse:4:0.160,20.1540,20.0733,-0.0807,0.6515,guidance,0,3
104.405,20.1494,0.01369,0.02077,pulse:4:0.160,20.1540,20.1494,-0.0046,0.6560,guidance,0,3
104.506,20.2284,0.01308,0.02016,pulse:4:0.160,20.1540,20.2284,0.0745,0.6887,guidance,0,3
104.607,20.3004,0.01336,0.01993,pulse:4:0.160,20.5160,20.3004,-0.2156,0.5795,guidance,0,3
104.708,20.3694,0.01323,0.02026,pulse:4:0.160,20.5160,20.3694,-0.1466,0.6488,guidance,0,3
104.808,20.4226,0.01315,0.02044,pulse:4:0.160,20.5160,20.4226,-0.0934,0.7128,guidance,0,3
104.904,20.5039,0.01302,0.02114,pulse:4:0.160,20.5160,20.5039,-0.0121,0.6741,guidance,0,3
105.003,20.5931,0.01319,0.02109,pulse:4:0.160,20.5160,20.5931,0.0771,0.6793,guidance,0,3
105.106,20.6830,0.01328,0.02077,pulse:4:0.160,20.5160,20.6830,0.1670,0.6962,guidance,0,3
105.207,20.7789,0.01445,0.02147,pulse:4:0.160,21.0124,20.7789,-0.2335,0.6118,guidance,0,3
105.306,20.8440,0.01392,0.02113,pulse:4:0.160,21.0124,20.8440,-0.1684,0.7309,guidance,0,3
105.404,20.9337,0.01425,0.02115,pulse:4:0.160,21.0124,20.9337,-0.0786,0.7480,guidance,0,3
105.505,21.0281,0.01315,0.02197,pulse:4:0.160,21.0124,21.0281,0.0157,0.6053,guidance,0,3
105.606,21.0987,0.01376,0.02162,pulse:4:0.160,21.0124,21.0987,0.0863,0.5989,guidance,0,3
105.708,21.1760,0.01396,0.02211,pulse:4:0.160,21.4018,21.1760,-0.2259,0.5727,guidance,0,3
105.804,21.2326,0.01413,0.02119,pulse:4:0.160,21.4018,21.2326,-0.1692,0.5981,guidance,0,3
105.907,21.3331,0.01458,0.02200,pulse:4:0.160,21.4018,21.3331,-0.0687,0.5745,guidance,0,3
105.957,21.3703,0.01384,0.02276,pulse:4:0.160,21.4018,21.3703,-0.0316,0.5709,guidance,0,3
106.106,21.4965,0.01444,0.02232,pulse:4:0.160,21.4018,21.4965,0.0947,0.6125,guidance,0,3
106.203,21.5833,0.01426,0.02229,pulse:4:0.160,21.4018,21.5833,0.1815,0.6588,guidance,0,3
106.307,21.6670,0.01453,0.02171,pulse:4:0.160,21.9020,21.6670,-0.2351,0.5695,guidance,0,3
106.404,21.7447,0.01488,0.02215,pulse:4:0.160,21.9020,21.7447,-0.1573,0.7053,guidance,0,3
106.507,21.8247,0.01498,0.02251,pulse:4:0.160,21.9020,21.8247,-0.0773,0.6993,guidance,0,3
106.604,21.9141,0.01481,0.02374,pulse:4:0.160,21.9020,21.9141,0.0121,0.7399,guidance,0,3
106.708,22.0026,0.01484,0.02330,pulse:4:0.160,21.9020,22.0026,0.1005,0.5749,guidance,0,3
106.802,22.0700,0.01471,0.02221,pulse:4:0.160,21.9020,22.0700,0.1680,0.5513,guidance,0,3
106.904,22.1553,0.01446,0.02305,pulse:4:0.160,22.3896,22.1553,-0.2343,0.6403,guidance,0,3
107.004,22.2503,0.01507,0.02286,pulse:4:0.160,22.3896,22.2503,-0.1393,0.7049,guidance,0,3
107.107,22.3455,0.01552,0.02246,pulse:4:0.160,22.3896,22.3455,-0.0440,0.5670,guidance,0,3
107.206,22.4374,0.01555,0.02353,pulse:4:0.160,22.3896,22.4374,0.0478,0.6469,guidance,0,3
107.303,22.5093,0.01564,0.02371,pulse:4:0.160,22.3896,22.5093,0.1197,0.5897,guidance,0,3
107.404,22.5980,0.01511,0.02323,pulse:4:0.160,22.3896,22.5980,0.2085,0.6940,guidance,0,3
107.504,22.6869,0.01524,0.02300,coast:0.320,23.0780,22.6869,-0.3911,0.5529,guidance,0,3
107.605,22.7839,0.01593,0.02288,coast:0.320,23.0780,22.7839,-0.2941,0.5187,guidance,0,3
107.704,22.8640,0.01591,0.02347,coast:0.320,23.0780,22.8640,-0.2140,0.6809,guidance,0,3
107.808,22.9699,0.01663,0.02296,coast:0.320,23.0780,22.9699,-0.1081,0.7332,guidance,0,3
107.903,23.0608,0.01602,0.02238,coast:0.320,23.0780,23.0608,-0.0173,0.7487,guidance,0,3
108.004,23.1502,0.01595,0.02235,coast:0.320,23.0780,23.1502,0.0722,0.6281,guidance,0,3
108.107,23.2647,0.01593,0.02251,coast:0.320,23.6728,23.2647,-0.4081,0.6425,guidance,0,3
108.203,23.3365,0.01579,0.02246,coast:0.320,23.6728,23.3365,-0.3363,0.6815,guidance,0,3
108.302,23.4318,0.01685,0.02220,coast:0.320,23.6728,23.4318,-0.2410,0.7420,guidance,0,3
108.404,23.5331,0.01672,0.02183,coast:0.320,23.6728,23.5331,-0.1396,0.6261,guidance,0,3
108.506,23.6260,0.01737,0.02298,coast:0.320,23.6728,23.6260,-0.0468,0.7286,guidance,0,3
108.604,23.7075,0.01740,0.02213,coast:0.320,23.6728,23.7075,0.0347,0.5714,guidance,0,3
108.705,23.8076,0.01702,0.02218,pulse:0:0.160,24.0827,23.8076,-0.2752,0.7114,guidance,0,3
108.805,23.9158,0.01744,0.02240,pulse:0:0.160,24.0827,23.9158,-0.1670,0.7375,guidance,0,3
108.907,24.0120,0.01725,0.02276,pulse:0:0.160,24.0827,24.0120,-0.0708,0.5922,guidance,0,3
109.007,24.1098,0.01696,0.02261,pulse:0:0.160,24.0827,24.1098,0.0271,0.5774,guidance,0,3
109.107,24.2014,0.01714,0.02257,pulse:0:0.160,24.0827,24.2014,0.1187,0.6702,guidance,0,3
109.206,24.3168,0.01723,0.02241,coast:0.320,24.7573,24.3168,-0.4405,0.6951,guidance,0,3
109.307,24.4019,0.01803,0.02233,coast:0.320,24.7573,24.4019,-0.3553,0.7125,guidance,0,3
109.406,24.5230,0.01750,0.02258,coast:0.320,24.7573,24.5230,-0.2343,0.7473,guidance,0,3
109.507,24.6030,0.01864,0.02188,coast:0.320,24.7573,24.6030,-0.1542,0.6805,guidance,0,3
109.603,24.7072,0.01795,0.02229,coast:0.320,24.7573,24.7072,-0.0500,0.7002,guidance,0,3
109.707,24.8228,0.01810,0.02215,pulse:0:0.160,25.1152,24.8228,-0.2923,0.7443,guidance,0,3
109.807,24.9271,0.01829,0.02220,pulse:0:0.160,25.1152,24.9271,-0.1881,0.5617,guidance,0,3
109.904,25.0257,0.01870,0.02243,pulse:0:0.160,25.1152,25.0257,-0.0895,0.5939,guidance,0,3
110.005,25.1345,0.01830,0.02225,pulse:0:0.160,25.1152,25.1345,0.0194,0.5771,guidance,0,3
110.106,25.2395,0.01852,0.02211,pulse:0:0.160,25.1152,25.2395,0.1243,0.5451,guidance,0,3
110.203,25.3415,0.01808,0.02223,pulse:0:0.160,25.1152,25.3415,0.2263,0.7048,guidance,0,3
110.303,25.4386,0.01884,0.02210,pulse:0+5:0.160,25.7426,25.4386,-0.3040,0.5857,guidance,0,3
110.405,25.5548,0.01900,0.02176,pulse:0+5:0.160,25.7426,25.5548,-0.1878,0.6828,guidance,0,3
110.507,25.6523,0.01850,0.02184,pulse:0+5:0.160,25.7426,25.6523,-0.0902,0.7184,guidance,0,3
110.604,25.7718,0.01842,0.02164,pulse:0+5:0.160,25.7426,25.7718,0.0292,0.7209,guidance,0,3
110.704,25.8554,0.01922,0.02123,pulse:0+5:0.160,25.7426,25.8554,0.1128,0.6248,guidance,0,3
110.807,25.9789,0.01898,0.02141,pulse:0+5:0.160,26.2849,25.9789,-0.3060,0.6983,guidance,0,3
110.906,26.0955,0.01919,0.02119,pulse:0+5:0.160,26.2849,26.0955,-0.1895,0.7131,guidance,0,3
111.003,26.1997,0.01887,0.02105,pulse:0+5:0.160,26.2849,26.1997,-0.0852,0.6332,guidance,0,3
111.103,26.3204,0.01900,0.02140,pulse:0+5:0.160,26.2849,26.3204,0.0354,0.5505,guidance,0,3
111.203,26.4486,0.01918,0.02082,pulse:0+5:0.160,26.2849,26.4486,0.1636,0.6747,guidance,0,3
111.304,26.5603,0.01914,0.02099,pulse:0+5:0.160,26.2849,26.5603,0.2754,0.7151,guidance,0,3
111.406,26.6601,0.01928,0.02084,pulse:0+5:0.160,26.9706,26.6601,-0.3106,0.6143,guidance,0,3
111.507,26.7696,0.01965,0.02021,pulse:0+5:0.160,26.9706,26.7696,-0.2010,0.6431,guidance,0,3
111.604,26.8711,0.01932,0.02080,pulse:0+5:0.160,26.9706,26.8711,-0.0995,0.7013,guidance,0,3
111.703,26.9813,0.01954,0.02066,pulse:0+5:0.160,26.9706,26.9813,0.0106,0.6854,guidance,0,3
111.802,27.1080,0.01975,0.02055,pulse:0+5:0.160,26.9706,27.1080,0.1374,0.7093,guidance,0,3
111.902,27.2278,0.01992,0.02079,pulse:0+5:0.160,26.9706,27.2278,0.2572,0.6793,guidance,0,3
112.003,27.3319,0.01968,0.02018,pulse:5:0.160,27.6490,27.3319,-0.3170,0.5637,guidance,0,3
112.102,27.4307,0.01968,0.02053,pulse:5:0.160,27.6490,27.4307,-0.2182,0.5176,guidance,0,3
112.208,27.5423,0.01980,0.02002,pulse:5:0.160,27.6490,27.5423,-0.1067,0.6697,guidance,0,3
112.306,27.6352,0.01976,0.01922,pulse:5:0.160,27.6490,27.6352,-0.0137,0.6665,guidance,0,3
112.408,27.7719,0.01961,0.01947,pulse:5:0.160,27.6490,27.7719,0.1229,0.5410,guidance,0,3
112.506,27.8730,0.02021,0.01898,pulse:5:0.160,28.1983,27.8730,-0.3253,0.5184,guidance,0,3
112.604,27.9949,0.01992,0.01909,pulse:5:0.160,28.1983,27.9949,-0.2033,0.6491,guidance,0,3
112.704,28.0968,0.01970,0.01825,pulse:5:0.160,28.1983,28.0968,-0.1015,0.6524,guidance,0,3
112.802,28.2139,0.02002,0.01725,pulse:5:0.160,28.1983,28.2139,0.0157,0.6884,guidance,0,3
112.905,28.3024,0.02036,0.01742,pulse:5:0.160,28.1983,28.3024,0.1041,0.5354,guidance,0,3
113.008,28.4105,0.02024,0.01752,pulse:5:0.160,28.7359,28.4105,-0.3254,0.6092,guidance,0,3
113.108,28.5623,0.02036,0.01799,pulse:5:0.160,28.7359,28.5623,-0.1736,0.5691,guidance,0,3
113.205,28.6594,0.02014,0.01738,pulse:5:0.160,28.7359,28.6594,-0.0765,0.5525,guidance,0,3
113.304,28.7599,0.01976,0.01742,pulse:5:0.160,28.7359,28.7599,0.0239,0.5062,guidance,0,3
113.403,28.8965,0.01993,0.01726,pulse:5:0.160,28.7359,28.8965,0.1606,0.6475,guidance,0,3
113.504,29.0159,0.02012,0.01695,pulse:5:0.160,28.7359,29.0159,0.2800,0.5426,guidance,0,3
113.604,29.1314,0.02022,0.01718,pulse:5:0.160,29.4564,29.1314,-0.3250,0.5222,guidance,0,3
113.704,29.2356,0.01995,0.01724,pulse:5:0.160,29.4564,29.2356,-0.2208,0.5017,guidance,0,3
113.803,29.3407,0.01973,0.01683,pulse:5:0.160,29.4564,29.3407,-0.1157,0.6043,guidance,0,3
113.907,29.4496,0.01986,0.01666,pulse:5:0.160,29.4564,29.4496,-0.0068,0.6562,guidance,0,3
114.006,29.5573,0.01981,0.01681,pulse:5:0.160,29.4564,29.5573,0.1009,0.6234,guidance,0,3
114.103,29.6784,0.01980,0.01676,pulse:5:0.160,29.4564,29.6784,0.2220,0.6783,guidance,0,3
114.207,29.7977,0.02009,0.01723,pulse:5:0.160,30.1205,29.7977,-0.3228,0.6575,guidance,0,3
114.305,29.9000,0.02066,0.01706,pulse:5:0.160,30.1205,29.9000,-0.2205,0.5289,guidance,0,3
114.406,30.0257,0.02021,0.01703,pulse:5:0.160,30.1205,30.0257,-0.0948,0.4883,guidance,0,3
114.502,30.1481,0.02023,0.01669,pulse:5:0.160,30.1205,30.1481,0.0276,0.5908,guidance,0,3
114.603,30.2607,0.02058,0.01679,pulse:5:0.160,30.1205,30.2607,0.1402,0.6491,guidance,0,3
114.705,30.3806,0.02061,0.01659,pulse:5:0.160,30.1205,30.3806,0.2601,0.6236,guidance,0,3
114.806,30.4937,0.02031,0.01716,pulse:5:0.160,30.8201,30.4937,-0.3264,0.6885,guidance,0,3
114.904,30.6138,0.02107,0.01714,pulse:5:0.160,30.8201,30.6138,-0.2063,0.6773,guidance,0,3
115.007,30.7523,0.02104,0.01708,pulse:5:0.160,30.8201,30.7523,-0.0678,0.5306,guidance,0,3
115.107,30.8716,0.02032,0.01692,pulse:5:0.160,30.8201,30.8716,0.0515,0.5505,guidance,0,3
115.206,30.9833,0.02070,0.01689,pulse:5:0.160,30.8201,30.9833,0.1632,0.5259,guidance,0,3
115.304,31.1144,0.02055,0.01674,pulse:5:0.160,30.8201,31.1144,0.2943,0.5110,guidance,0,3
115.407,31.2348,0.02012,0.01592,pulse:1+5:0.160,31.5578,31.2348,-0.3230,0.6491,guidance,0,3
115.508,31.3596,0.02056,0.01634,pulse:1+5:0.160,31.5578,31.3596,-0.1982,0.5192,guidance,0,3
115.607,31.4797,0.02117,0.01504,pulse:1+5:0.160,31.5578,31.4797,-0.0781,0.4983,guidance,0,3
115.702,31.5862,0.02013,0.01424,pulse:1+5:0.160,31.5578,31.5862,0.0284,0.5933,guidance,0,3
115.804,31.7055,0.02021,0.01421,pulse:1+5:0.160,31.5578,31.7055,0.1478,0.6309,guidance,0,3
115.906,31.8219,0.02034,0.01403,pulse:1+5:0.160,31.5578,31.8219,0.2642,0.6262,guidance,0,3
116.002,31.9436,0.02074,0.01411,pulse:1+5:0.160,32.2761,31.9436,-0.3326,0.5637,guidance,0,3
116.104,32.0740,0.02026,0.01358,pulse:1+5:0.160,32.2761,32.0740,-0.2021,0.5102,guidance,0,3
116.206,32.1808,0.02070,0.01239,pulse:1+5:0.160,32.2761,32.1808,-0.0953,0.5653,guidance,0,3
116.303,32.2879,0.02024,0.01128,pulse:1+5:0.160,32.2761,32.2879,0.0118,0.5190,guidance,0,3
116.406,32.4075,0.02055,0.01112,pulse:1+5:0.160,32.2761,32.4075,0.1313,0.4662,guidance,0,3
116.507,32.5265,0.02068,0.01107,pulse:1+5:0.160,32.8578,32.5265,-0.3313,0.5207,guidance,0,3
116.605,32.6259,0.02019,0.01141,pulse:1+5:0.160,32.8578,32.6259,-0.2318,0.6172,guidance,0,3
116.704,32.7453,0.01995,0.01023,pulse:1+5:0.160,32.8578,32.7453,-0.1125,0.5047,guidance,0,3
116.805,32.8444,0.01966,0.00904,pulse:1+5:0.160,32.8578,32.8444,-0.0134,0.6330,guidance,0,3
116.907,32.9702,0.01999,0.00929,pulse:1+5:0.160,32.8578,32.9702,0.1124,0.5434,guidance,0,3
117.007,33.0817,0.01927,0.00910,pulse:1+5:0.160,32.8578,33.0817,0.2239,0.4672,guidance,0,3
117.105,33.1906,0.01978,0.01007,pulse:1+5:0.160,33.5073,33.1906,-0.3167,0.5183,guidance,0,3
117.207,33.3243,0.02007,0.00954,pulse:1+5:0.160,33.5073,33.3243,-0.1829,0.4961,guidance,0,3
117.307,33.4221,0.02012,0.00879,pulse:1+5:0.160,33.5073,33.4221,-0.0851,0.5852,guidance,0,3
117.403,33.5391,0.01994,0.00838,pulse:1+5:0.160,33.5073,33.5391,0.0319,0.5781,guidance,0,3
117.507,33.6542,0.01903,0.00856,pulse:1+5:0.160,33.5073,33.6542,0.1470,0.4783,guidance,0,3
117.608,33.7761,0.01916,0.00931,pulse:1+5:0.160,34.0828,33.7761,-0.3067,0.4498,guidance,0,3
117.702,33.8630,0.01987,0.00939,pulse:1+5:0.160,34.0828,33.8630,-0.2198,0.6109,guidance,0,3
117.806,33.9707,0.01971,0.00862,pulse:1+5:0.160,34.0828,33.9707,-0.1121,0.5244,guidance,0,3
117.906,34.0933,0.01914,0.00806,pulse:1+5:0.160,34.0828,34.0933,0.0105,0.6219,guidance,0,3
118.008,34.2263,0.01960,0.00845,pulse:1+5:0.160,34.0828,34.2263,0.1435,0.5310,guidance,0,3
118.105,34.3376,0.01947,0.00873,pulse:1+5:0.160,34.0828,34.3376,0.2548,0.5396,guidance,0,3
118.203,34.4385,0.01936,0.00880,pulse:1+5:0.160,34.7483,34.4385,-0.3098,0.6351,guidance,0,3
118.306,34.5533,0.01984,0.00840,pulse:1+5:0.160,34.7483,34.5533,-0.1950,0.5833,guidance,0,3
118.405,34.6462,0.01989,0.00921,pulse:1+5:0.160,34.7483,34.6462,-0.1021,0.6479,guidance,0,3
118.503,34.7602,0.01937,0.00805,pulse:1+5:0.160,34.7483,34.7602,0.0119,0.5039,guidance,0,3
118.604,34.8926,0.02016,0.00869,pulse:1+5:0.160,34.7483,34.8926,0.1444,0.5455,guidance,0,3
118.708,35.0114,0.01927,0.00817,pulse:1+5:0.160,35.3196,35.0114,-0.3082,0.5992,guidance,0,3
118.807,35.1412,0.02021,0.00846,pulse:1+5:0.160,35.3196,35.1412,-0.1784,0.5074,guidance,0,3
118.903,35.2438,0.01989,0.00779,pulse:1+5:0.160,35.3196,35.2438,-0.0759,0.5168,guidance,0,3
119.004,35.3702,0.01965,0.00795,pulse:1+5:0.160,35.3196,35.3702,0.0506,0.4449,guidance,0,3
119.102,35.4788,0.01967,0.00792,pulse:1+5:0.160,35.3196,35.4788,0.1592,0.4265,guidance,0,3
119.207,35.5871,0.01948,0.00763,pulse:1+5:0.160,35.3196,35.5871,0.2675,0.4975,guidance,0,3
119.305,35.7018,0.01984,0.00782,pulse:1+5:0.160,36.0191,35.7018,-0.3173,0.5328,guidance,0,3
119.403,35.8074,0.01952,0.00692,pulse:1+5:0.160,36.0191,35.8074,-0.2117,0.5283,guidance,0,3
119.504,35.9310,0.01912,0.00744,pulse:1+5:0.160,36.0191,35.9310,-0.0881,0.5325,guidance,0,3
119.607,36.0341,0.01911,0.00749,pulse:1+5:0.160,36.0191,36.0341,0.0150,0.5695,guidance,0,3
119.706,36.1428,0.01890,0.00764,pulse:1+5:0.160,36.0191,36.1428,0.1237,0.5639,guidance,0,3
119.805,36.2268,0.01905,0.00793,pulse:1+5:0.160,36.5315,36.2268,-0.3048,0.5246,guidance,0,3
119.906,36.3563,0.01846,0.00756,pulse:1+5:0.160,36.5315,36.3563,-0.1752,0.6250,guidance,0,3
120.003,36.4538,0.01901,0.00802,pulse:1+5:0.160,36.5315,36.4538,-0.0777,0.6380,guidance,0,3
120.107,36.5616,0.01855,0.00740,pulse:1+5:0.160,36.5315,36.5616,0.0300,0.4860,guidance,0,3
120.206,36.6721,0.01800,0.00813,pulse:1+5:0.160,36.5315,36.6721,0.1406,0.4114,guidance,0,3
120.306,36.7820,0.01826,0.00795,pulse:1+5:0.160,37.0740,36.7820,-0.2920,0.4220,guidance,0,3
120.405,36.8728,0.01812,0.00777,pulse:1+5:0.160,37.0740,36.8728,-0.2012,0.5073,guidance,0,3
120.507,36.9694,0.01803,0.00824,pulse:1+5:0.160,37.0740,36.9694,-0.1046,0.6081,guidance,0,3
120.606,37.0936,0.01826,0.00859,pulse:1+5:0.160,37.0740,37.0936,0.0196,0.5064,guidance,0,3
120.703,37.1865,0.01780,0.00838,pulse:1+5:0.160,37.0740,37.1865,0.1125,0.5008,guidance,0,3
120.803,37.2742,0.01778,0.00821,pulse:1+5:0.160,37.0740,37.2742,0.2002,0.4093,guidance,0,3
120.902,37.3749,0.01820,0.00848,pulse:1+5:0.160,37.6660,37.3749,-0.2911,0.5764,guidance,0,3
121.003,37.4812,0.01809,0.00887,pulse:1+5:0.160,37.6660,37.4812,-0.1848,0.5660,guidance,0,3
121.107,37.6058,0.01776,0.00888,pulse:1+5:0.160,37.6660,37.6058,-0.0602,0.5167,guidance,0,3
121.206,37.7058,0.01788,0.00970,pulse:1+5:0.160,37.6660,37.7058,0.0397,0.5899,guidance,0,3
121.305,37.8037,0.01782,0.00923,pulse:1+5:0.160,37.6660,37.8037,0.1377,0.5324,guidance,0,3
121.407,37.9178,0.01838,0.00935,pulse:1+5:0.160,38.2118,37.9178,-0.2940,0.4656,guidance,0,3
121.506,38.0144,0.01821,0.00902,pulse:1+5:0.160,38.2118,38.0144,-0.1974,0.3965,guidance,0,3
121.606,38.1295,0.01791,0.00983,pulse:1+5:0.160,38.2118,38.1295,-0.0823,0.5437,guidance,0,3
121.703,38.2071,0.01754,0.01035,pulse:1+5:0.160,38.2118,38.2071,-0.0047,0.4633,guidance,0,3
121.803,38.3102,0.01766,0.01043,pulse:1+5:0.160,38.2118,38.3102,0.0984,0.4328,guidance,0,3
121.906,38.4055,0.01774,0.00968,pulse:1+5:0.160,38.2118,38.4055,0.1937,0.4245,guidance,0,3
122.003,38.5096,0.01768,0.01013,pulse:1+5:0.160,38.7925,38.5096,-0.2829,0.4277,guidance,0,3
122.103,38.6106,0.01813,0.01000,pulse:1+5:0.160,38.7925,38.6106,-0.1819,0.4215,guidance,0,3
122.206,38.7273,0.01745,0.01073,pulse:1+5:0.160,38.7925,38.7273,-0.0652,0.4061,guidance,0,3
122.302,38.8192,0.01796,0.01167,pulse:1+5:0.160,38.7925,38.8192,0.0266,0.4189,guidance,0,3
122.406,38.9390,0.01798,0.01127,pulse:1+5:0.160,38.7925,38.9390,0.1465,0.5088,guidance,0,3
122.502,39.0384,0.01803,0.01150,pulse:1+5:0.160,38.7925,39.0384,0.2459,0.5212,guidance,0,3
122.607,39.1351,0.01779,0.01097,pulse:1+5:0.160,39.4199,39.1351,-0.2847,0.4464,guidance,0,3
122.705,39.2172,0.01776,0.01069,pulse:1+5:0.160,39.4199,39.2172,-0.2027,0.4714,guidance,0,3
122.802,39.3168,0.01740,0.01209,pulse:1+5:0.160,39.4199,39.3168,-0.1031,0.5733,guidance,0,3
122.905,39.4168,0.01737,0.01243,pulse:1+5:0.160,39.4199,39.4168,-0.0031,0.5142,guidance,0,3
123.008,39.5268,0.01774,0.01278,pulse:1+5:0.160,39.4199,39.5268,0.1069,0.4981,guidance,0,3
123.102,39.6396,0.01738,0.01272,pulse:1+5:0.160,39.4199,39.6396,0.2197,0.5385,guidance,0,3
123.204,39.7487,0.01718,0.01263,pulse:1+5:0.160,40.0238,39.7487,-0.2751,0.4646,guidance,0,3
123.305,39.8508,0.01726,0.01312,pulse:1+5:0.160,40.0238,39.8508,-0.1730,0.3867,guidance,0,3
123.352,39.8991,0.01737,0.01296,pulse:1+5:0.160,40.0238,39.8991,-0.1247,0.4437,guidance,0,3
123.506,40.0574,0.01723,0.01465,pulse:1+5:0.160,40.0238,40.0574,0.0336,0.4738,guidance,0,3
123.608,40.1643,0.01701,0.01441,pulse:1+5:0.160,40.0238,40.1643,0.1405,0.3894,guidance,0,3
123.706,40.2523,0.01735,0.01426,pulse:1+5:0.160,40.5303,40.2523,-0.2780,0.4187,guidance,0,3
123.803,40.3515,0.01753,0.01415,pulse:1+5:0.160,40.5303,40.3515,-0.1788,0.4112,guidance,0,3
123.906,40.4645,0.01739,0.01471,pulse:1+5:0.160,40.5303,40.4645,-0.0659,0.5150,guidance,0,3
124.006,40.5354,0.01715,0.01554,pulse:1+5:0.160,40.5303,40.5354,0.0051,0.4161,guidance,0,3
124.104,40.6012,0.01690,0.01557,pulse:1+5:0.160,40.5303,40.6012,0.0708,0.5248,guidance,0,3
124.206,40.7024,0.01693,0.01574,pulse:1+5:0.160,40.5303,40.7024,0.1721,0.4170,guidance,0,3
124.305,40.8133,0.01706,0.01514,pulse:1:0.160,41.0872,40.8133,-0.2738,0.5372,guidance,0,3
124.402,40.8933,0.01686,0.01579,pulse:1:0.160,41.0872,40.8933,-0.1939,0.5184,guidance,0,3
124.506,40.9996,0.01688,0.01576,pulse:1:0.160,41.0872,40.9996,-0.0876,0.3924,guidance,0,3
124.604,41.0880,0.01804,0.01576,pulse:1:0.160,41.0872,41.0880,0.0008,0.5085,guidance,0,3
124.707,41.1844,0.01664,0.01610,pulse:1:0.160,41.0872,41.1844,0.0972,0.3936,guidance,0,3
124.805,41.2805,0.01702,0.01591,pulse:1:0.160,41.5537,41.2805,-0.2732,0.4849,guidance,0,3
124.907,41.3728,0.01698,0.01615,pulse:1:0.160,41.5537,41.3728,-0.1808,0.3848,guidance,0,3
125.002,41.4566,0.01652,0.01616,pulse:1:0.160,41.5537,41.4566,-0.0970,0.4169,guidance,0,3
125.104,41.5530,0.01673,0.01652,pulse:1:0.160,41.5537,41.5530,-0.0006,0.4155,guidance,0,3
125.207,41.6480,0.01666,0.01690,pulse:1:0.160,41.5537,41.6480,0.0944,0.4954,guidance,0,3
125.304,41.7525,0.01686,0.01593,pulse:1:0.160,41.5537,41.7525,0.1988,0.4409,guidance,0,3
125.406,41.8432,0.01705,0.01631,pulse:1:0.160,42.1168,41.8432,-0.2737,0.3956,guidance,0,3
125.508,41.9554,0.01684,0.01625,pulse:1:0.160,42.1168,41.9554,-0.1614,0.5126,guidance,0,3
125.606,42.0282,0.01698,0.01611,pulse:1:0.160,42.1168,42.0282,-0.0886,0.5394,guidance,0,3
125.704,42.1276,0.01641,0.01829,pulse:1:0.160,42.1168,42.1276,0.0108,0.4203,guidance,0,3
125.803,42.2325,0.01689,0.01695,pulse:1:0.160,42.1168,42.2325,0.1156,0.5125,guidance,0,3
125.907,42.3381,0.01688,0.01761,pulse:1:0.160,42.6091,42.3381,-0.2710,0.4340,guidance,0,3
126.002,42.4511,0.01734,0.01714,pulse:1:0.160,42.6091,42.4511,-0.1580,0.4674,guidance,0,3
126.104,42.5401,0.01610,0.01779,pulse:1:0.160,42.6091,42.5401,-0.0690,0.4801,guidance,0,3
126.153,42.5916,0.01662,0.01754,pulse:1:0.160,42.6091,42.5916,-0.0175,0.5146,guidance,0,3
126.306,42.7388,0.01701,0.01779,pulse:1:0.160,42.6091,42.7388,0.1297,0.4948,guidance,0,3
126.404,42.8373,0.01703,0.01816,pulse:1:0.160,42.6091,42.8373,0.2281,0.4083,guidance,0,3
126.507,42.9334,0.01747,0.01772,pulse:1:0.160,43.2140,42.9334,-0.2806,0.4294,guidance,0,3
126.604,43.0142,0.01664,0.01789,pulse:1:0.160,43.2140,43.0142,-0.1998,0.4057,guidance,0,3
126.707,43.1006,0.01701,0.01823,pulse:1:0.160,43.2140,43.1006,-0.1134,0.3792,guidance,0,3
126.804,43.1921,0.01699,0.01856,pulse:1:0.160,43.2140,43.1921,-0.0219,0.4129,guidance,0,3
126.904,43.2793,0.01666,0.01876,pulse:1:0.160,43.2140,43.2793,0.0653,0.3426,guidance,0,3
127.006,43.3791,0.01698,0.01875,pulse:1:0.160,43.2140,43.3791,0.1651,0.3561,guidance,0,3
127.104,43.4883,0.01700,0.01796,pulse:1:0.160,43.7614,43.4883,-0.2732,0.4282,guidance,0,3
127.206,43.5911,0.01694,0.01787,pulse:1:0.160,43.7614,43.5911,-0.1703,0.3654,guidance,0,3
127.307,43.6734,0.01654,0.01835,pulse:1:0.160,43.7614,43.6734,-0.0880,0.4108,guidance,0,3
127.406,43.7863,0.01707,0.01849,pulse:1:0.160,43.7614,43.7863,0.0249,0.5182,guidance,0,3
127.505,43.8811,0.01692,0.01907,pulse:1:0.160,43.7614,43.8811,0.1197,0.4617,guidance,0,3
127.605,43.9652,0.01691,0.01855,pulse:1:0.160,44.2369,43.9652,-0.2718,0.3667,guidance,0,3
127.706,44.0616,0.01721,0.01830,pulse:1:0.160,44.2369,44.0616,-0.1754,0.3495,guidance,0,3
127.802,44.1610,0.01717,0.01917,pulse:1:0.160,44.2369,44.1610,-0.0760,0.3809,guidance,0,3
127.908,44.2728,0.01748,0.01999,pulse:1:0.160,44.2369,44.2728,0.0359,0.4178,guidance,0,3
128.004,44.3425,0.01722,0.01962,pulse:1:0.160,44.2369,44.3425,0.1055,0.4259,guidance,0,3
128.106,44.4304,0.01746,0.01947,pulse:1:0.160,44.7113,44.4304,-0.2809,0.3653,guidance,0,3
128.203,44.5156,0.01682,0.01957,pulse:1:0.160,44.7113,44.5156,-0.1957,0.3560,guidance,0,3
128.305,44.6364,0.01717,0.02014,pulse:1:0.160,44.7113,44.6364,-0.0749,0.3421,guidance,0,3
128.406,44.7322,0.01690,0.02065,pulse:1:0.160,44.7113,44.7322,0.0209,0.4662,guidance,0,3
128.503,44.8303,0.01670,0.02081,pulse:1:0.160,44.7113,44.8303,0.1190,0.3777,guidance,0,3
128.605,44.9409,0.01667,0.02036,pulse:1:0.160,44.7113,44.9409,0.2296,0.3782,guidance,0,3
128.704,45.0283,0.01708,0.02039,pulse:1:0.160,45.3032,45.0283,-0.2749,0.4571,guidance,0,3
128.806,45.1402,0.01725,0.02011,pulse:1:0.160,45.3032,45.1402,-0.1630,0.3813,guidance,0,3
128.907,45.2491,0.01684,0.02083,pulse:1:0.160,45.3032,45.2491,-0.0540,0.3424,guidance,0,3
129.006,45.3491,0.01705,0.02226,pulse:1:0.160,45.3032,45.3491,0.0459,0.4003,guidance,0,3
129.108,45.4556,0.01681,0.02196,pulse:1:0.160,45.3032,45.4556,0.1525,0.5027,guidance,0,3
129.207,45.5693,0.01784,0.02203,pulse:1:0.160,45.8565,45.5693,-0.2872,0.3546,guidance,0,3
129.308,45.6928,0.01763,0.02165,pulse:1:0.160,45.8565,45.6928,-0.1637,0.5067,guidance,0,3
129.406,45.7896,0.01709,0.02224,pulse:1:0.160,45.8565,45.7896,-0.0669,0.5186,guidance,0,3
129.507,45.8816,0.01796,0.02348,pulse:1:0.160,45.8565,45.8816,0.0251,0.5329,guidance,0,3
129.603,45.9850,0.01734,0.02277,pulse:1:0.160,45.8565,45.9850,0.1285,0.5164,guidance,0,3
129.706,46.0894,0.01700,0.02339,pulse:1:0.160,45.8565,46.0894,0.2329,0.5153,guidance,0,3
129.807,46.1986,0.01771,0.02289,pulse:1:0.160,46.4839,46.1986,-0.2853,0.3832,guidance,0,3
129.908,46.3201,0.01842,0.02296,pulse:1:0.160,46.4839,46.3201,-0.1638,0.3835,guidance,0,3
130.006,46.4276,0.01791,0.02319,pulse:1:0.160,46.4839,46.4276,-0.0563,0.3242,guidance,0,3
130.103,46.5232,0.01767,0.02408,pulse:1:0.160,46.4839,46.5232,0.0393,0.3810,guidance,0,3
130.206,46.6118,0.01754,0.02397,pulse:1:0.160,46.4839,46.6118,0.1279,0.4123,guidance,0,3
130.304,46.7052,0.01777,0.02414,pulse:1:0.160,46.4839,46.7052,0.2213,0.5059,guidance,0,3
130.406,46.8249,0.01826,0.02410,pulse:4:0.160,47.1191,46.8249,-0.2942,0.4561,guidance,0,3
130.503,46.9303,0.01800,0.02332,pulse:4:0.160,47.1191,46.9303,-0.1887,0.4292,guidance,0,3
130.603,47.0546,0.01820,0.02344,pulse:4:0.160,47.1191,47.0546,-0.0645,0.3344,guidance,0,3
130.703,47.1698,0.01882,0.02311,pulse:4:0.160,47.1191,47.1698,0.0508,0.3456,guidance,0,3
130.806,47.2709,0.01853,0.02262,pulse:4:0.160,47.1191,47.2709,0.1518,0.4817,guidance,0,3
130.903,47.3962,0.01803,0.02225,pulse:4:0.160,47.1191,47.3962,0.2772,0.5041,guidance,0,3
131.008,47.4901,0.01801,0.02292,pulse:4:0.160,47.7801,47.4901,-0.2900,0.4624,guidance,0,3
131.102,47.6032,0.01844,0.02226,pulse:4:0.160,47.7801,47.6032,-0.1770,0.3907,guidance,0,3
131.207,47.7092,0.01883,0.02212,pulse:4:0.160,47.7801,47.7092,-0.0709,0.4815,guidance,0,3
131.306,47.8138,0.01881,0.02193,pulse:4:0.160,47.7801,47.8138,0.0337,0.4544,guidance,0,3
131.406,47.9027,0.01866,0.02188,pulse:4:0.160,47.7801,47.9027,0.1226,0.3474,guidance,0,3
131.504,47.9907,0.01876,0.02157,pulse:4:0.160,47.7801,47.9907,0.2106,0.4289,guidance,0,3
131.602,48.0766,0.01900,0.02159,pulse:4:0.160,48.3823,48.0766,-0.3057,0.3678,guidance,0,3
131.702,48.1824,0.01890,0.02202,pulse:4:0.160,48.3823,48.1824,-0.1999,0.4473,guidance,0,3
131.802,48.3159,0.01834,0.02130,pulse:4:0.160,48.3823,48.3159,-0.0664,0.5067,guidance,0,3
131.905,48.4230,0.01895,0.02143,pulse:4:0.160,48.3823,48.4230,0.0407,0.4395,guidance,0,3
132.004,48.5124,0.01862,0.02132,pulse:4:0.160,48.3823,48.5124,0.1301,0.4911,guidance,0,3
132.107,48.6300,0.01911,0.02145,pulse:4:0.160,48.9376,48.6300,-0.3076,0.3657,guidance,0,3
132.202,48.7249,0.01911,0.02186,pulse:4:0.160,48.9376,48.7249,-0.2127,0.3400,guidance,0,3
132.305,48.8296,0.01888,0.02175,pulse:4:0.160,48.9376,48.8296,-0.1080,0.3870,guidance,0,3
132.402,48.9363,0.01864,0.02148,pulse:4:0.160,48.9376,48.9363,-0.0014,0.3422,guidance,0,3
132.508,49.0533,0.01888,0.02191,pulse:4:0.160,48.9376,49.0533,0.1157,0.3553,guidance,0,3
132.607,49.1506,0.01887,0.02186,pulse:4:0.160,48.9376,49.1506,0.2130,0.3161,guidance,0,3
132.706,49.2549,0.01921,0.02176,pulse:4:0.160,49.5641,49.2549,-0.3092,0.3573,guidance,0,3
132.806,49.3573,0.01888,0.02166,pulse:4:0.160,49.5641,49.3573,-0.2068,0.3737,guidance,0,3
132.905,49.4708,0.01872,0.02182,pulse:4:0.160,49.5641,49.4708,-0.0932,0.4617,guidance,0,3
133.006,49.5924,0.01910,0.02193,pulse:4:0.160,49.5641,49.5924,0.0283,0.3745,guidance,0,3
133.106,49.7100,0.01954,0.02183,pulse:4:0.160,49.5641,49.7100,0.1459,0.4610,guidance,0,3
133.202,49.8105,0.01905,0.02195,pulse:4:0.160,49.5641,49.8105,0.2464,0.4270,guidance,0,3
133.305,49.9344,0.01909,0.02183,pulse:4:0.160,50.2415,49.9344,-0.3072,0.3298,guidance,0,3
133.403,50.0329,0.01927,0.02210,pulse:4:0.160,50.2415,50.0329,-0.2086,0.3794,guidance,0,3
133.503,50.1389,0.01890,0.02176,pulse:4:0.160,50.2415,50.1389,-0.1026,0.4214,guidance,0,3
133.602,50.2400,0.01968,0.02159,pulse:4:0.160,50.2415,50.2400,-0.0015,0.3864,guidance,0,3
133.704,50.3535,0.01939,0.02239,pulse:4:0.160,50.2415,50.3535,0.1119,0.4716,guidance,0,3
133.803,50.4759,0.01914,0.02156,pulse:4:0.160,50.2415,50.4759,0.2343,0.4301,guidance,0,3
133.903,50.5800,0.01961,0.02145,pulse:0+4:0.160,50.8954,50.5800,-0.3154,0.3169,guidance,0,3
134.008,50.6994,0.01936,0.02137,pulse:0+4:0.160,50.8954,50.6994,-0.1959,0.4706,guidance,0,3
134.104,50.8072,0.01955,0.02106,pulse:0+4:0.160,50.8954,50.8072,-0.0882,0.4818,guidance,0,3
134.203,50.9270,0.01925,0.01957,pulse:0+4:0.160,50.8954,50.9270,0.0317,0.4082,guidance,0,3
134.307,51.0186,0.01967,0.01955,pulse:0+4:0.160,50.8954,51.0186,0.1232,0.3615,guidance,0,3
134.403,51.1183,0.01938,0.01989,pulse:0+4:0.160,51.4299,51.1183,-0.3116,0.2928,guidance,0,3
134.502,51.2310,0.01941,0.01983,pulse:0+4:0.160,51.4299,51.2310,-0.1989,0.4158,guidance,0,3
134.604,51.3213,0.01958,0.01781,pulse:0+4:0.160,51.4299,51.3213,-0.1087,0.4401,guidance,0,3
134.706,51.4354,0.01971,0.01773,pulse:0+4:0.160,51.4299,51.4354,0.0055,0.3659,guidance,0,3
134.808,51.5632,0.01925,0.01709,pulse:0+4:0.160,51.4299,51.5632,0.1333,0.3853,guidance,0,3
134.907,51.6690,0.01926,0.01833,pulse:0+4:0.160,51.9785,51.6690,-0.3095,0.4441,guidance,0,3
135.007,51.7693,0.01918,0.01766,pulse:0+4:0.160,51.9785,51.7693,-0.2092,0.3197,guidance,0,3
135.105,51.8829,0.01952,0.01657,pulse:0+4:0.160,51.9785,51.8829,-0.0956,0.3270,guidance,0,3
135.207,52.0031,0.01961,0.01562,pulse:0+4:0.160,51.9785,52.0031,0.0246,0.3600,guidance,0,3
135.308,52.1114,0.01907,0.01571,pulse:0+4:0.160,51.9785,52.1114,0.1328,0.4564,guidance,0,3
135.407,52.2258,0.01958,0.01573,pulse:0+4:0.160,52.5402,52.2258,-0.3144,0.4297,guidance,0,3
135.507,52.3221,0.01939,0.01565,pulse:0+4:0.160,52.5402,52.3221,-0.2181,0.4229,guidance,0,3
135.602,52.4243,0.01936,0.01533,pulse:0+4:0.160,52.5402,52.4243,-0.1159,0.4757,guidance,0,3
135.703,52.5288,0.01897,0.01496,pulse:0+4:0.160,52.5402,52.5288,-0.0115,0.4246,guidance,0,3
135.803,52.6339,0.01941,0.01495,pulse:0+4:0.160,52.5402,52.6339,0.0936,0.4527,guidance,0,3
135.906,52.7512,0.01930,0.01475,pulse:0+4:0.160,52.5402,52.7512,0.2110,0.3503,guidance,0,3
136.006,52.8854,0.01951,0.01549,pulse:0+4:0.160,53.1987,52.8854,-0.3133,0.3762,guidance,0,3
136.103,52.9989,0.01986,0.01547,pulse:0+4:0.160,53.1987,52.9989,-0.1998,0.3722,guidance,0,3
136.202,53.1061,0.01941,0.01485,pulse:0+4:0.160,53.1987,53.1061,-0.0926,0.3462,guidance,0,3
136.304,53.2098,0.01869,0.01468,pulse:0+4:0.160,53.1987,53.2098,0.0111,0.4021,guidance,0,3
136.406,53.3187,0.01898,0.01452,pulse:0+4:0.160,53.1987,53.3187,0.1200,0.4627,guidance,0,3
136.503,53.4328,0.01884,0.01470,pulse:0+4:0.160,53.1987,53.4328,0.2341,0.3068,guidance,0,3
136.603,53.5352,0.01857,0.01485,pulse:0+4:0.160,53.8333,53.5352,-0.2981,0.4442,guidance,0,3
136.707,53.6561,0.01917,0.01506,pulse:0+4:0.160,53.8333,53.6561,-0.1772,0.4119,guidance,0,3
136.805,53.7729,0.01881,0.01498,pulse:0+4:0.160,53.8333,53.7729,-0.0604,0.4282,guidance,0,3
136.906,53.8813,0.01930,0.01512,pulse:0+4:0.160,53.8333,53.8813,0.0480,0.3747,guidance,0,3
137.003,53.9774,0.01932,0.01483,pulse:0+4:0.160,53.8333,53.9774,0.1441,0.3105,guidance,0,3
137.105,54.0821,0.01860,0.01411,pulse:0+4:0.160,54.3805,54.0821,-0.2984,0.3613,guidance,0,3
137.203,54.1811,0.01957,0.01514,pulse:0+4:0.160,54.3805,54.1811,-0.1995,0.3522,guidance,0,3
137.304,54.3060,0.01916,0.01487,pulse:0+4:0.160,54.3805,54.3060,-0.0746,0.3972,guidance,0,3
137.403,54.4107,0.01939,0.01370,pulse:0+4:0.160,54.3805,54.4107,0.0302,0.4367,guidance,0,3
137.505,54.5133,0.01935,0.01416,pulse:0+4:0.160,54.3805,54.5133,0.1328,0.3000,guidance,0,3
137.602,54.6160,0.01942,0.01443,pulse:0+4:0.160,54.3805,54.6160,0.2355,0.3545,guidance,0,3
137.703,54.7254,0.01945,0.01413,pulse:0+4:0.160,55.0374,54.7254,-0.3121,0.4238,guidance,0,3
137.808,54.8490,0.01873,0.01388,pulse:0+4:0.160,55.0374,54.8490,-0.1885,0.2910,guidance,0,3
137.906,54.9485,0.01862,0.01342,pulse:0+4:0.160,55.0374,54.9485,-0.0890,0.2617,guidance,0,3
138.006,55.0492,0.01868,0.01310,pulse:0+4:0.160,55.0374,55.0492,0.0117,0.3993,guidance,0,3
138.104,55.1404,0.01882,0.01347,pulse:0+4:0.160,55.0374,55.1404,0.1030,0.3565,guidance,0,3
138.205,55.2507,0.01874,0.01290,pulse:0+4:0.160,55.5514,55.2507,-0.3007,0.3070,guidance,0,3
138.304,55.3440,0.01880,0.01311,pulse:0+4:0.160,55.5514,55.3440,-0.2074,0.3149,guidance,0,3
138.406,55.4555,0.01832,0.01284,pulse:0+4:0.160,55.5514,55.4555,-0.0958,0.2459,guidance,0,3
138.505,55.5715,0.01882,0.01241,pulse:0+4:0.160,55.5514,55.5715,0.0202,0.2774,guidance,0,3
138.603,55.6841,0.01848,0.01243,pulse:0+4:0.160,55.5514,55.6841,0.1327,0.2862,guidance,0,3
138.704,55.7975,0.01856,0.01278,pulse:0+4:0.160,55.5514,55.7975,0.2461,0.3270,guidance,0,3
138.805,55.9195,0.01830,0.01265,pulse:0+4:0.160,56.2131,55.9195,-0.2936,0.3752,guidance,0,3
138.906,56.0257,0.01866,0.01249,pulse:0+4:0.160,56.2131,56.0257,-0.1875,0.3303,guidance,0,3
139.007,56.1305,0.01900,0.01268,pulse:0+4:0.160,56.2131,56.1305,-0.0826,0.2414,guidance,0,3
139.107,56.2326,0.01870,0.01239,pulse:0+4:0.160,56.2131,56.2326,0.0195,0.2449,guidance,0,3
139.203,56.3402,0.01841,0.01231,pulse:0+4:0.160,56.2131,56.3402,0.1270,0.3718,guidance,0,3
139.307,56.4690,0.01897,0.01208,pulse:0+4:0.160,56.7733,56.4690,-0.3043,0.3022,guidance,0,3
139.408,56.5905,0.01869,0.01216,pulse:0+4:0.160,56.7733,56.5905,-0.1828,0.2374,guidance,0,3
139.505,56.6892,0.01863,0.01238,pulse:0+4:0.160,56.7733,56.6892,-0.0841,0.2354,guidance,0,3
139.602,56.7852,0.01842,0.01236,pulse:0+4:0.160,56.7733,56.7852,0.0120,0.3741,guidance,0,3
139.703,56.8998,0.01854,0.01232,pulse:0+4:0.160,56.7733,56.8998,0.1266,0.4194,guidance,0,3
139.806,56.9996,0.01881,0.01260,pulse:0+4:0.160,56.7733,56.9996,0.2264,0.4344,guidance,0,3
139.908,57.0984,0.01810,0.01250,pulse:0+4:0.160,57.3887,57.0984,-0.2903,0.4082,guidance,0,3
140.007,57.2109,0.01894,0.01253,pulse:0+4:0.160,57.3887,57.2109,-0.1778,0.3594,guidance,0,3
140.107,57.3214,0.01816,0.01296,pulse:0+4:0.160,57.3887,57.3214,-0.0673,0.3171,guidance,0,3
140.204,57.4399,0.01797,0.01347,pulse:0+4:0.160,57.3887,57.4399,0.0512,0.3414,guidance,0,3
140.305,57.5387,0.01786,0.01314,pulse:0+4:0.160,57.3887,57.5387,0.1501,0.2851,guidance,0,3
140.406,57.6410,0.01840,0.01302,pulse:0+4:0.160,57.3887,57.6410,0.2523,0.3653,guidance,0,3
140.503,57.7561,0.01855,0.01319,pulse:0+4:0.160,58.0537,57.7561,-0.2976,0.2958,guidance,0,3
140.603,57.8532,0.01821,0.01360,pulse:0+4:0.160,58.0537,57.8532,-0.2005,0.2947,guidance,0,3
140.704,57.9530,0.01819,0.01353,pulse:0+4:0.160,58.0537,57.9530,-0.1007,0.3122,guidance,0,3
140.804,58.0597,0.01854,0.01429,pulse:0+4:0.160,58.0537,58.0597,0.0060,0.3111,guidance,0,3
140.903,58.1686,0.01794,0.01415,pulse:0+4:0.160,58.0537,58.1686,0.1149,0.2673,guidance,0,3
141.004,58.2942,0.01786,0.01410,pulse:0+4:0.160,58.5808,58.2942,-0.2866,0.2078,guidance,0,3
141.107,58.4003,0.01871,0.01408,pulse:0+4:0.160,58.5808,58.4003,-0.1804,0.2958,guidance,0,3
141.206,58.4926,0.01774,0.01452,pulse:0+4:0.160,58.5808,58.4926,-0.0882,0.2170,guidance,0,3
141.306,58.5903,0.01791,0.01486,pulse:0+4:0.160,58.5808,58.5903,0.0096,0.2303,guidance,0,3
141.403,58.6935,0.01775,0.01458,pulse:0+4:0.160,58.5808,58.6935,0.1127,0.3087,guidance,0,3
141.507,58.7930,0.01800,0.01499,pulse:0+4:0.160,59.0818,58.7930,-0.2887,0.2237,guidance,0,3
141.608,58.9103,0.01764,0.01505,pulse:0+4:0.160,59.0818,58.9103,-0.1715,0.2842,guidance,0,3
141.708,59.0138,0.01823,0.01598,pulse:0+4:0.160,59.0818,59.0138,-0.0680,0.3432,guidance,0,3
141.805,59.0948,0.01801,0.01595,pulse:0+4:0.160,59.0818,59.0948,0.0130,0.2835,guidance,0,3
141.904,59.1960,0.01808,0.01652,pulse:0+4:0.160,59.0818,59.1960,0.1142,0.2809,guidance,0,3
142.007,59.2894,0.01835,0.01612,pulse:0:0.160,59.5840,59.2894,-0.2946,0.3779,guidance,0,3
142.102,59.3762,0.01777,0.01606,pulse:0:0.160,59.5840,59.3762,-0.2078,0.3085,guidance,0,3
142.207,59.4769,0.01731,0.01640,pulse:0:0.160,59.5840,59.4769,-0.1071,0.2171,guidance,0,3
142.305,59.5887,0.01796,0.01626,pulse:0:0.160,59.5840,59.5887,0.0048,0.1889,guidance,0,3
142.406,59.7033,0.01794,0.01623,pulse:0:0.160,59.5840,59.7033,0.1193,0.3284,guidance,0,3
142.502,59.8237,0.01839,0.01605,pulse:0:0.160,59.5840,59.8237,0.2398,0.3294,guidance,0,3
142.602,59.9100,0.01799,0.01593,pulse:0:0.240,60.2808,59.9100,-0.3708,0.2870,guidance,0,3
142.705,60.0328,0.01843,0.01539,pulse:0:0.240,60.2808,60.0328,-0.2480,0.2987,guidance,0,3
142.807,60.1246,0.01768,0.01583,pulse:0:0.240,60.2808,60.1246,-0.1562,0.3285,guidance,0,3
142.904,60.2232,0.01736,0.01583,pulse:0:0.240,60.2808,60.2232,-0.0576,0.3722,guidance,0,3
143.005,60.3273,0.01807,0.01622,pulse:0:0.240,60.2808,60.3273,0.0465,0.2843,guidance,0,3
143.106,60.4220,0.01693,0.01574,pulse:0:0.320,60.8478,60.4220,-0.4259,0.2157,guidance,0,3
143.204,60.5112,0.01775,0.01544,pulse:0:0.320,60.8478,60.5112,-0.3367,0.2786,guidance,0,3
143.306,60.6291,0.01735,0.01572,pulse:0:0.320,60.8478,60.6291,-0.2187,0.1894,guidance,0,3
143.405,60.7286,0.01734,0.01636,pulse:0:0.320,60.8478,60.7286,-0.1192,0.2670,guidance,0,3
143.504,60.8169,0.01714,0.01670,pulse:0:0.320,60.8478,60.8169,-0.0310,0.3030,guidance,0,3
143.602,60.9110,0.01711,0.01679,pulse:0:0.320,60.8478,60.9110,0.0631,0.2925,guidance,0,3
143.707,61.0178,0.01777,0.01667,pulse:0+4:0.240,61.3838,61.0178,-0.3660,0.2404,guidance,0,3
143.806,61.1169,0.01741,0.01660,pulse:0+4:0.240,61.3838,61.1169,-0.2668,0.2795,guidance,0,3
143.905,61.2221,0.01722,0.01641,pulse:0+4:0.240,61.3838,61.2221,-0.1617,0.3143,guidance,0,3
144.005,61.3146,0.01716,0.01901,pulse:0+4:0.240,61.3838,61.3146,-0.0692,0.2316,guidance,0,3
144.107,61.4116,0.01698,0.01960,pulse:0+4:0.240,61.3838,61.4116,0.0279,0.1915,guidance,0,3
144.204,61.5028,0.01667,0.01853,pulse:0+4:0.240,61.3838,61.5028,0.1190,0.2180,guidance,0,3
144.306,61.6153,0.01740,0.01904,pulse:0+4:0.160,61.8946,61.6153,-0.2793,0.2870,guidance,0,3
144.407,61.6942,0.01673,0.01872,pulse:0+4:0.160,61.8946,61.6942,-0.2004,0.2981,guidance,0,3
144.504,61.7897,0.01764,0.01958,pulse:0+4:0.160,61.8946,61.7897,-0.1049,0.2042,guidance,0,3
144.603,61.8819,0.01716,0.02079,pulse:0+4:0.160,61.8946,61.8819,-0.0127,0.1539,guidance,0,3
144.703,61.9716,0.01731,0.02043,pulse:0+4:0.160,61.8946,61.9716,0.0770,0.1392,guidance,0,3
144.806,62.0779,0.01699,0.02010,pulse:0:0.160,62.3508,62.0779,-0.2729,0.2217,guidance,0,3
144.905,62.1879,0.01686,0.02002,pulse:0:0.160,62.3508,62.1879,-0.1629,0.3176,guidance,0,3
145.005,62.2832,0.01739,0.02063,pulse:0:0.160,62.3508,62.2832,-0.0677,0.3103,guidance,0,3
145.103,62.3710,0.01707,0.02100,pulse:0:0.160,62.3508,62.3710,0.0201,0.3407,guidance,0,3
145.202,62.4780,0.01703,0.02008,pulse:0:0.160,62.3508,62.4780,0.1271,0.1945,guidance,0,3
145.303,62.5627,0.01694,0.02057,pulse:0:0.160,62.3508,62.5627,0.2118,0.2280,guidance,0,3
145.404,62.6552,0.01684,0.01955,pulse:0:0.160,62.9257,62.6552,-0.2705,0.3108,guidance,0,3
145.508,62.7500,0.01723,0.01923,pulse:0:0.160,62.9257,62.7500,-0.1757,0.2861,guidance,0,3
145.608,62.8537,0.01714,0.02065,pulse:0:0.160,62.9257,62.8537,-0.0720,0.1663,guidance,0,3
145.707,62.9581,0.01728,0.01996,pulse:0:0.160,62.9257,62.9581,0.0324,0.3093,guidance,0,3
145.803,63.0477,0.01638,0.01954,pulse:0:0.160,62.9257,63.0477,0.1220,0.1725,guidance,0,3
145.907,63.1583,0.01749,0.02048,pulse:0+5:0.160,63.4393,63.1583,-0.2810,0.1988,guidance,0,3
146.005,63.2518,0.01676,0.02030,pulse:0+5:0.160,63.4393,63.2518,-0.1875,0.3154,guidance,0,3
146.108,63.3539,0.01709,0.02038,pulse:0+5:0.160,63.4393,63.3539,-0.0853,0.2315,guidance,0,3
146.158,63.3949,0.01701,0.02033,pulse:0+5:0.160,63.4393,63.3949,-0.0444,0.2267,guidance,0,3
146.303,63.5474,0.01644,0.02040,pulse:0+5:0.160,63.4393,63.5474,0.1081,0.2934,guidance,0,3
146.405,63.6515,0.01718,0.01997,pulse:0+5:0.160,63.4393,63.6515,0.2122,0.1953,guidance,0,3
146.504,63.7574,0.01750,0.02037,pulse:0+5:0.160,64.0385,63.7574,-0.2811,0.2415,guidance,0,3
146.603,63.8282,0.01651,0.02041,pulse:0+5:0.160,64.0385,63.8282,-0.2103,0.2031,guidance,0,3
146.705,63.9198,0.01696,0.02038,pulse:0+5:0.160,64.0385,63.9198,-0.1187,0.2820,guidance,0,3
146.806,64.0097,0.01700,0.02133,pulse:0+5:0.160,64.0385,64.0097,-0.0288,0.2331,guidance,0,3
146.908,64.1146,0.01725,0.02103,pulse:0+5:0.160,64.0385,64.1146,0.0760,0.2184,guidance,0,3
147.006,64.2139,0.01629,0.02065,pulse:0+5:0.160,64.4756,64.2139,-0.2617,0.1889,guidance,0,3
147.104,64.3051,0.01675,0.02092,pulse:0+5:0.160,64.4756,64.3051,-0.1705,0.1486,guidance,0,3
147.202,64.3874,0.01642,0.02173,pulse:0+5:0.160,64.4756,64.3874,-0.0882,0.2028,guidance,0,3
147.257,64.4404,0.01722,0.02173,pulse:0+5:0.160,64.4756,64.4404,-0.0352,0.2925,guidance,0,3
147.406,64.6019,0.01710,0.02185,pulse:0+5:0.160,64.4756,64.6019,0.1263,0.2184,guidance,0,3
147.504,64.7016,0.01708,0.02219,pulse:0+5:0.160,64.4756,64.7016,0.2260,0.2814,guidance,0,3
147.607,64.8047,0.01733,0.02178,pulse:0+5:0.160,65.0831,64.8047,-0.2784,0.2239,guidance,0,3
147.708,64.9098,0.01783,0.02224,pulse:0+5:0.160,65.0831,64.9098,-0.1733,0.2617,guidance,0,3
147.803,64.9874,0.01678,0.02218,pulse:0+5:0.160,65.0831,64.9874,-0.0957,0.2370,guidance,0,3
147.907,65.0759,0.01700,0.02256,pulse:0+5:0.160,65.0831,65.0759,-0.0072,0.2668,guidance,0,3
148.003,65.1664,0.01642,0.02285,pulse:0+5:0.160,65.0831,65.1664,0.0833,0.1798,guidance,0,3
148.104,65.2629,0.01646,0.02263,pulse:0+5:0.160,65.0831,65.2629,0.1798,0.1255,guidance,0,3
148.206,65.3779,0.01669,0.02256,pulse:0+5:0.160,65.6461,65.3779,-0.2682,0.1825,guidance,0,3
148.304,65.4772,0.01714,0.02225,pulse:0+5:0.160,65.6461,65.4772,-0.1689,0.1416,guidance,0,3
148.407,65.5476,0.01666,0.02272,pulse:0+5:0.160,65.6461,65.5476,-0.0985,0.2323,guidance,0,3
148.507,65.6364,0.01667,0.02358,pulse:0+5:0.160,65.6461,65.6364,-0.0097,0.1420,guidance,0,3
148.605,65.7348,0.01668,0.02284,pulse:0+5:0.160,65.6461,65.7348,0.0887,0.2733,guidance,0,3
148.703,65.8427,0.01692,0.02262,pulse:0+5:0.160,65.6461,65.8427,0.1966,0.1537,guidance,0,3
148.806,65.9556,0.01700,0.02280,pulse:0+5:0.160,66.2288,65.9556,-0.2732,0.2318,guidance,0,3
148.907,66.0528,0.01697,0.02261,pulse:0+5:0.160,66.2288,66.0528,-0.1760,0.1947,guidance,0,3
149.005,66.1579,0.01675,0.02270,pulse:0+5:0.160,66.2288,66.1579,-0.0709,0.1224,guidance,0,3
149.106,66.2396,0.01661,0.02393,pulse:0+5:0.160,66.2288,66.2396,0.0108,0.2178,guidance,0,3
149.206,66.3266,0.01667,0.02300,pulse:0+5:0.160,66.2288,66.3266,0.0978,0.1487,guidance,0,3
149.304,66.4366,0.01638,0.02228,pulse:0+5:0.160,66.2288,66.4366,0.2078,0.2398,guidance,0,3
149.407,66.5467,0.01729,0.02311,pulse:0+5:0.160,66.8244,66.5467,-0.2778,0.1403,guidance,0,3
149.503,66.6445,0.01727,0.02262,pulse:0+5:0.160,66.8244,66.6445,-0.1800,0.1505,guidance,0,3
149.606,66.7321,0.01645,0.02316,pulse:0+5:0.160,66.8244,66.7321,-0.0924,0.1870,guidance,0,3
149.707,66.8209,0.01652,0.02334,pulse:0+5:0.160,66.8244,66.8209,-0.0035,0.2256,guidance,0,3
149.803,66.9221,0.01716,0.02362,pulse:0+5:0.160,66.8244,66.9221,0.0977,0.1529,guidance,0,3
149.907,67.0292,0.01669,0.02375,pulse:0+5:0.160,67.2975,67.0292,-0.2683,0.1041,guidance,0,3
150.008,67.1128,0.01681,0.02361,pulse:0+5:0.160,67.2975,67.1128,-0.1847,0.0941,guidance,0,3
150.103,67.2068,0.01681,0.02390,pulse:0+5:0.160,67.2975,67.2068,-0.0908,0.1515,guidance,0,3
150.206,67.3099,0.01650,0.02551,pulse:0+5:0.160,67.2975,67.3099,0.0124,0.2439,guidance,0,3
150.305,67.3907,0.01642,0.02494,pulse:0+5:0.160,67.2975,67.3907,0.0932,0.1350,guidance,0,3
150.403,67.4813,0.01681,0.02453,pulse:0+5:0.160,67.2975,67.4813,0.1838,0.0924,guidance,0,3
150.505,67.5716,0.01677,0.02528,pulse:0:0.160,67.8415,67.5716,-0.2698,0.2442,guidance,0,3
150.606,67.6675,0.01687,0.02432,pulse:0:0.160,67.8415,67.6675,-0.1740,0.2504,guidance,0,3
150.702,67.7771,0.01663,0.02539,pulse:0:0.160,67.8415,67.7771,-0.0644,0.2465,guidance,0,3
150.804,67.8905,0.01723,0.02649,pulse:0:0.160,67.8415,67.8905,0.0490,0.1680,guidance,0,3
150.906,67.9835,0.01692,0.02663,pulse:0:0.160,67.8415,67.9835,0.1420,0.1683,guidance,0,3
151.008,68.0679,0.01717,0.02645,pulse:0:0.160,68.3444,68.0679,-0.2764,0.2451,guidance,0,3
151.103,68.1684,0.01767,0.02618,pulse:0:0.160,68.3444,68.1684,-0.1759,0.2588,guidance,0,3
151.205,68.2718,0.01722,0.02761,pulse:0:0.160,68.3444,68.2718,-0.0726,0.2867,guidance,0,3
151.304,68.3850,0.01679,0.02840,pulse:0:0.160,68.3444,68.3850,0.0406,0.2315,guidance,0,3
151.402,68.4935,0.01702,0.02842,pulse:0:0.160,68.3444,68.4935,0.1491,0.2759,guidance,0,3
151.502,68.5885,0.01690,0.02808,pulse:0:0.160,68.3444,68.5885,0.2441,0.2040,guidance,0,3
151.607,68.6845,0.01709,0.02841,pulse:5:0.160,68.9598,68.6845,-0.2752,0.1926,guidance,0,3
151.704,68.7788,0.01661,0.02838,pulse:5:0.160,68.9598,68.7788,-0.1810,0.2467,guidance,0,3
151.808,68.8550,0.01718,0.02800,pulse:5:0.160,68.9598,68.8550,-0.1048,0.1147,guidance,0,3
151.906,68.9559,0.01633,0.02785,pulse:5:0.160,68.9598,68.9559,-0.0039,0.1519,guidance,0,3
152.004,69.0559,0.01723,0.02774,pulse:5:0.160,68.9598,69.0559,0.0962,0.1080,guidance,0,3
152.104,69.1559,0.01705,0.02808,pulse:5:0.160,68.9598,69.1559,0.1962,0.1181,guidance,0,3
152.202,69.2755,0.01755,0.02748,pulse:5:0.160,69.5581,69.2755,-0.2826,0.1889,guidance,0,3
152.304,69.3801,0.01709,0.02721,pulse:5:0.160,69.5581,69.3801,-0.1780,0.2493,guidance,0,3
152.405,69.4850,0.01774,0.02806,pulse:5:0.160,69.5581,69.4850,-0.0731,0.2574,guidance,0,3
152.506,69.5965,0.01784,0.02754,pulse:5:0.160,69.5581,69.5965,0.0385,0.1930,guidance,0,3
152.603,69.6892,0.01711,0.02806,pulse:5:0.160,69.5581,69.6892,0.1311,0.2260,guidance,0,3
152.708,69.7994,0.01686,0.02733,pulse:5:0.160,70.0708,69.7994,-0.2714,0.2666,guidance,0,3
152.806,69.8799,0.01749,0.02768,pulse:5:0.160,70.0708,69.8799,-0.1909,0.1082,guidance,0,3
152.908,69.9662,0.01747,0.02756,pulse:5:0.160,70.0708,69.9662,-0.1046,0.2011,guidance,0,3
153.004,70.0658,0.01813,0.02768,pulse:5:0.160,70.0708,70.0658,-0.0050,0.2145,guidance,0,3
153.105,70.1677,0.01736,0.02745,pulse:5:0.160,70.0708,70.1677,0.0968,0.1642,guidance,0,3
153.205,70.2647,0.01715,0.02718,pulse:5:0.160,70.0708,70.2647,0.1939,0.1210,guidance,0,3
153.304,70.3674,0.01838,0.02773,pulse:5:0.160,70.6632,70.3674,-0.2958,0.1912,guidance,0,3
153.408,70.4637,0.01802,0.02754,pulse:5:0.160,70.6632,70.4637,-0.1995,0.1955,guidance,0,3
153.508,70.5564,0.01774,0.02725,pulse:5:0.160,70.6632,70.5564,-0.1068,0.1446,guidance,0,3
153.602,70.6389,0.01707,0.02778,pulse:5:0.160,70.6632,70.6389,-0.0243,0.1233,guidance,0,3
153.706,70.7336,0.01692,0.02765,pulse:5:0.160,70.6632,70.7336,0.0704,0.2137,guidance,0,3
153.804,70.8387,0.01763,0.02822,pulse:5:0.160,70.6632,70.8387,0.1754,0.1005,guidance,0,3
153.907,70.9466,0.01764,0.02833,pulse:5:0.160,71.2306,70.9466,-0.2840,0.1160,guidance,0,3
154.006,71.0475,0.01794,0.02826,pulse:5:0.160,71.2306,71.0475,-0.1831,0.0902,guidance,0,3
154.103,71.1749,0.01830,0.02736,pulse:5:0.160,71.2306,71.1749,-0.0558,0.1673,guidance,0,3
154.206,71.2866,0.01817,0.02801,pulse:5:0.160,71.2306,71.2866,0.0559,0.0892,guidance,0,3
154.307,71.3813,0.01848,0.02802,pulse:5:0.160,71.2306,71.3813,0.1506,0.1420,guidance,0,3
154.403,71.4661,0.01810,0.02814,pulse:5:0.160,71.2306,71.4661,0.2355,0.1283,guidance,0,3
154.504,71.5784,0.01771,0.02813,pulse:5:0.160,71.8635,71.5784,-0.2851,0.1202,guidance,0,3
154.606,71.7090,0.01851,0.02774,pulse:5:0.160,71.8635,71.7090,-0.1544,0.1432,guidance,0,3
154.707,71.7933,0.01833,0.02862,pulse:5:0.160,71.8635,71.7933,-0.0702,0.1234,guidance,0,3
154.805,71.8888,0.01778,0.02895,pulse:5:0.160,71.8635,71.8888,0.0253,0.1030,guidance,0,3
154.907,71.9890,0.01865,0.02867,pulse:5:0.160,71.8635,71.9890,0.1255,0.2297,guidance,0,3
155.005,72.0903,0.01786,0.02848,pulse:5:0.160,72.3779,72.0903,-0.2876,0.1096,guidance,0,3
155.103,72.1906,0.01802,0.02804,pulse:5:0.160,72.3779,72.1906,-0.1873,0.1943,guidance,0,3
155.202,72.2937,0.01801,0.02892,pulse:5:0.160,72.3779,72.2937,-0.0842,0.1519,guidance,0,3
155.304,72.3970,0.01825,0.02918,pulse:5:0.160,72.3779,72.3970,0.0192,0.1500,guidance,0,3
155.406,72.5173,0.01829,0.02859,pulse:5:0.160,72.3779,72.5173,0.1395,0.1253,guidance,0,3
155.502,72.6181,0.01865,0.02860,pulse:5:0.160,72.3779,72.6181,0.2402,0.1898,guidance,0,3
155.607,72.7316,0.01842,0.02838,pulse:5:0.160,73.0281,72.7316,-0.2965,0.1867,guidance,0,3
155.705,72.8272,0.01831,0.02877,pulse:5:0.160,73.0281,72.8272,-0.2010,0.2029,guidance,0,3
155.808,72.9438,0.01879,0.02895,pulse:5:0.160,73.0281,72.9438,-0.0843,0.1199,guidance,0,3
155.904,73.0516,0.01825,0.02935,pulse:5:0.160,73.0281,73.0516,0.0235,0.1799,guidance,0,3
156.005,73.1547,0.01807,0.02877,pulse:5:0.160,73.0281,73.1547,0.1265,0.1550,guidance,0,3
156.105,73.2812,0.01807,0.02936,pulse:5:0.160,73.0281,73.2812,0.2530,0.0955,guidance,0,3
156.203,73.4002,0.01847,0.02900,pulse:1+5:0.160,73.6976,73.4002,-0.2974,0.0888,guidance,0,3
156.308,73.5100,0.01878,0.02872,pulse:1+5:0.160,73.6976,73.5100,-0.1876,0.1564,guidance,0,3
156.403,73.5964,0.01794,0.02830,pulse:1+5:0.160,73.6976,73.5964,-0.1012,0.1383,guidance,0,3
156.508,73.7050,0.01934,0.02713,pulse:1+5:0.160,73.6976,73.7050,0.0074,0.1507,guidance,0,3
156.602,73.8111,0.01915,0.02736,pulse:1+5:0.160,73.6976,73.8111,0.1135,0.1794,guidance,0,3
156.656,73.8555,0.01878,0.02726,pulse:1+5:0.160,73.6976,73.8555,0.1579,0.2181,guidance,0,3
156.807,73.9899,0.01853,0.02776,pulse:1+5:0.160,74.2881,73.9899,-0.2982,0.1779,guidance,0,3
156.907,74.0975,0.01898,0.02730,pulse:1+5:0.160,74.2881,74.0975,-0.1906,0.2337,guidance,0,3
157.005,74.1945,0.01871,0.02644,pulse:1+5:0.160,74.2881,74.1945,-0.0935,0.1455,guidance,0,3
157.108,74.2983,0.01814,0.02597,pulse:1+5:0.160,74.2881,74.2983,0.0103,0.0940,guidance,0,3
157.205,74.3889,0.01845,0.02641,pulse:1+5:0.160,74.2881,74.3889,0.1008,0.0782,guidance,0,3
157.307,74.5212,0.01810,0.02586,pulse:1+5:0.160,74.2881,74.5212,0.2332,0.1069,guidance,0,3
157.407,74.6279,0.01874,0.02594,pulse:1+5:0.160,74.9293,74.6279,-0.3014,0.1602,guidance,0,3
157.503,74.7279,0.01903,0.02603,pulse:1+5:0.160,74.9293,74.7279,-0.2015,0.1850,guidance,0,3
157.607,74.8452,0.01865,0.02612,pulse:1+5:0.160,74.9293,74.8452,-0.0841,0.1395,guidance,0,3
157.704,74.9640,0.01891,0.02547,pulse:1+5:0.160,74.9293,74.9640,0.0347,0.1398,guidance,0,3
157.803,75.0880,0.01809,0.02631,pulse:1+5:0.160,74.9293,75.0880,0.1587,0.1248,guidance,0,3
157.905,75.1971,0.01860,0.02588,pulse:1+5:0.160,74.9293,75.1971,0.2677,0.1313,guidance,0,3
158.006,75.3046,0.01926,0.02557,pulse:1+5:0.160,75.6142,75.3046,-0.3096,0.1337,guidance,0,3
158.106,75.3944,0.01866,0.02584,pulse:1+5:0.160,75.6142,75.3944,-0.2198,0.2127,guidance,0,3
158.203,75.5071,0.01885,0.02562,pulse:1+5:0.160,75.6142,75.5071,-0.1071,0.1722,guidance,0,3
158.306,75.6074,0.01859,0.02505,pulse:1+5:0.160,75.6142,75.6074,-0.0068,0.2009,guidance,0,3
158.403,75.6948,0.01847,0.02556,pulse:1+5:0.160,75.6142,75.6948,0.0807,0.1934,guidance,0,3
158.504,75.8003,0.01877,0.02557,pulse:1+5:0.160,75.6142,75.8003,0.1861,0.1726,guidance,0,3
158.605,75.9049,0.01848,0.02573,pulse:1+5:0.160,76.2019,75.9049,-0.2970,0.2173,guidance,0,3
158.707,76.0326,0.01884,0.02624,pulse:1+5:0.160,76.2019,76.0326,-0.1694,0.1314,guidance,0,3
158.802,76.1100,0.01836,0.02579,pulse:1+5:0.160,76.2019,76.1100,-0.0920,0.1402,guidance,0,3
158.904,76.2185,0.01861,0.02495,pulse:1+5:0.160,76.2019,76.2185,0.0166,0.1996,guidance,0,3
159.007,76.3398,0.01792,0.02594,pulse:1+5:0.160,76.2019,76.3398,0.1378,0.0821,guidance,0,3
159.104,76.4442,0.01857,0.02552,pulse:1+5:0.160,76.2019,76.4442,0.2423,0.0407,guidance,0,3
159.205,76.5613,0.01907,0.02502,pulse:1+5:0.160,76.8677,76.5613,-0.3065,0.1264,guidance,0,3
159.305,76.6536,0.01877,0.02512,pulse:1+5:0.160,76.8677,76.6536,-0.2141,0.1996,guidance,0,3
159.402,76.7528,0.01874,0.02532,pulse:1+5:0.160,76.8677,76.7528,-0.1150,0.0610,guidance,0,3
159.507,76.8642,0.01890,0.02472,pulse:1+5:0.160,76.8677,76.8642,-0.0035,0.1294,guidance,0,3
159.604,76.9675,0.01870,0.02421,pulse:1+5:0.160,76.8677,76.9675,0.0998,0.1249,guidance,0,3
159.707,77.0726,0.01860,0.02496,coast:0.040,76.8677,77.0726,0.2049,0.0576,fallback,0,3
159.802,77.1686,0.01905,0.02457,coast:0.040,76.8677,77.1686,0.3009,0.1259,fallback,0,3
159.908,77.2892,0.01884,0.02526,coast:0.040,76.8677,77.2892,0.4215,0.1024,fallback,0,3
160.007,77.4070,0.01916,0.02426,coast:0.040,76.8677,77.4070,0.5393,0.1410,fallback,0,3
160.107,77.5040,0.01925,0.02441,coast:0.040,76.8677,77.5040,0.6363,0.0419,fallback,0,3
160.206,77.6051,0.01950,0.02418,coast:0.040,76.8677,77.6051,0.7374,0.0643,fallback,0,3
160.302,77.7249,0.01915,0.02438,pulse:1+5:0.160,78.0325,77.7249,-0.3076,0.1236,guidance,0,3
160.407,77.8498,0.01945,0.02425,pulse:1+5:0.160,78.0325,77.8498,-0.1827,0.0685,guidance,0,3
160.505,77.9521,0.01965,0.02390,pulse:1+5:0.160,78.0325,77.9521,-0.0804,0.1173,guidance,0,3
160.608,78.0717,0.01894,0.02387,pulse:1+5:0.160,78.0325,78.0717,0.0392,0.0173,guidance,0,3
160.704,78.1873,0.01965,0.02301,pulse:1+5:0.160,78.0325,78.1873,0.1548,0.1550,guidance,0,3
160.808,78.3095,0.01938,0.02368,coast:0.040,78.0325,78.3095,0.2770,0.0428,fallback,0,3
160.905,78.4083,0.01881,0.02381,coast:0.040,78.0325,78.4083,0.3758,0.0655,fallback,0,3
161.006,78.5049,0.01972,0.02394,coast:0.040,78.0325,78.5049,0.4724,0.1527,fallback,0,3
161.105,78.6327,0.01931,0.02327,coast:0.040,78.0325,78.6327,0.6002,0.0390,fallback,0,3
161.204,78.7310,0.01867,0.02343,coast:0.040,78.0325,78.7310,0.6985,0.0429,fallback,0,3
161.303,78.8497,0.01977,0.02339,coast:0.040,78.0325,78.8497,0.8172,0.1367,fallback,0,3
161.406,78.9603,0.01903,0.02338,coast:0.040,78.0325,78.9603,0.9278,0.0691,fallback,0,3
161.508,79.1025,0.01943,0.02360,coast:0.040,78.0325,79.1025,1.0700,0.1582,fallback,0,3
161.604,79.1955,0.01916,0.02285,coast:0.040,78.0325,79.1955,1.1630,0.1921,fallback,0,3
161.706,79.3048,0.01906,0.02328,coast:0.040,78.0325,79.3048,1.2723,0.1493,fallback,0,3
161.804,79.4018,0.01958,0.02365,coast:0.040,78.0325,79.4018,1.3693,0.0980,fallback,0,3
161.905,79.5192,0.01935,0.02377,coast:0.040,78.0325,79.5192,1.4867,0.1390,fallback,0,3
162.007,79.6450,0.01875,0.02315,pulse:1+5:0.160,79.9460,79.6450,-0.3011,0.1308,guidance,0,3
162.106,79.7400,0.01959,0.02332,pulse:1+5:0.160,79.9460,79.7400,-0.2060,0.1192,guidance,0,3
162.207,79.8656,0.01951,0.02293,pulse:1+5:0.160,79.9460,79.8656,-0.0805,0.1749,guidance,0,3
162.302,79.9785,0.01901,0.02283,pulse:1+5:0.160,79.9460,79.9785,0.0325,0.1775,guidance,0,3
162.406,80.0730,0.01859,0.02277,pulse:1+5:0.160,79.9460,80.0730,0.1270,0.0827,guidance,0,3
162.503,80.1536,0.01933,0.02279,pulse:1+5:0.160,79.9460,80.1536,0.2076,0.1689,guidance,0,3
162.604,80.2535,0.01916,0.02311,pulse:1+5:0.160,80.5611,80.2535,-0.3076,0.1036,guidance,0,3
162.706,80.3329,0.01894,0.02317,pulse:1+5:0.160,80.5611,80.3329,-0.2282,0.0562,guidance,0,3
162.806,80.4342,0.01944,0.02282,pulse:1+5:0.160,80.5611,80.4342,-0.1269,0.1382,guidance,0,3
162.905,80.5392,0.01858,0.02314,pulse:1+5:0.160,80.5611,80.5392,-0.0220,0.0112,guidance,0,3
163.005,80.6249,0.01828,0.02274,pulse:1+5:0.160,80.5611,80.6249,0.0638,0.0156,guidance,0,3
163.105,80.7554,0.01899,0.02299,coast:0.040,80.5611,80.7554,0.1943,-0.0159,fallback,0,3
163.204,80.8668,0.01875,0.02292,coast:0.040,80.5611,80.8668,0.3057,0.0783,fallback,0,3
163.306,80.9826,0.01869,0.02312,coast:0.040,80.5611,80.9826,0.4214,0.1218,fallback,0,3
163.404,81.0963,0.01915,0.02211,coast:0.040,80.5611,81.0963,0.5352,0.1413,fallback,0,3
163.504,81.2190,0.01906,0.02267,coast:0.040,80.5611,81.2190,0.6579,0.1615,fallback,0,3
163.602,81.3411,0.01937,0.02316,coast:0.040,80.5611,81.3411,0.7800,0.0302,fallback,0,3
163.702,81.4513,0.01959,0.02344,coast:0.040,80.5611,81.4513,0.8902,0.0114,fallback,0,3
163.807,81.5651,0.01989,0.02289,coast:0.040,80.5611,81.5651,1.0040,0.1224,fallback,0,3
163.904,81.6850,0.01982,0.02314,coast:0.040,80.5611,81.6850,1.1239,0.1481,fallback,0,3
164.005,81.8044,0.01907,0.02338,coast:0.040,80.5611,81.8044,1.2432,0.0796,fallback,0,3
164.105,81.9096,0.01934,0.02352,coast:0.040,80.5611,81.9096,1.3485,0.1619,fallback,0,3
164.207,82.0223,0.01979,0.02361,pulse:1:0.160,82.3403,82.0223,-0.3179,0.1163,guidance,0,3
164.306,82.1378,0.01925,0.02355,pulse:1:0.160,82.3403,82.1378,-0.2025,0.0106,guidance,0,3
164.406,82.2401,0.02016,0.02308,pulse:1:0.160,82.3403,82.2401,-0.1002,0.0014,guidance,0,3
164.506,82.3372,0.01972,0.02225,pulse:1:0.160,82.3403,82.3372,-0.0030,0.0748,guidance,0,3
164.606,82.4713,0.01973,0.02222,pulse:1:0.160,82.3403,82.4713,0.1310,0.0756,guidance,0,3
164.705,82.5866,0.01948,0.02246,pulse:1:0.160,82.3403,82.5866,0.2463,0.0586,guidance,0,3
164.807,82.7034,0.01916,0.02167,coast:0.040,82.3403,82.7034,0.3631,0.0235,fallback,0,3
164.902,82.8114,0.01905,0.02192,coast:0.040,82.3403,82.8114,0.4711,0.0770,fallback,0,3
165.006,82.9370,0.01984,0.02203,coast:0.040,82.3403,82.9370,0.5968,0.1524,fallback,0,3
165.107,83.0627,0.01988,0.02161,coast:0.040,82.3403,83.0627,0.7225,0.0498,fallback,0,3
165.206,83.1752,0.02030,0.02179,coast:0.040,82.3403,83.1752,0.8349,0.0042,fallback,0,3
165.305,83.2834,0.01972,0.02178,coast:0.040,82.3403,83.2834,0.9431,0.0802,fallback,0,3
165.407,83.3983,0.01939,0.02194,pulse:1:0.160,83.7096,83.3983,-0.3113,0.0932,guidance,0,3
165.508,83.5187,0.01911,0.02145,pulse:1:0.160,83.7096,83.5187,-0.1908,0.0503,guidance,0,3
165.606,83.6305,0.01900,0.02119,pulse:1:0.160,83.7096,83.6305,-0.0791,0.1118,guidance,0,3
165.702,83.7323,0.01907,0.02049,pulse:1:0.160,83.7096,83.7323,0.0227,0.0266,guidance,0,3
165.807,83.8481,0.01913,0.02005,pulse:1:0.160,83.7096,83.8481,0.1386,-0.0003,guidance,0,3
165.904,83.9344,0.01924,0.02058,pulse:1:0.160,83.7096,83.9344,0.2248,0.0392,guidance,0,3
166.003,84.0595,0.01977,0.02041,coast:0.040,83.7096,84.0595,0.3499,-0.0201,fallback,0,3
166.107,84.1744,0.01912,0.02049,coast:0.040,83.7096,84.1744,0.4648,-0.0232,fallback,0,3
166.205,84.2979,0.01944,0.01970,coast:0.040,83.7096,84.2979,0.5883,0.0025,fallback,0,3
166.304,84.3913,0.01993,0.02023,coast:0.040,83.7096,84.3913,0.6817,0.1272,fallback,0,3
166.405,84.5073,0.01915,0.02012,coast:0.040,83.7096,84.5073,0.7977,0.0966,fallback,0,3
166.506,84.6162,0.01967,0.02072,pulse:1:0.160,84.9319,84.6162,-0.3157,0.1437,guidance,0,3
166.603,84.7312,0.02001,0.02011,pulse:1:0.160,84.9319,84.7312,-0.2006,0.0055,guidance,0,3
166.703,84.8510,0.01929,0.01987,pulse:1:0.160,84.9319,84.8510,-0.0808,0.0081,guidance,0,3
166.806,84.9669,0.01975,0.01902,pulse:1:0.160,84.9319,84.9669,0.0350,0.0362,guidance,0,3
166.903,85.0792,0.01955,0.01904,pulse:1:0.160,84.9319,85.0792,0.1474,0.0381,guidance,0,3
167.008,85.1952,0.01987,0.01940,coast:0.040,84.9319,85.1952,0.2633,0.0588,fallback,0,3
167.103,85.2957,0.01975,0.01888,coast:0.040,84.9319,85.2957,0.3638,-0.0106,fallback,0,3
167.205,85.4046,0.01956,0.01886,coast:0.040,84.9319,85.4046,0.4727,0.0297,fallback,0,3
167.307,85.5067,0.01916,0.01953,coast:0.040,84.9319,85.5067,0.5748,0.1027,fallback,0,3
167.408,85.5972,0.01905,0.01981,coast:0.040,84.9319,85.5972,0.6654,0.1357,fallback,0,3
167.505,85.7024,0.01949,0.01960,coast:0.040,84.9319,85.7024,0.7705,0.0160,fallback,0,3
167.605,85.8163,0.01978,0.01990,coast:0.040,84.9319,85.8163,0.8845,0.0500,fallback,0,3
167.703,85.9152,0.02022,0.02003,coast:0.040,84.9319,85.9152,0.9833,-0.0128,fallback,0,3
167.806,86.0335,0.01994,0.01964,coast:0.040,84.9319,86.0335,1.1017,-0.0101,fallback,0,3
167.904,86.1522,0.01997,0.01987,coast:0.040,84.9319,86.1522,1.2203,0.0701,fallback,0,3
168.005,86.2477,0.02030,0.01964,coast:0.040,84.9319,86.2477,1.3158,-0.0136,fallback,0,3
168.107,86.3689,0.01940,0.01972,coast:0.040,84.9319,86.3689,1.4370,0.0705,fallback,0,3
168.204,86.4820,0.01966,0.01936,coast:0.040,84.9319,86.4820,1.5502,0.0978,fallback,0,3
168.307,86.5979,0.01985,0.01960,coast:0.040,84.9319,86.5979,1.6660,0.1523,fallback,0,3
168.404,86.7259,0.02038,0.01935,coast:0.040,84.9319,86.7259,1.7941,0.0808,fallback,0,3
168.504,86.8527,0.01995,0.01981,coast:0.040,84.9319,86.8527,1.9209,0.1384,fallback,0,3
168.603,86.9585,0.01952,0.01963,coast:0.040,84.9319,86.9585,2.0266,0.1561,fallback,0,3
168.707,87.0774,0.02027,0.01999,coast:0.040,84.9319,87.0774,2.1456,0.0380,fallback,0,3
168.802,87.2208,0.02022,0.01958,coast:0.040,84.9319,87.2208,2.2889,-0.0153,fallback,0,3
168.905,87.3310,0.02027,0.01933,coast:0.040,84.9319,87.3310,2.3991,0.1053,fallback,0,3
169.007,87.4557,0.01998,0.01921,coast:0.040,84.9319,87.4557,2.5239,0.0830,fallback,0,3
169.105,87.5576,0.02030,0.01967,coast:0.040,84.9319,87.5576,2.6257,0.1304,fallback,0,3
169.207,87.6734,0.02077,0.01878,pulse:1+5:0.240,88.1002,87.6734,-0.4268,0.1464,guidance,0,3
169.302,87.7913,0.02026,0.01929,pulse:1+5:0.240,88.1002,87.7913,-0.3089,0.1564,guidance,0,3
169.403,87.9161,0.01993,0.01898,pulse:1+5:0.240,88.1002,87.9161,-0.1841,0.0730,guidance,0,3
169.505,88.0225,0.01968,0.01973,pulse:1+5:0.240,88.1002,88.0225,-0.0777,0.0965,guidance,0,3
169.603,88.1408,0.01933,0.01963,pulse:1+5:0.240,88.1002,88.1408,0.0406,0.1283,guidance,0,3
169.707,88.2630,0.01988,0.01971,pulse:1+5:0.240,88.1002,88.2630,0.1628,0.0276,guidance,0,3
169.803,88.3845,0.01932,0.01927,pulse:1:0.160,88.6944,88.3845,-0.3099,0.0889,guidance,0,3
169.902,88.5175,0.01960,0.01992,pulse:1:0.160,88.6944,88.5175,-0.1769,0.0126,guidance,0,3
170.003,88.6348,0.01947,0.01934,pulse:1:0.160,88.6944,88.6348,-0.0596,-0.0196,guidance,0,3
170.102,88.7407,0.01895,0.01877,pulse:1:0.160,88.6944,88.7407,0.0463,0.0426,guidance,0,3
170.207,88.8262,0.01893,0.01877,pulse:1:0.160,88.6944,88.8262,0.1318,0.0746,guidance,0,3
170.303,88.9115,0.01841,0.01881,pulse:1:0.160,88.6944,88.9115,0.2171,0.1138,guidance,0,3
170.406,89.0176,0.01877,0.01880,pulse:1:0.160,89.3187,89.0176,-0.3010,0.1124,guidance,0,3
170.507,89.1343,0.01914,0.01951,pulse:1:0.160,89.3187,89.1343,-0.1844,0.0706,guidance,0,3
170.607,89.2360,0.01848,0.01835,pulse:1:0.160,89.3187,89.2360,-0.0827,0.0104,guidance,0,3
170.707,89.3197,0.01922,0.01821,pulse:1:0.160,89.3187,89.3197,0.0010,0.0868,guidance,0,3
170.803,89.4351,0.01904,0.01926,pulse:1:0.160,89.3187,89.4351,0.1164,0.0311,guidance,0,3
170.902,89.5344,0.01938,0.01810,pulse:1:0.160,89.3187,89.5344,0.2158,0.1085,guidance,0,3
171.002,89.6254,0.01854,0.01891,coast:0.040,89.3187,89.6254,0.3067,0.0430,fallback,0,3
171.103,89.7492,0.01870,0.01881,coast:0.040,89.3187,89.7492,0.4305,0.0014,fallback,0,3
171.205,89.8552,0.01904,0.01916,coast:0.040,89.3187,89.8552,0.5365,0.0098,fallback,0,3
171.303,89.9485,0.01875,0.01922,coast:0.040,89.3187,89.9485,0.6298,-0.0136,fallback,0,3
171.404,90.0641,0.01856,0.01874,coast:0.040,89.3187,90.0641,0.7454,0.0723,fallback,0,3
171.502,90.1679,0.01929,0.01894,coast:0.040,89.3187,90.1679,0.8492,0.1200,fallback,0,3
171.555,90.2375,0.01902,0.01939,coast:0.320,90.7181,90.2375,-0.4806,0.0857,guidance,0,3
171.704,90.3852,0.01922,0.01875,coast:0.320,90.7181,90.3852,-0.3329,0.1304,guidance,0,3
171.803,90.4707,0.01919,0.01887,coast:0.320,90.7181,90.4707,-0.2474,0.0841,guidance,0,3
171.903,90.5898,0.01941,0.01930,coast:0.320,90.7181,90.5898,-0.1283,0.0140,guidance,0,3
172.003,90.6851,0.01886,0.01892,coast:0.320,90.7181,90.6851,-0.0330,0.0308,guidance,0,3
172.103,90.7918,0.01911,0.01915,pulse:1:0.240,91.1846,90.7918,-0.3928,0.0902,guidance,0,3
172.205,90.9023,0.01950,0.01846,pulse:1:0.240,91.1846,90.9023,-0.2823,0.1021,guidance,0,3
172.307,91.0102,0.01917,0.01780,pulse:1:0.240,91.1846,91.0102,-0.1744,0.1035,guidance,0,3
172.407,91.1330,0.01901,0.01821,pulse:1:0.240,91.1846,91.1330,-0.0516,0.0459,guidance,0,3
172.507,91.2483,0.01856,0.01799,pulse:1:0.240,91.1846,91.2483,0.0637,-0.0331,guidance,0,3
172.605,91.3799,0.01908,0.01805,coast:0.040,91.1846,91.3799,0.1954,0.0064,fallback,0,3
172.706,91.5026,0.01892,0.01727,coast:0.040,91.1846,91.5026,0.3180,-0.0480,fallback,0,3
172.807,91.6346,0.01960,0.01787,coast:0.040,91.1846,91.6346,0.4501,-0.0062,fallback,0,3
172.906,91.7305,0.01929,0.01824,coast:0.040,91.1846,91.7305,0.5459,0.0549,fallback,0,3
173.004,91.8265,0.01838,0.01784,coast:0.040,91.1846,91.8265,0.6419,0.0976,fallback,0,3
173.102,91.9556,0.01906,0.01766,coast:0.040,91.1846,91.9556,0.7710,-0.0224,fallback,0,3
173.203,92.0571,0.01909,0.01750,coast:0.040,91.1846,92.0571,0.8725,-0.0562,fallback,0,3
173.303,92.1755,0.01903,0.01763,coast:0.040,91.1846,92.1755,0.9909,0.0028,fallback,0,3
173.405,92.2812,0.01904,0.01795,coast:0.040,91.1846,92.2812,1.0966,0.0368,fallback,0,3
173.505,92.3869,0.01910,0.01838,coast:0.040,91.1846,92.3869,1.2023,0.0900,fallback,0,3
173.607,92.5042,0.01848,0.01805,coast:0.040,91.1846,92.5042,1.3197,0.1298,fallback,0,3
173.702,92.6368,0.01931,0.01808,coast:0.040,91.1846,92.6368,1.4522,0.0170,fallback,0,3
173.802,92.7307,0.01883,0.01820,pulse:1:0.320,93.2014,92.7307,-0.4707,0.1130,guidance,0,3
173.904,92.8120,0.01880,0.01916,pulse:1:0.320,93.2014,92.8120,-0.3894,0.0648,guidance,0,3
174.006,92.9197,0.01831,0.01808,pulse:1:0.320,93.2014,92.9197,-0.2817,-0.0358,guidance,0,3
174.102,93.0288,0.01830,0.01852,pulse:1:0.320,93.2014,93.0288,-0.1725,0.0252,guidance,0,3
174.206,93.1494,0.01776,0.01815,pulse:1:0.320,93.2014,93.1494,-0.0520,-0.0512,guidance,0,3
174.306,93.2533,0.01791,0.01844,coast:0.040,93.2014,93.2533,0.0519,0.0708,fallback,0,3
174.406,93.3367,0.01815,0.01833,coast:0.040,93.2014,93.3367,0.1353,-0.0092,fallback,0,3
174.504,93.4326,0.01739,0.01860,coast:0.040,93.2014,93.4326,0.2312,-0.0455,fallback,0,3
174.605,93.5180,0.01779,0.01827,coast:0.040,93.2014,93.5180,0.3167,-0.0376,fallback,0,3
174.705,93.6294,0.01784,0.01855,coast:0.040,93.2014,93.6294,0.4281,0.0479,fallback,0,3
174.804,93.7403,0.01776,0.01818,coast:0.040,93.2014,93.7403,0.5390,0.0179,fallback,0,3
174.905,93.8561,0.01776,0.01843,coast:0.040,93.2014,93.8561,0.6547,-0.0496,fallback,0,3
175.004,93.9600,0.01767,0.01853,coast:0.040,93.2014,93.9600,0.7586,0.0156,fallback,0,3
175.108,94.0499,0.01811,0.01749,coast:0.040,93.2014,94.0499,0.8485,0.0776,fallback,0,3
175.206,94.1410,0.01796,0.01785,coast:0.040,93.2014,94.1410,0.9396,-0.0169,fallback,0,3
175.307,94.2524,0.01779,0.01804,coast:0.040,93.2014,94.2524,1.0510,-0.0400,fallback,0,3
175.405,94.3629,0.01829,0.01784,coast:0.040,93.2014,94.3629,1.1615,0.0729,fallback,0,3
175.504,94.4907,0.01881,0.01777,coast:0.040,93.2014,94.4907,1.2893,-0.0070,fallback,0,3
175.603,94.5886,0.01871,0.01739,coast:0.040,93.2014,94.5886,1.3873,0.0585,fallback,0,3
175.707,94.6941,0.01800,0.01755,coast:0.040,93.2014,94.6941,1.4927,0.0338,fallback,0,3
175.807,94.7967,0.01892,0.01778,coast:0.040,93.2014,94.7967,1.5953,0.0417,fallback,0,3
175.904,94.9012,0.01852,0.01768,coast:0.040,93.2014,94.9012,1.6998,0.0151,fallback,0,3
176.006,95.0250,0.01837,0.01737,coast:0.040,93.2014,95.0250,1.8236,-0.0281,fallback,0,3
176.106,95.1191,0.01784,0.01698,coast:0.040,93.2014,95.1191,1.9178,0.0512,fallback,0,3
176.206,95.2333,0.01908,0.01709,coast:0.040,93.2014,95.2333,2.0320,0.0914,fallback,0,3
176.308,95.3536,0.01906,0.01701,coast:0.040,93.2014,95.3536,2.1523,0.0327,fallback,0,3
176.402,95.4677,0.01870,0.01776,coast:0.040,93.2014,95.4677,2.2663,-0.0141,fallback,0,3
176.503,95.5783,0.01914,0.01689,coast:0.040,93.2014,95.5783,2.3769,-0.0387,fallback,0,3
176.603,95.6987,0.01922,0.01705,coast:0.040,93.2014,95.6987,2.4973,0.0677,fallback,0,3
176.706,95.8131,0.01932,0.01763,coast:0.040,93.2014,95.8131,2.6118,0.0578,fallback,0,3
176.803,95.9041,0.01900,0.01717,coast:0.040,93.2014,95.9041,2.7027,0.0903,fallback,0,3
176.905,96.0157,0.01950,0.01770,coast:0.040,93.2014,96.0157,2.8144,0.1035,fallback,0,3
177.006,96.1210,0.01931,0.01716,coast:0.040,93.2014,96.1210,2.9197,0.0680,fallback,0,3
177.106,96.2294,0.01868,0.01784,coast:0.040,93.2014,96.2294,3.0280,-0.0293,fallback,0,3
177.206,96.3548,0.01871,0.01776,coast:0.040,93.2014,96.3548,3.1535,-0.0437,fallback,0,3
177.304,96.4570,0.01883,0.01779,coast:0.040,93.2014,96.4570,3.2557,-0.0023,fallback,0,3
177.403,96.5457,0.01884,0.01756,coast:0.040,93.2014,96.5457,3.3443,0.1048,fallback,0,3
177.508,96.6741,0.01891,0.01707,coast:0.040,93.2014,96.6741,3.4727,0.0883,fallback,0,3
177.606,96.7575,0.01822,0.01731,coast:0.040,93.2014,96.7575,3.5561,0.0240,fallback,0,3
177.705,96.8589,0.01907,0.01756,coast:0.040,93.2014,96.8589,3.6575,-0.0143,fallback,0,3
177.804,96.9666,0.01857,0.01710,coast:0.040,93.2014,96.9666,3.7653,0.0955,fallback,0,3
177.907,97.0700,0.01886,0.01749,coast:0.040,93.2014,97.0700,3.8686,0.1149,fallback,0,3
178.004,97.1806,0.01834,0.01744,coast:0.040,93.2014,97.1806,3.9793,-0.0235,fallback,0,3
178.106,97.2875,0.01839,0.01727,coast:0.040,93.2014,97.2875,4.0861,0.1048,fallback,0,3
178.208,97.3791,0.01856,0.01771,pulse:1:0.160,97.6764,97.3791,-0.2973,0.1182,guidance,0,3
178.305,97.4792,0.01818,0.01769,pulse:1:0.160,97.6764,97.4792,-0.1972,-0.0287,guidance,0,3
178.404,97.5677,0.01800,0.01726,pulse:1:0.160,97.6764,97.5677,-0.1087,-0.0557,guidance,0,3
178.508,97.6668,0.01758,0.01803,pulse:1:0.160,97.6764,97.6668,-0.0096,-0.0552,guidance,0,3
178.607,97.7549,0.01863,0.01793,pulse:1:0.160,97.6764,97.7549,0.0784,0.0279,guidance,0,3
178.704,97.8494,0.01717,0.01785,pulse:1:0.160,97.6764,97.8494,0.1729,-0.0317,guidance,0,3
178.807,97.9443,0.01772,0.01788,coast:0.040,97.6764,97.9443,0.2679,0.0348,fallback,0,3
178.903,98.0497,0.01835,0.01783,coast:0.040,97.6764,98.0497,0.3732,0.1010,fallback,0,3
179.006,98.1541,0.01805,0.01769,coast:0.040,97.6764,98.1541,0.4776,0.0839,fallback,0,3
179.106,98.2566,0.01787,0.01762,coast:0.040,97.6764,98.2566,0.5802,-0.0137,fallback,0,3
179.206,98.3637,0.01802,0.01823,coast:0.040,97.6764,98.3637,0.6873,0.0620,fallback,0,3
179.306,98.4510,0.01787,0.01776,coast:0.040,97.6764,98.4510,0.7745,0.0145,fallback,0,3
179.405,98.5676,0.01808,0.01698,coast:0.160,98.8579,98.5676,-0.2903,0.0842,guidance,0,3
179.504,98.6675,0.01832,0.01784,coast:0.160,98.8579,98.6675,-0.1904,0.0967,guidance,0,3
179.602,98.8024,0.01852,0.01725,coast:0.160,98.8579,98.8024,-0.0555,0.1139,guidance,0,3
179.704,98.9066,0.01857,0.01735,coast:0.160,98.8579,98.9066,0.0486,0.1155,guidance,0,3
179.806,99.0304,0.01815,0.01731,coast:0.160,98.8579,99.0304,0.1725,0.0741,guidance,0,3
179.907,99.1515,0.01839,0.01724,coast:0.320,99.6158,99.1515,-0.4642,0.0863,guidance,0,3
