t,attDeg,wParallel,wPerp,primitive,predAtt,actualAtt,predMinusActual,fuelMargin,phase,reachable,fdir
-0.001,63.8558,0.16668,0.07830,pulse:0+5:0.160,66.5326,63.8558,-2.6767,2.0571,guidance,0,
0.099,71.2867,0.17753,0.08151,pulse:0+5:0.160,66.5326,71.2867,4.7541,2.2371,guidance,0,
0.198,74.4448,0.17750,0.08282,pulse:0+5:0.160,66.5326,74.4448,7.9122,2.2409,guidance,0,
0.300,76.5027,0.17721,0.08406,pulse:0+5:0.160,66.5326,76.5027,9.9701,2.3404,guidance,0,
0.401,78.1555,0.17710,0.08555,pulse:0+5:0.160,66.5326,78.1555,11.6229,2.3526,guidance,0,
0.498,79.5101,0.17724,0.08690,pulse:0+5:0.160,66.5326,79.5101,12.9776,2.2294,guidance,0,
0.601,80.7877,0.17714,0.08689,pulse:0+5:0.160,83.6311,80.7877,-2.8434,2.3120,guidance,0,
0.700,81.9843,0.17737,0.08636,pulse:0+5:0.160,83.6311,81.9843,-1.6468,2.1141,guidance,0,
0.799,83.1027,0.17660,0.08369,pulse:0+5:0.160,83.6311,83.1027,-0.5285,2.1422,guidance,0,
0.900,84.2108,0.17567,0.08126,pulse:0+5:0.160,83.6311,84.2108,0.5797,2.3207,guidance,0,
0.998,85.2922,0.17593,0.07728,pulse:0+5:0.160,83.6311,85.2922,1.6611,2.2812,guidance,0,
1.099,86.3504,0.17657,0.07428,pulse:0+5:0.160,83.6311,86.3504,2.7193,2.3309,guidance,0,
1.150,86.9048,0.17632,0.07145,pulse:0+5:0.160,89.7318,86.9048,-2.8270,2.1682,guidance,0,
1.298,88.4020,0.17757,0.06429,pulse:0+5:0.160,89.7318,88.4020,-1.3298,2.3242,guidance,0,
1.400,89.4149,0.17679,0.05839,pulse:0+5:0.160,89.7318,89.4149,-0.3169,2.2438,guidance,0,
1.499,90.4108,0.17696,0.05277,pulse:0+5:0.160,89.7318,90.4108,0.6790,2.0604,guidance,0,
1.599,91.4210,0.17786,0.04891,pulse:0+5:0.160,89.7318,91.4210,1.6892,2.0085,guidance,0,
1.698,92.4189,0.17837,0.04594,pulse:0+5:0.160,95.2758,92.4189,-2.8569,2.0057,guidance,0,
1.800,93.4119,0.17873,0.04411,pulse:0+5:0.160,95.2758,93.4119,-1.8639,2.0623,guidance,0,
1.902,94.3969,0.17925,0.04164,pulse:0+5:0.160,95.2758,94.3969,-0.8789,2.0130,guidance,0,
1.998,95.3075,0.17837,0.04132,pulse:0+5:0.160,95.2758,95.3075,0.0317,2.2317,guidance,0,
2.103,96.3443,0.18046,0.04154,pulse:0+5:0.160,95.2758,96.3443,1.0686,2.1951,guidance,0,
2.198,97.2782,0.18102,0.04377,pulse:0+5:0.160,95.2758,97.2782,2.0025,2.1444,guidance,0,
2.299,98.2583,0.18251,0.04579,pulse:0+5:0.160,101.1816,98.2583,-2.9233,2.0634,guidance,0,
2.403,99.2705,0.18381,0.04873,pulse:0+5:0.160,101.1816,99.2705,-1.9111,1.9982,guidance,0,
2.500,100.1966,0.18409,0.05079,pulse:0+5:0.160,101.1816,100.1966,-0.9850,2.0256,guidance,0,
2.598,101.1595,0.18441,0.05270,pulse:0+5:0.160,101.1816,101.1595,-0.0221,1.9957,guidance,0,
2.699,102.1404,0.18597,0.05547,pulse:0+5:0.160,101.1816,102.1404,0.9589,2.2219,guidance,0,
2.797,103.1106,0.18716,0.05873,pulse:0+5:0.160,101.1816,103.1106,1.9290,2.0362,guidance,0,
2.899,104.1280,0.18949,0.06222,pulse:0+5:0.160,107.1637,104.1280,-3.0357,2.1400,guidance,0,
2.998,105.1390,0.19076,0.06571,pulse:0+5:0.160,107.1637,105.1390,-2.0247,2.1063,guidance,0,
3.101,106.1955,0.19098,0.06675,pulse:0+5:0.160,107.1637,106.1955,-0.9682,2.1076,guidance,0,
3.199,107.1720,0.19099,0.06901,pulse:0+5:0.160,107.1637,107.1720,0.0083,2.2870,guidance,0,
3.303,108.2174,0.19218,0.07121,pulse:0+5:0.160,107.1637,108.2174,1.0537,2.0889,guidance,0,
3.397,109.1859,0.19313,0.07354,pulse:0+5:0.160,107.1637,109.1859,2.0222,2.2648,guidance,0,
3.499,110.2094,0.19371,0.07547,pulse:0+5:0.160,113.3129,110.2094,-3.1035,2.1195,guidance,0,
3.603,111.2619,0.19379,0.07621,pulse:0+5:0.160,113.3129,111.2619,-2.0510,2.0685,guidance,0,
3.699,112.2294,0.19211,0.07500,pulse:0+5:0.160,113.3129,112.2294,-1.0834,2.0375,guidance,0,
3.803,113.2857,0.19133,0.07429,pulse:0+5:0.160,113.3129,113.2857,-0.0272,2.0198,guidance,0,
3.900,114.2242,0.18995,0.07312,pulse:0+5:0.160,113.3129,114.2242,0.9113,2.1518,guidance,0,
3.998,115.1999,0.18864,0.07183,pulse:0+5:0.160,113.3129,115.1999,1.8870,2.0592,guidance,0,
4.101,116.2268,0.18779,0.06885,pulse:0+5:0.160,119.2344,116.2268,-3.0075,2.2052,guidance,0,
4.200,117.1926,0.18568,0.06725,pulse:0+5:0.160,119.2344,117.1926,-2.0418,2.1831,guidance,0,
4.300,118.1417,0.18332,0.06334,pulse:0+5:0.160,119.2344,118.1417,-1.0927,2.1474,guidance,0,
4.401,119.0801,0.18066,0.05900,pulse:0+5:0.160,119.2344,119.0801,-0.1543,2.0117,guidance,0,
4.500,119.9974,0.17699,0.05565,pulse:0+5:0.160,119.2344,119.9974,0.7630,1.9777,guidance,0,
4.600,120.9250,0.17515,0.05203,pulse:0+5:0.160,119.2344,120.9250,1.6907,2.0254,guidance,0,
4.649,121.3233,0.17371,0.05069,pulse:0+5:0.160,124.1042,121.3233,-2.7809,2.2220,guidance,0,
4.803,122.7283,0.17024,0.04619,pulse:0+5:0.160,124.1042,122.7283,-1.3759,2.0550,guidance,0,
4.898,123.5529,0.16669,0.04194,pulse:0+5:0.160,124.1042,123.5529,-0.5513,1.9926,guidance,0,
5.001,124.4271,0.16357,0.03894,pulse:0+5:0.160,124.1042,124.4271,0.3229,2.1303,guidance,0,
5.097,125.2385,0.16204,0.03713,pulse:0+5:0.160,124.1042,125.2385,1.1343,2.1095,guidance,0,
5.201,126.0910,0.16053,0.03585,pulse:0+5:0.160,128.6603,126.0910,-2.5693,2.1104,guidance,0,
5.302,126.9230,0.15880,0.03456,pulse:0+5:0.160,128.6603,126.9230,-1.7372,2.2034,guidance,0,
5.398,127.6906,0.15671,0.03355,pulse:0+5:0.160,128.6603,127.6906,-0.9697,2.0788,guidance,0,
5.501,128.5144,0.15558,0.03273,pulse:0+5:0.160,128.6603,128.5144,-0.1459,2.0115,guidance,0,
5.602,129.3402,0.15618,0.03370,pulse:0+5:0.160,128.6603,129.3402,0.6799,2.1544,guidance,0,
5.700,130.1377,0.15622,0.03397,pulse:0+5:0.160,128.6603,130.1377,1.4774,2.2108,guidance,0,
5.800,130.9461,0.15602,0.03453,pulse:0+5:0.160,133.4429,130.9461,-2.4968,2.1301,guidance,0,
5.902,131.7940,0.15678,0.03610,pulse:0+5:0.160,133.4429,131.7940,-1.6489,2.0553,guidance,0,
5.999,132.5926,0.15709,0.03823,pulse:0+5:0.160,133.4429,132.5926,-0.8503,2.0454,guidance,0,
6.097,133.3932,0.15745,0.03909,pulse:0+5:0.160,133.4429,133.3932,-0.0497,2.1573,guidance,0,
6.199,134.2532,0.15878,0.04227,pulse:0+5:0.160,133.4429,134.2532,0.8103,2.0540,guidance,0,
6.297,135.0652,0.16041,0.04464,pulse:0+5:0.160,133.4429,135.0652,1.6223,2.2416,guidance,0,
6.403,135.9796,0.16278,0.04727,pulse:0+5:0.160,138.5847,135.9796,-2.6051,2.2545,guidance,0,
6.502,136.8172,0.16448,0.05006,pulse:0+5:0.160,138.5847,136.8172,-1.7675,2.1351,guidance,0,
6.601,137.6990,0.16554,0.05193,pulse:0+5:0.160,138.5847,137.6990,-0.8857,1.9878,guidance,0,
6.702,138.5888,0.16619,0.05278,pulse:0+5:0.160,138.5847,138.5888,0.0041,2.0302,guidance,0,
6.802,139.4764,0.16824,0.05534,pulse:0+5:0.160,138.5847,139.4764,0.8917,2.0680,guidance,0,
6.901,140.3360,0.16970,0.05629,pulse:0+5:0.160,138.5847,140.3360,1.7513,2.0131,guidance,0,
6.998,141.2037,0.17077,0.05796,pulse:0+5:0.160,143.9369,141.2037,-2.7332,2.1193,guidance,0,
7.101,142.1418,0.17195,0.05930,pulse:0+5:0.160,143.9369,142.1418,-1.7951,2.1920,guidance,0,
7.197,143.0128,0.17106,0.05780,pulse:0+5:0.160,143.9369,143.0128,-0.9241,2.0950,guidance,0,
7.303,143.9544,0.17056,0.05803,pulse:0+5:0.160,143.9369,143.9544,0.0175,2.1002,guidance,0,
7.402,144.8701,0.17086,0.05758,pulse:0+5:0.160,143.9369,144.8701,0.9332,2.0772,guidance,0,
7.503,145.7983,0.16998,0.05795,pulse:0+5:0.160,148.5187,145.7983,-2.7204,2.1202,guidance,0,
7.602,146.6862,0.16941,0.05704,pulse:0+5:0.160,148.5187,146.6862,-1.8325,2.2172,guidance,0,
7.697,147.5484,0.16789,0.05603,pulse:0+5:0.160,148.5187,147.5484,-0.9703,2.0982,guidance,0,
7.800,148.4465,0.16552,0.05462,pulse:0+5:0.160,148.5187,148.4465,-0.0722,2.1040,guidance,0,
7.902,149.3646,0.16448,0.05466,pulse:0+5:0.160,148.5187,149.3646,0.8460,2.0660,guidance,0,
8.003,150.2332,0.16309,0.05459,pulse:0+5:0.160,148.5187,150.2332,1.7145,2.2177,guidance,0,
8.101,151.0622,0.16148,0.05404,pulse:0+5:0.320,155.1109,151.0622,-4.0487,2.0938,guidance,0,
8.200,151.9115,0.15988,0.05410,pulse:0+5:0.320,155.1109,151.9115,-3.1995,2.1924,guidance,0,
8.301,152.7703,0.15759,0.05260,pulse:0+5:0.320,155.1109,152.7703,-2.3407,2.0109,guidance,0,
8.400,153.5964,0.15574,0.05095,pulse:0+5:0.320,155.1109,153.5964,-1.5145,2.1825,guidance,0,
8.498,154.4016,0.15286,0.04928,pulse:0+5:0.320,155.1109,154.4016,-0.7093,2.2296,guidance,0,
8.602,155.2347,0.15093,0.04838,pulse:0+5:0.320,159.0179,155.2347,-3.7832,2.2437,guidance,0,
8.698,156.0056,0.15055,0.04820,pulse:0+5:0.320,159.0179,156.0056,-3.0123,2.0747,guidance,0,
8.799,156.8121,0.14796,0.04553,pulse:0+5:0.320,159.0179,156.8121,-2.2058,2.1749,guidance,0,
8.897,157.5746,0.14633,0.04394,pulse:0+5:0.320,159.0179,157.5746,-1.4433,1.9721,guidance,0,
8.998,158.3487,0.14421,0.04225,pulse:0+5:0.320,159.0179,158.3487,-0.6692,1.9439,guidance,0,
9.100,159.1338,0.14421,0.04093,pulse:0+5:0.320,159.0179,159.1338,0.1159,1.9440,guidance,0,
9.198,159.9164,0.14398,0.04106,pulse:0+5:0.320,163.5240,159.9164,-3.6076,1.9448,guidance,0,
9.302,160.7215,0.14441,0.04117,pulse:0+5:0.320,163.5240,160.7215,-2.8025,1.8945,guidance,0,
9.402,161.4760,0.14329,0.04028,pulse:0+5:0.320,163.5240,161.4760,-2.0480,2.1340,guidance,0,
9.500,162.2248,0.14298,0.03947,pulse:0+5:0.320,163.5240,162.2248,-1.2992,2.0653,guidance,0,
9.601,163.0049,0.14245,0.03826,pulse:0+5:0.320,163.5240,163.0049,-0.5191,2.0117,guidance,0,
9.698,163.7516,0.14195,0.03881,pulse:0+5:0.320,163.5240,163.7516,0.2276,2.0536,guidance,0,
9.801,164.5462,0.14275,0.04028,pulse:0+5:0.320,168.1221,164.5462,-3.5760,1.9396,guidance,0,
9.899,165.3117,0.14389,0.04059,pulse:0+5:0.320,168.1221,165.3117,-2.8104,1.8869,guidance,0,
10.003,166.1095,0.14308,0.04027,pulse:0+5:0.320,168.1221,166.1095,-2.0126,2.0071,guidance,0,
10.103,166.8755,0.14256,0.03981,pulse:0+5:0.320,168.1221,166.8755,-1.2466,1.9648,guidance,0,
10.199,167.6140,0.14164,0.03864,pulse:0+5:0.320,168.1221,167.6140,-0.5082,2.0666,guidance,0,
10.303,168.3888,0.14146,0.03896,pulse:0+5:0.320,171.9321,168.3888,-3.5433,2.1209,guidance,0,
10.402,169.1622,0.14133,0.03846,pulse:0+5:0.320,171.9321,169.1622,-2.7699,1.9932,guidance,0,
10.500,169.8953,0.14082,0.03799,pulse:0+5:0.320,171.9321,169.8953,-2.0368,2.1543,guidance,0,
10.600,170.6423,0.13905,0.03649,pulse:0+5:0.320,171.9321,170.6423,-1.2897,1.9392,guidance,0,
10.701,171.4041,0.13735,0.03448,pulse:0+5:0.320,171.9321,171.4041,-0.5280,2.1472,guidance,0,
10.798,172.1277,0.13728,0.03400,pulse:0+5:0.320,171.9321,172.1277,0.1957,2.0351,guidance,0,
10.900,172.8976,0.13617,0.03459,coast:0.320,176.3288,172.8976,-3.4312,2.1670,guidance,0,
11.000,173.6428,0.13626,0.03545,coast:0.320,176.3288,173.6428,-2.6861,1.9580,guidance,0,
11.100,174.3927,0.13580,0.03634,coast:0.320,176.3288,174.3927,-1.9361,2.0931,guidance,0,
11.201,175.1375,0.13518,0.03705,coast:0.320,176.3288,175.1375,-1.1913,1.9875,guidance,0,
11.298,175.8505,0.13503,0.03861,coast:0.320,176.3288,175.8505,-0.4783,2.0968,guidance,0,
11.400,176.5809,0.13541,0.03956,coast:0.320,176.3288,176.5809,0.2521,2.0543,guidance,0,
11.501,177.3355,0.13441,0.04107,coast:0.320,179.2773,177.3355,-1.9418,2.0287,guidance,0,
11.598,178.0665,0.13440,0.04167,coast:0.320,179.2773,178.0665,-1.2108,1.9237,guidance,0,
11.702,178.8399,0.13438,0.04308,coast:0.320,179.2773,178.8399,-0.4374,2.0967,guidance,0,
11.799,179.5425,0.13428,0.04379,coast:0.320,179.2773,179.5425,0.2652,2.0894,guidance,0,
11.899,179.7219,-0.13465,0.04526,coast:0.320,179.2773,179.7219,0.4446,2.1001,guidance,0,
11.999,178.9703,-0.13466,0.04572,coast:0.320,179.2773,178.9703,-0.3070,1.9667,guidance,0,
12.100,178.2064,-0.13478,0.04662,coast:0.320,174.8103,178.2064,3.3962,2.0805,guidance,0,
12.201,177.4524,-0.13531,0.04698,coast:0.320,174.8103,177.4524,2.6421,2.1486,guidance,0,
12.303,176.6942,-0.13568,0.04726,coast:0.320,174.8103,176.6942,1.8839,2.1592,guidance,0,
12.398,175.9696,-0.13647,0.04667,coast:0.320,174.8103,175.9696,1.1594,1.9556,guidance,0,
12.500,175.2188,-0.13664,0.04767,coast:0.320,174.8103,175.2188,0.4086,2.0082,guidance,0,
12.597,174.4740,-0.13732,0.04725,coast:0.320,174.8103,174.4740,-0.3362,2.0009,guidance,0,
12.699,173.6864,-0.13774,0.04722,coast:0.320,170.2166,173.6864,3.4698,2.0299,guidance,0,
12.801,172.9101,-0.13727,0.04669,coast:0.320,170.2166,172.9101,2.6935,1.9471,guidance,0,
12.898,172.1618,-0.13809,0.04705,coast:0.320,170.2166,172.1618,1.9453,2.1076,guidance,0,
12.997,171.3896,-0.13845,0.04702,coast:0.320,170.2166,171.3896,1.1731,2.1346,guidance,0,
13.098,170.6210,-0.13868,0.04638,coast:0.320,170.2166,170.6210,0.4045,2.1280,guidance,0,
13.198,169.8657,-0.13815,0.04615,coast:0.320,170.2166,169.8657,-0.3508,1.9649,guidance,0,
13.298,169.0708,-0.13816,0.04570,coast:0.320,165.5912,169.0708,3.4797,2.0894,guidance,0,
13.401,168.2831,-0.13789,0.04539,coast:0.320,165.5912,168.2831,2.6919,2.0067,guidance,0,
13.497,167.5430,-0.13719,0.04413,coast:0.320,165.5912,167.5430,1.9518,1.9634,guidance,0,
13.603,166.7574,-0.13631,0.04340,coast:0.320,165.5912,166.7574,1.1662,1.8847,guidance,0,
13.703,166.0177,-0.13614,0.04245,coast:0.320,165.5912,166.0177,0.4265,2.1253,guidance,0,
13.799,165.3042,-0.13428,0.04195,coast:0.320,161.9221,165.3042,3.3821,2.1737,guidance,0,
13.898,164.5370,-0.13385,0.04126,coast:0.320,161.9221,164.5370,2.6149,1.9566,guidance,0,
14.002,163.7780,-0.13288,0.04022,coast:0.320,161.9221,163.7780,1.8559,1.8980,guidance,0,
14.103,163.0347,-0.13141,0.03877,coast:0.320,161.9221,163.0347,1.1126,1.9442,guidance,0,
14.201,162.3139,-0.13066,0.03883,coast:0.320,161.9221,162.3139,0.3918,1.9837,guidance,0,
14.299,161.5975,-0.12992,0.03827,coast:0.320,158.3249,161.5975,3.2726,2.0844,guidance,0,
14.401,160.8455,-0.12861,0.03767,coast:0.320,158.3249,160.8455,2.5206,2.1662,guidance,0,
14.499,160.1511,-0.12838,0.03833,coast:0.320,158.3249,160.1511,1.8263,2.0587,guidance,0,
14.601,159.4069,-0.12744,0.03739,coast:0.320,158.3249,159.4069,1.0820,2.0959,guidance,0,
14.703,158.6909,-0.12695,0.03764,coast:0.320,158.3249,158.6909,0.3661,1.9927,guidance,0,
14.798,158.0261,-0.12621,0.03786,coast:0.320,158.3249,158.0261,-0.2988,2.1601,guidance,0,
14.897,157.3334,-0.12568,0.03862,coast:0.320,154.1674,157.3334,3.1660,2.0188,guidance,0,
14.998,156.6292,-0.12617,0.03921,coast:0.320,154.1674,156.6292,2.4617,1.9800,guidance,0,
15.100,155.9324,-0.12618,0.03966,coast:0.320,154.1674,155.9324,1.7650,2.0388,guidance,0,
15.197,155.2468,-0.12626,0.04029,coast:0.320,154.1674,155.2468,1.0794,1.9436,guidance,0,
15.302,154.5103,-0.12717,0.04165,coast:0.320,154.1674,154.5103,0.3428,1.8832,guidance,0,
15.397,153.8173,-0.12712,0.04165,coast:0.320,154.1674,153.8173,-0.3501,2.0280,guidance,0,
15.502,153.0645,-0.12839,0.04262,coast:0.320,149.8306,153.0645,3.2338,2.0091,guidance,0,
15.602,152.3410,-0.12879,0.04402,coast:0.320,149.8306,152.3410,2.5104,1.9854,guidance,0,
15.697,151.6431,-0.12942,0.04538,coast:0.320,149.8306,151.6431,1.8124,2.1351,guidance,0,
15.801,150.8624,-0.13093,0.04609,coast:0.320,149.8306,150.8624,1.0317,2.0513,guidance,0,
15.901,150.1053,-0.13180,0.04634,coast:0.320,149.8306,150.1053,0.2747,2.0988,guidance,0,
16.003,149.3634,-0.13264,0.04893,coast:0.320,146.0237,149.3634,3.3397,2.0315,guidance,0,
16.097,148.6484,-0.13353,0.04873,coast:0.320,146.0237,148.6484,2.6247,2.1709,guidance,0,
16.202,147.8514,-0.13379,0.04998,coast:0.320,146.0237,147.8514,1.8278,2.1214,guidance,0,
16.300,147.0966,-0.13526,0.05034,coast:0.320,146.0237,147.0966,1.0729,1.9289,guidance,0,
16.398,146.3460,-0.13487,0.05135,coast:0.320,146.0237,146.3460,0.3223,1.9295,guidance,0,
16.501,145.5638,-0.13566,0.05134,coast:0.320,146.0237,145.5638,-0.4599,1.9494,guidance,0,
16.602,144.7898,-0.13573,0.05249,coast:0.320,141.3731,144.7898,3.4166,1.8880,guidance,0,
16.700,144.0298,-0.13551,0.05267,coast:0.320,141.3731,144.0298,2.6567,1.9928,guidance,0,
16.803,143.2510,-0.13529,0.05273,coast:0.320,141.3731,143.2510,1.8779,2.0815,guidance,0,
16.898,142.5230,-0.13481,0.05327,coast:0.320,141.3731,142.5230,1.1499,1.9250,guidance,0,
17.002,141.7557,-0.13433,0.05366,coast:0.320,141.3731,141.7557,0.3825,2.1310,guidance,0,
17.099,141.0536,-0.13377,0.05256,coast:0.320,141.3731,141.0536,-0.3195,2.1068,guidance,0,
17.199,140.3173,-0.13224,0.05324,coast:0.320,136.9889,140.3173,3.3283,1.9156,guidance,0,
17.300,139.5647,-0.13207,0.05335,coast:0.320,136.9889,139.5647,2.5758,1.9526,guidance,0,
17.401,138.8121,-0.13147,0.05324,coast:0.320,136.9889,138.8121,1.8232,1.9826,guidance,0,
17.498,138.0992,-0.13033,0.05263,coast:0.320,136.9889,138.0992,1.1103,2.1552,guidance,0,
17.599,137.3585,-0.12911,0.05324,coast:0.320,136.9889,137.3585,0.3695,2.1408,guidance,0,
17.700,136.6053,-0.12769,0.05215,coast:0.320,133.3914,136.6053,3.2139,1.9215,guidance,0,
17.798,135.8995,-0.12726,0.05204,coast:0.320,133.3914,135.8995,2.5081,2.0363,guidance,0,
17.901,135.1580,-0.12661,0.05176,coast:0.320,133.3914,135.1580,1.7666,2.0668,guidance,0,
18.002,134.4350,-0.12557,0.05131,coast:0.320,133.3914,134.4350,1.0436,2.1683,guidance,0,
18.103,133.7331,-0.12505,0.05121,coast:0.320,133.3914,133.7331,0.3417,2.0168,guidance,0,
18.202,133.0287,-0.12439,0.04989,coast:0.320,129.8977,133.0287,3.1310,1.9711,guidance,0,
18.301,132.3459,-0.12397,0.05054,coast:0.320,129.8977,132.3459,2.4483,1.9010,guidance,0,
18.399,131.6569,-0.12412,0.05010,coast:0.320,129.8977,131.6569,1.7592,1.8721,guidance,0,
18.502,130.9371,-0.12411,0.04976,coast:0.320,129.8977,130.9371,1.0394,2.0067,guidance,0,
18.601,130.2383,-0.12364,0.04964,coast:0.320,129.8977,130.2383,0.3406,2.1430,guidance,0,
18.699,129.5615,-0.12394,0.04996,coast:0.320,129.8977,129.5615,-0.3361,2.0240,guidance,0,
18.803,128.8242,-0.12495,0.04949,coast:0.320,125.6794,128.8242,3.1447,2.0370,guidance,0,
18.898,128.1524,-0.12533,0.04988,coast:0.320,125.6794,128.1524,2.4730,2.1314,guidance,0,
19.002,127.4108,-0.12559,0.05054,coast:0.320,125.6794,127.4108,1.7313,1.9634,guidance,0,
19.101,126.7390,-0.12586,0.05026,coast:0.320,125.6794,126.7390,1.0595,1.9816,guidance,0,
19.202,126.0086,-0.12619,0.05056,coast:0.320,125.6794,126.0086,0.3292,1.9841,guidance,0,
19.298,125.3201,-0.12702,0.05100,coast:0.320,125.6794,125.3201,-0.3593,1.8762,guidance,0,
19.400,124.5797,-0.12716,0.05150,coast:0.320,121.3803,124.5797,3.1994,2.0238,guidance,0,
19.499,123.8673,-0.12785,0.05192,coast:0.320,121.3803,123.8673,2.4870,1.8855,guidance,0,
19.599,123.1526,-0.12822,0.05239,coast:0.320,121.3803,123.1526,1.7723,2.1310,guidance,0,
19.702,122.4213,-0.12787,0.05344,coast:0.320,121.3803,122.4213,1.0410,2.0222,guidance,0,
19.800,121.6977,-0.12826,0.05380,coast:0.320,121.3803,121.6977,0.3174,2.1561,guidance,0,
19.901,120.9663,-0.12803,0.05410,pulse:5:0.320,117.7593,120.9663,3.2070,1.9689,guidance,0,
19.998,120.2451,-0.12812,0.05507,pulse:5:0.320,117.7593,120.2451,2.4859,2.1177,guidance,0,
20.099,119.5118,-0.12728,0.05545,pulse:5:0.320,117.7593,119.5118,1.7526,1.9876,guidance,0,
20.200,118.7786,-0.12667,0.05593,pulse:5:0.320,117.7593,118.7786,1.0193,1.9544,guidance,0,
20.301,118.0764,-0.12527,0.05705,pulse:5:0.320,117.7593,118.0764,0.3171,1.9654,guidance,0,
20.402,117.3600,-0.12455,0.05768,coast:0.320,114.2282,117.3600,3.1318,1.9264,guidance,0,
20.497,116.7062,-0.12349,0.05804,coast:0.320,114.2282,116.7062,2.4780,1.9958,guidance,0,
20.601,115.9749,-0.12339,0.05866,coast:0.320,114.2282,115.9749,1.7467,2.0532,guidance,0,
20.702,115.2886,-0.12332,0.05984,coast:0.320,114.2282,115.2886,1.0604,2.1474,guidance,0,
20.803,114.5821,-0.12191,0.06044,coast:0.320,114.2282,114.5821,0.3539,2.0364,guidance,0,
20.900,113.8950,-0.12108,0.06085,coast:0.320,114.2282,113.8950,-0.3332,1.9049,guidance,0,
20.998,113.2149,-0.12112,0.06210,pulse:5:0.320,110.1846,113.2149,3.0303,1.9224,guidance,0,
21.100,112.4882,-0.12052,0.06264,pulse:5:0.320,110.1846,112.4882,2.3036,1.9034,guidance,0,
21.203,111.7924,-0.11913,0.06261,pulse:5:0.320,110.1846,111.7924,1.6078,2.0389,guidance,0,
21.301,111.1276,-0.11912,0.06339,pulse:5:0.320,110.1846,111.1276,0.9430,1.9099,guidance,0,
21.403,110.4367,-0.11682,0.06303,pulse:5:0.320,110.1846,110.4367,0.2522,2.0589,guidance,0,
21.502,109.7599,-0.11671,0.06416,coast:0.320,106.8278,109.7599,2.9321,2.0412,guidance,0,
21.598,109.1182,-0.11677,0.06453,coast:0.320,106.8278,109.1182,2.2904,1.8958,guidance,0,
21.701,108.4251,-0.11703,0.06359,coast:0.320,106.8278,108.4251,1.5973,2.0843,guidance,0,
21.799,107.7769,-0.11704,0.06453,coast:0.320,106.8278,107.7769,0.9491,2.0923,guidance,0,
21.902,107.1158,-0.11727,0.06509,coast:0.320,106.8278,107.1158,0.2880,1.9637,guidance,0,
22.002,106.4516,-0.11757,0.06469,pulse:5:0.320,103.5126,106.4516,2.9391,1.9057,guidance,0,
22.102,105.7690,-0.11726,0.06457,pulse:5:0.320,103.5126,105.7690,2.2564,2.0432,guidance,0,
22.198,105.1142,-0.11711,0.06474,pulse:5:0.320,103.5126,105.1142,1.6017,2.0026,guidance,0,
22.297,104.4378,-0.11654,0.06438,pulse:5:0.320,103.5126,104.4378,0.9253,2.1425,guidance,0,
22.398,103.7727,-0.11656,0.06459,pulse:5:0.320,103.5126,103.7727,0.2602,2.0102,guidance,0,
22.503,103.0544,-0.11641,0.06442,pulse:0+5:0.320,100.1511,103.0544,2.9033,2.0373,guidance,0,
22.603,102.4028,-0.11634,0.06390,pulse:0+5:0.320,100.1511,102.4028,2.2517,2.0093,guidance,0,
22.702,101.7550,-0.11517,0.06361,pulse:0+5:0.320,100.1511,101.7550,1.6039,2.0490,guidance,0,
22.802,101.1008,-0.11367,0.06235,pulse:0+5:0.320,100.1511,101.1008,0.9497,2.0267,guidance,0,
22.900,100.4595,-0.11306,0.06129,pulse:0+5:0.320,100.1511,100.4595,0.3084,2.0149,guidance,0,
23.000,99.8242,-0.11230,0.06021,pulse:0+5:0.320,100.1511,99.8242,-0.3269,1.8922,guidance,0,
23.101,99.1612,-0.11163,0.06098,pulse:0+5:0.320,96.3776,99.1612,2.7836,2.0261,guidance,0,
23.198,98.5551,-0.11176,0.06056,pulse:0+5:0.320,96.3776,98.5551,2.1776,2.1402,guidance,0,
23.302,97.9029,-0.11006,0.06042,pulse:0+5:0.320,96.3776,97.9029,1.5253,2.0634,guidance,0,
23.398,97.2897,-0.10870,0.05993,pulse:0+5:0.320,96.3776,97.2897,0.9122,2.1009,guidance,0,
23.499,96.6674,-0.10775,0.05914,pulse:0+5:0.320,96.3776,96.6674,0.2898,1.9474,guidance,0,
23.601,96.0525,-0.10613,0.05882,pulse:0+5:0.320,96.3776,96.0525,-0.3251,1.9486,guidance,0,
23.700,95.4576,-0.10569,0.05939,coast:0.320,92.8036,95.4576,2.6540,1.8450,guidance,0,
23.802,94.8343,-0.10571,0.06016,coast:0.320,92.8036,94.8343,2.0307,2.0374,guidance,0,
23.902,94.2205,-0.10446,0.06017,coast:0.320,92.8036,94.2205,1.4168,2.0782,guidance,0,
24.003,93.6240,-0.10433,0.06153,coast:0.320,92.8036,93.6240,0.8204,2.1271,guidance,0,
24.101,93.0457,-0.10391,0.06209,coast:0.320,92.8036,93.0457,0.2420,2.0895,guidance,0,
24.203,92.4320,-0.10384,0.06248,pulse:5:0.320,89.8407,92.4320,2.5914,2.0436,guidance,0,
24.297,91.8723,-0.10334,0.06404,pulse:5:0.320,89.8407,91.8723,2.0316,2.0223,guidance,0,
24.401,91.2929,-0.10253,0.06438,pulse:5:0.320,89.8407,91.2929,1.4522,2.0454,guidance,0,
24.501,90.7200,-0.10122,0.06623,pulse:5:0.320,89.8407,90.7200,0.8794,1.8819,guidance,0,
24.601,90.1369,-0.10042,0.06614,pulse:5:0.320,89.8407,90.1369,0.2962,2.0579,guidance,0,
24.701,89.5895,-0.09981,0.06657,pulse:5:0.320,89.8407,89.5895,-0.2512,2.1025,guidance,0,
24.797,89.0385,-0.10026,0.06851,pulse:0:0.320,86.5307,89.0385,2.5078,1.8861,guidance,0,
24.899,88.4627,-0.09967,0.06821,pulse:0:0.320,86.5307,88.4627,1.9321,2.0886,guidance,0,
25.000,87.8819,-0.10021,0.06795,pulse:0:0.320,86.5307,87.8819,1.3512,1.8622,guidance,0,
25.101,87.3120,-0.09922,0.06829,pulse:0:0.320,86.5307,87.3120,0.7814,2.0700,guidance,0,
25.198,86.7730,-0.09878,0.06764,pulse:0:0.320,86.5307,86.7730,0.2424,1.9461,guidance,0,
25.302,86.2028,-0.09892,0.06795,coast:0.320,83.7241,86.2028,2.4787,1.9786,guidance,0,
25.397,85.6663,-0.09884,0.06847,coast:0.320,83.7241,85.6663,1.9422,1.9935,guidance,0,
25.455,85.3476,-0.09785,0.06913,coast:0.320,83.7241,85.3476,1.6235,1.9300,guidance,0,
25.553,84.7919,-0.09931,0.06959,coast:0.320,83.7241,84.7919,1.0678,1.9292,guidance,0,
25.655,84.2158,-0.09922,0.06975,coast:0.320,83.7241,84.2158,0.4917,1.8925,guidance,0,
25.755,83.6431,-0.09882,0.07054,coast:0.320,83.7241,83.6431,-0.0810,2.0142,guidance,0,
25.858,83.0531,-0.09933,0.07064,pulse:5:0.320,80.5811,83.0531,2.4720,2.0409,guidance,0,
25.956,82.4824,-0.09877,0.07094,pulse:5:0.320,80.5811,82.4824,1.9013,2.0514,guidance,0,
26.105,81.6529,-0.09763,0.07163,pulse:5:0.320,80.5811,81.6529,1.0718,1.8792,guidance,0,
26.204,81.0997,-0.09690,0.07197,pulse:5:0.320,80.5811,81.0997,0.5186,2.0319,guidance,0,
26.305,80.5662,-0.09571,0.07184,pulse:5:0.320,80.5811,80.5662,-0.0149,2.0182,guidance,0,
26.408,80.0090,-0.09484,0.07195,pulse:5:0.320,77.6515,80.0090,2.3574,1.8653,guidance,0,
26.506,79.4567,-0.09431,0.07250,pulse:5:0.320,77.6515,79.4567,1.8052,2.0759,guidance,0,
26.604,78.9303,-0.09363,0.07277,pulse:5:0.320,77.6515,78.9303,1.2788,1.8426,guidance,0,
26.702,78.4139,-0.09214,0.07200,pulse:5:0.320,77.6515,78.4139,0.7624,1.9433,guidance,0,
26.804,77.8776,-0.09032,0.07232,pulse:5:0.320,77.6515,77.8776,0.2261,2.0335,guidance,0,
26.904,77.3692,-0.08946,0.07258,pulse:5:0.320,77.6515,77.3692,-0.2823,1.9060,guidance,0,
27.005,76.8630,-0.08851,0.07288,pulse:5:0.320,74.6665,76.8630,2.1965,1.9403,guidance,0,
27.108,76.3404,-0.08790,0.07304,pulse:5:0.320,74.6665,76.3404,1.6739,1.8113,guidance,0,
27.204,75.8658,-0.08680,0.07295,pulse:5:0.320,74.6665,75.8658,1.1993,1.8968,guidance,0,
27.302,75.4031,-0.08489,0.07292,pulse:5:0.320,74.6665,75.4031,0.7366,2.0262,guidance,0,
27.404,74.9054,-0.08370,0.07395,pulse:5:0.320,74.6665,74.9054,0.2389,1.8260,guidance,0,
27.503,74.4506,-0.08314,0.07356,pulse:5:0.320,74.6665,74.4506,-0.2159,1.9090,guidance,0,
27.602,73.9784,-0.08289,0.07427,pulse:0:0.320,71.9130,73.9784,2.0655,1.8136,guidance,0,
27.702,73.5104,-0.08195,0.07429,pulse:0:0.320,71.9130,73.5104,1.5974,1.8001,guidance,0,
27.808,73.0076,-0.08113,0.07339,pulse:0:0.320,71.9130,73.0076,1.0946,1.9055,guidance,0,
27.908,72.5491,-0.08137,0.07300,pulse:0:0.320,71.9130,72.5491,0.6362,1.9720,guidance,0,
28.004,72.1141,-0.08004,0.07224,pulse:0:0.320,71.9130,72.1141,0.2011,1.9534,guidance,0,
28.103,71.6622,-0.08013,0.07151,pulse:5:0.320,69.6779,71.6622,1.9844,1.9394,guidance,0,
28.203,71.2001,-0.08048,0.07242,pulse:5:0.320,69.6779,71.2001,1.5222,1.8516,guidance,0,
28.304,70.7166,-0.07995,0.07271,pulse:5:0.320,69.6779,70.7166,1.0387,2.0502,guidance,0,
28.356,70.4682,-0.07905,0.07244,pulse:5:0.320,69.6779,70.4682,0.7903,1.9370,guidance,0,
28.505,69.8091,-0.07737,0.07365,pulse:5:0.320,69.6779,69.8091,0.1312,1.9135,guidance,0,
28.606,69.3459,-0.07788,0.07440,pulse:5:0.320,67.4208,69.3459,1.9251,2.0282,guidance,0,
28.703,68.9084,-0.07698,0.07488,pulse:5:0.320,67.4208,68.9084,1.4877,1.9959,guidance,0,
28.807,68.4386,-0.07695,0.07577,pulse:5:0.320,67.4208,68.4386,1.0178,2.0239,guidance,0,
28.902,68.0179,-0.07574,0.07616,pulse:5:0.320,67.4208,68.0179,0.5972,1.8941,guidance,0,
29.005,67.5659,-0.07477,0.07739,pulse:5:0.320,67.4208,67.5659,0.1451,1.8312,guidance,0,
29.102,67.1646,-0.07456,0.07803,pulse:5:0.320,67.4208,67.1646,-0.2562,1.9773,guidance,0,
29.207,66.7244,-0.07425,0.07846,pulse:0:0.320,64.8807,66.7244,1.8437,1.8705,guidance,0,
29.304,66.3042,-0.07342,0.07954,pulse:0:0.320,64.8807,66.3042,1.4235,1.9614,guidance,0,
29.406,65.8716,-0.07333,0.07959,pulse:0:0.320,64.8807,65.8716,0.9910,1.7973,guidance,0,
29.505,65.4548,-0.07272,0.07872,pulse:0:0.320,64.8807,65.4548,0.5741,1.9226,guidance,0,
29.608,65.0257,-0.07176,0.07851,pulse:0:0.320,64.8807,65.0257,0.1451,2.0455,guidance,0,
29.705,64.6476,-0.07078,0.07837,pulse:0:0.320,64.8807,64.6476,-0.2330,1.8245,guidance,0,
29.805,64.2455,-0.07008,0.07924,pulse:0:0.320,62.5082,64.2455,1.7373,1.9991,guidance,0,
29.907,63.8472,-0.06902,0.08057,pulse:0:0.320,62.5082,63.8472,1.3390,2.0102,guidance,0,
30.004,63.4775,-0.06877,0.07968,pulse:0:0.320,62.5082,63.4775,0.9693,2.0502,guidance,0,
30.106,63.0919,-0.06778,0.07962,pulse:0:0.320,62.5082,63.0919,0.5836,2.0355,guidance,0,
30.206,62.7154,-0.06729,0.07894,pulse:0:0.320,62.5082,62.7154,0.2072,1.9633,guidance,0,
30.302,62.3322,-0.06570,0.07894,pulse:0:0.320,62.5082,62.3322,-0.1760,1.8322,guidance,0,
30.403,61.9501,-0.06514,0.07919,pulse:0:0.320,60.3378,61.9501,1.6123,1.9274,guidance,0,
30.507,61.5797,-0.06461,0.08031,pulse:0:0.320,60.3378,61.5797,1.2419,1.7739,guidance,0,
30.605,61.2111,-0.06358,0.07971,pulse:0:0.320,60.3378,61.2111,0.8733,1.8562,guidance,0,
30.706,60.8302,-0.06292,0.07840,pulse:0:0.320,60.3378,60.8302,0.4924,1.8802,guidance,0,
30.806,60.4696,-0.06212,0.07827,pulse:0:0.320,60.3378,60.4696,0.1317,1.7752,guidance,0,
30.906,60.1085,-0.06206,0.07824,pulse:5:0.320,58.5889,60.1085,1.5196,1.8791,guidance,0,
31.005,59.7757,-0.06145,0.07908,pulse:5:0.320,58.5889,59.7757,1.1869,2.0337,guidance,0,
31.102,59.4285,-0.06006,0.07888,pulse:5:0.320,58.5889,59.4285,0.8397,2.0426,guidance,0,
31.203,59.0800,-0.05832,0.07904,pulse:5:0.320,58.5889,59.0800,0.4911,1.9599,guidance,0,
31.307,58.7387,-0.05800,0.08001,pulse:5:0.320,58.5889,58.7387,0.1499,1.9889,guidance,0,
31.404,58.4131,-0.05707,0.07982,pulse:5:0.320,58.5889,58.4131,-0.1757,1.9017,guidance,0,
31.508,58.0828,-0.05722,0.08057,pulse:5:0.320,56.6880,58.0828,1.3948,1.8704,guidance,0,
31.607,57.7517,-0.05671,0.08043,pulse:5:0.320,56.6880,57.7517,1.0638,2.0210,guidance,0,
31.702,57.4346,-0.05543,0.08110,pulse:5:0.320,56.6880,57.4346,0.7467,1.9669,guidance,0,
31.806,57.1210,-0.05513,0.08100,pulse:5:0.320,56.6880,57.1210,0.4331,1.8273,guidance,0,
31.908,56.8212,-0.05332,0.08138,pulse:5:0.320,56.6880,56.8212,0.1333,1.8322,guidance,0,
32.003,56.5295,-0.05314,0.08191,pulse:5:0.320,56.6880,56.5295,-0.1584,1.8410,guidance,0,
32.106,56.2214,-0.05228,0.08174,pulse:0+5:0.160,55.4005,56.2214,0.8209,1.8749,guidance,0,
32.206,55.9194,-0.05232,0.08195,pulse:0+5:0.160,55.4005,55.9194,0.5188,1.8577,guidance,0,
32.308,55.6066,-0.05098,0.08132,pulse:0+5:0.160,55.4005,55.6066,0.2060,1.8764,guidance,0,
32.406,55.3174,-0.05002,0.08056,pulse:0+5:0.160,55.4005,55.3174,-0.0831,1.7567,guidance,0,
32.504,55.0201,-0.04944,0.08020,pulse:0+5:0.160,55.4005,55.0201,-0.3804,1.7249,guidance,0,
32.605,54.7209,-0.04938,0.08065,pulse:0+5:0.160,55.4005,54.7209,-0.6797,1.8815,guidance,0,
32.704,54.4534,-0.04790,0.08123,pulse:0+5:0.160,53.7030,54.4534,0.7505,1.9648,guidance,0,
32.803,54.1909,-0.04765,0.08128,pulse:0+5:0.160,53.7030,54.1909,0.4879,2.0002,guidance,0,
32.906,53.9137,-0.04607,0.08104,pulse:0+5:0.160,53.7030,53.9137,0.2107,2.0211,guidance,0,
33.004,53.6651,-0.04499,0.07935,pulse:0+5:0.160,53.7030,53.6651,-0.0379,2.0151,guidance,0,
33.108,53.4073,-0.04451,0.08066,pulse:0+5:0.160,53.7030,53.4073,-0.2957,2.0229,guidance,0,
33.202,53.1405,-0.04328,0.08073,pulse:0+5:0.160,53.7030,53.1405,-0.5625,1.9251,guidance,0,
33.307,52.8927,-0.04153,0.08156,pulse:0+5:0.160,52.2447,52.8927,0.6480,1.8538,guidance,0,
33.407,52.6441,-0.04183,0.08172,pulse:0+5:0.160,52.2447,52.6441,0.3994,1.9440,guidance,0,
33.507,52.4017,-0.04050,0.08061,pulse:0+5:0.160,52.2447,52.4017,0.1570,1.8237,guidance,0,
33.603,52.1900,-0.03852,0.08026,pulse:0+5:0.160,52.2447,52.1900,-0.0547,1.8330,guidance,0,
33.703,51.9718,-0.03831,0.08089,pulse:0+5:0.160,52.2447,51.9718,-0.2730,1.8519,guidance,0,
33.803,51.7610,-0.03753,0.08063,pulse:0+5:0.160,52.2447,51.7610,-0.4837,1.8580,guidance,0,
33.906,51.5338,-0.03602,0.08102,pulse:0+5:0.160,50.9741,51.5338,0.5597,1.9841,guidance,0,
34.005,51.3395,-0.03565,0.08189,pulse:0+5:0.160,50.9741,51.3395,0.3655,1.7617,guidance,0,
34.105,51.1460,-0.03458,0.08062,pulse:0+5:0.160,50.9741,51.1460,0.1719,1.8647,guidance,0,
34.208,50.9476,-0.03307,0.08136,pulse:0+5:0.160,50.9741,50.9476,-0.0265,1.7775,guidance,0,
34.304,50.7850,-0.03208,0.08070,pulse:0+5:0.160,50.9741,50.7850,-0.1891,1.7705,guidance,0,
34.407,50.5797,-0.03241,0.08204,pulse:0+5:0.160,50.0783,50.5797,0.5014,1.9164,guidance,0,
34.501,50.3986,-0.03154,0.08197,pulse:0+5:0.160,50.0783,50.3986,0.3203,2.0017,guidance,0,
34.602,50.2352,-0.03117,0.08093,pulse:0+5:0.160,50.0783,50.2352,0.1569,1.7743,guidance,0,
34.700,50.0696,-0.02902,0.08029,pulse:0+5:0.160,50.0783,50.0696,-0.0087,1.9105,guidance,0,
34.803,49.9045,-0.02874,0.08109,pulse:0+5:0.160,50.0783,49.9045,-0.1738,1.7652,guidance,0,
34.897,49.7397,-0.02874,0.08163,pulse:0+5:0.160,50.0783,49.7397,-0.3386,1.8202,guidance,0,
35.002,49.5718,-0.02777,0.08196,pulse:0+5:0.160,49.1449,49.5718,0.4270,1.9240,guidance,0,
35.099,49.4279,-0.02738,0.08292,pulse:0+5:0.160,49.1449,49.4279,0.2831,1.8512,guidance,0,
35.198,49.2622,-0.02662,0.08161,pulse:0+5:0.160,49.1449,49.2622,0.1173,1.7545,guidance,0,
35.297,49.1306,-0.02549,0.08093,pulse:0+5:0.160,49.1449,49.1306,-0.0143,1.7782,guidance,0,
35.397,48.9712,-0.02522,0.08143,pulse:0+5:0.160,49.1449,48.9712,-0.1736,1.8085,guidance,0,
35.501,48.8183,-0.02423,0.08106,pulse:0+5:0.160,49.1449,48.8183,-0.3266,1.7155,guidance,0,
35.601,48.6744,-0.02486,0.08202,pulse:0+5:0.160,48.2941,48.6744,0.3802,1.7400,guidance,0,
35.703,48.5453,-0.02335,0.08210,pulse:0+5:0.160,48.2941,48.5453,0.2512,1.7298,guidance,0,
35.799,48.4057,-0.02182,0.08115,pulse:0+5:0.160,48.2941,48.4057,0.1116,1.8823,guidance,0,
35.901,48.2698,-0.02119,0.08116,pulse:0+5:0.160,48.2941,48.2698,-0.0244,1.7162,guidance,0,
36.001,48.1588,-0.01993,0.08034,pulse:0+5:0.160,48.2941,48.1588,-0.1353,1.6868,guidance,0,
36.098,48.0498,-0.01963,0.08070,pulse:0+5:0.160,48.2941,48.0498,-0.2443,1.9303,guidance,0,
36.202,47.9498,-0.01840,0.08057,pulse:0+5:0.160,47.6726,47.9498,0.2772,1.7996,guidance,0,
36.301,47.8464,-0.01775,0.08087,pulse:0+5:0.160,47.6726,47.8464,0.1738,1.8673,guidance,0,
36.402,47.7342,-0.01650,0.07956,pulse:0+5:0.160,47.6726,47.7342,0.0616,1.7904,guidance,0,
36.500,47.6711,-0.01525,0.07828,pulse:0+5:0.160,47.6726,47.6711,-0.0015,1.8531,guidance,0,
36.600,47.5763,-0.01458,0.07882,pulse:0+5:0.160,47.6726,47.5763,-0.0963,1.8856,guidance,0,
36.697,47.5045,-0.01411,0.07831,pulse:0+5:0.160,47.6726,47.5045,-0.1680,1.9190,guidance,0,
36.800,47.4196,-0.01291,0.07921,pulse:0+5:0.160,47.2297,47.4196,0.1899,1.8987,guidance,0,
36.901,47.3386,-0.01196,0.07868,pulse:0+5:0.160,47.2297,47.3386,0.1089,1.9692,guidance,0,
37.001,47.2487,-0.01142,0.07741,pulse:0+5:0.160,47.2297,47.2487,0.0191,1.8959,guidance,0,
37.101,47.2032,-0.01026,0.07653,pulse:0+5:0.160,47.2297,47.2032,-0.0264,1.9202,guidance,0,
37.201,47.1429,-0.00962,0.07617,pulse:0+5:0.160,47.2297,47.1429,-0.0868,1.8614,guidance,0,
37.300,47.1046,-0.00925,0.07649,pulse:0+5:0.160,46.9721,47.1046,0.1325,1.8399,guidance,0,
37.400,47.0582,-0.00824,0.07643,pulse:0+5:0.160,46.9721,47.0582,0.0861,1.8512,guidance,0,
37.502,46.9989,-0.00830,0.07520,pulse:0+5:0.160,46.9721,46.9989,0.0268,1.9274,guidance,0,
37.598,46.9575,-0.00694,0.07384,pulse:0+5:0.160,46.9721,46.9575,-0.0146,1.7683,guidance,0,
37.700,46.9231,-0.00625,0.07455,pulse:0+5:0.160,46.9721,46.9231,-0.0490,1.8073,guidance,0,
37.750,46.8856,-0.00646,0.07507,pulse:0+5:0.160,46.9721,46.8856,-0.0865,1.8974,guidance,0,
37.901,46.8353,-0.00611,0.07503,pulse:0+5:0.160,46.7523,46.8353,0.0830,1.7749,guidance,0,
37.998,46.7861,-0.00519,0.07518,pulse:0+5:0.160,46.7523,46.7861,0.0338,1.8715,guidance,0,
38.102,46.7428,-0.00467,0.07439,pulse:0+5:0.160,46.7523,46.7428,-0.0095,1.7085,guidance,0,
38.199,46.7129,-0.00394,0.07318,pulse:0+5:0.160,46.7523,46.7129,-0.0394,1.8262,guidance,0,
38.302,46.6696,-0.00383,0.07306,pulse:0+5:0.160,46.7523,46.6696,-0.0827,1.7320,guidance,0,
38.400,46.6589,-0.00338,0.07370,pulse:0+5:0.160,46.7523,46.6589,-0.0934,1.6887,guidance,0,
38.502,46.6610,-0.00251,0.07397,pulse:0+5:0.160,46.6352,46.6610,0.0258,1.7225,guidance,0,
38.598,46.6687,-0.00214,0.07462,pulse:0+5:0.160,46.6352,46.6687,0.0335,1.7246,guidance,0,
38.697,46.6620,-0.00166,0.07319,pulse:0+5:0.160,46.6352,46.6620,0.0268,1.6720,guidance,0,
38.800,46.6579,-0.00065,0.07209,pulse:0+5:0.160,46.6352,46.6579,0.0227,1.7633,guidance,0,
38.901,46.6743,0.00015,0.07193,pulse:0+5:0.160,46.6352,46.6743,0.0391,1.8457,guidance,0,
39.003,46.6641,0.00076,0.07259,pulse:0+5:0.160,46.6900,46.6641,-0.0259,1.8508,guidance,0,
39.097,46.6600,0.00135,0.07249,pulse:0+5:0.160,46.6900,46.6600,-0.0299,1.8546,guidance,0,
39.202,46.6615,0.00241,0.07098,pulse:0+5:0.160,46.6900,46.6615,-0.0284,1.7996,guidance,0,
39.251,46.6584,0.00278,0.07072,pulse:0+5:0.160,46.6900,46.6584,-0.0316,1.6798,guidance,0,
39.402,46.6984,0.00379,0.06995,pulse:0+5:0.160,46.6900,46.6984,0.0084,1.7198,guidance,0,
39.497,46.7042,0.00454,0.06940,pulse:0+5:0.160,46.6900,46.7042,0.0142,1.7684,guidance,0,
39.601,46.7229,0.00500,0.07031,pulse:0+5:0.160,46.8155,46.7229,-0.0926,1.6943,guidance,0,
39.701,46.7588,0.00567,0.06991,pulse:0+5:0.160,46.8155,46.7588,-0.0567,1.8322,guidance,0,
39.797,46.8119,0.00647,0.06898,pulse:0+5:0.160,46.8155,46.8119,-0.0036,1.7181,guidance,0,
39.903,46.8696,0.00747,0.06708,pulse:0+5:0.160,46.8155,46.8696,0.0541,1.8143,guidance,0,
40.000,46.9254,0.00853,0.06692,pulse:0+5:0.160,46.8155,46.9254,0.1099,1.8581,guidance,0,
40.098,46.9692,0.00874,0.06783,pulse:0+5:0.160,46.8155,46.9692,0.1537,1.8143,guidance,0,
40.198,47.0276,0.00940,0.06721,pulse:0+5:0.160,47.1893,47.0276,-0.1617,1.6849,guidance,0,
40.301,47.0953,0.00976,0.06719,pulse:0+5:0.160,47.1893,47.0953,-0.0940,1.6276,guidance,0,
40.402,47.1468,0.01036,0.06529,pulse:0+5:0.160,47.1893,47.1468,-0.0426,1.6234,guidance,0,
40.499,47.1944,0.01086,0.06481,pulse:0+5:0.160,47.1893,47.1944,0.0051,1.6136,guidance,0,
40.600,47.2312,0.01084,0.06431,pulse:0+5:0.160,47.1893,47.2312,0.0418,1.8421,guidance,0,
40.702,47.3155,0.01162,0.06484,pulse:0+5:0.160,47.5119,47.3155,-0.1963,1.7125,guidance,0,
40.800,47.3820,0.01154,0.06527,pulse:0+5:0.160,47.5119,47.3820,-0.1299,1.7148,guidance,0,
40.902,47.4377,0.01205,0.06331,pulse:0+5:0.160,47.5119,47.4377,-0.0741,1.8763,guidance,0,
41.000,47.5170,0.01194,0.06217,pulse:0+5:0.160,47.5119,47.5170,0.0052,1.8575,guidance,0,
41.099,47.6059,0.01214,0.06201,pulse:0+5:0.160,47.5119,47.6059,0.0940,1.7867,guidance,0,
41.197,47.6706,0.01213,0.06222,pulse:0+5:0.160,47.5119,47.6706,0.1588,1.8940,guidance,0,
41.298,47.7464,0.01290,0.06282,pulse:0+4:0.160,47.9575,47.7464,-0.2111,1.7349,guidance,0,
41.402,47.8373,0.01284,0.06264,pulse:0+4:0.160,47.9575,47.8373,-0.1202,1.7148,guidance,0,
41.497,47.8986,0.01217,0.06241,pulse:0+4:0.160,47.9575,47.8986,-0.0589,1.8189,guidance,0,
41.603,47.9514,0.01150,0.06235,pulse:0+4:0.160,47.9575,47.9514,-0.0061,1.8961,guidance,0,
41.698,48.0036,0.01221,0.06254,pulse:0+4:0.160,47.9575,48.0036,0.0461,1.8406,guidance,0,
41.798,48.0822,0.01230,0.06271,pulse:0+3:0.160,48.2847,48.0822,-0.2025,1.7056,guidance,0,
41.901,48.1466,0.01307,0.06300,pulse:0+3:0.160,48.2847,48.1466,-0.1381,1.7755,guidance,0,
42.002,48.2214,0.01256,0.06177,pulse:0+3:0.160,48.2847,48.2214,-0.0633,1.8426,guidance,0,
42.102,48.2675,0.01209,0.06123,pulse:0+3:0.160,48.2847,48.2675,-0.0172,1.8620,guidance,0,
42.198,48.3310,0.01190,0.06077,pulse:0+3:0.160,48.2847,48.3310,0.0463,1.6918,guidance,0,
42.299,48.4018,0.01326,0.06117,pulse:0+3:0.160,48.6192,48.4018,-0.2174,1.8402,guidance,0,
42.402,48.4676,0.01347,0.06127,pulse:0+3:0.160,48.6192,48.4676,-0.1516,1.6557,guidance,0,
42.503,48.5467,0.01337,0.06027,pulse:0+3:0.160,48.6192,48.5467,-0.0725,1.6402,guidance,0,
42.598,48.6273,0.01308,0.05962,pulse:0+3:0.160,48.6192,48.6273,0.0081,1.7487,guidance,0,
42.703,48.7136,0.01395,0.05974,pulse:0+3:0.160,48.6192,48.7136,0.0944,1.8239,guidance,0,
42.802,48.7915,0.01424,0.05967,pulse:0+3:0.160,49.0241,48.7915,-0.2327,1.7545,guidance,0,
42.902,48.8575,0.01428,0.05958,pulse:0+3:0.160,49.0241,48.8575,-0.1666,1.8245,guidance,0,
43.000,48.9384,0.01406,0.05906,pulse:0+3:0.160,49.0241,48.9384,-0.0857,1.8046,guidance,0,
43.102,49.0215,0.01453,0.05798,pulse:0+3:0.160,49.0241,49.0215,-0.0026,1.6580,guidance,0,
43.201,49.0972,0.01458,0.05806,pulse:0+3:0.160,49.0241,49.0972,0.0731,1.8445,guidance,0,
43.300,49.2021,0.01527,0.05797,pulse:0+3:0.160,49.0241,49.2021,0.1780,1.7570,guidance,0,
43.398,49.3092,0.01651,0.05770,pulse:0+3:0.160,49.5776,49.3092,-0.2684,1.7700,guidance,0,
43.500,49.4137,0.01665,0.05793,pulse:0+3:0.160,49.5776,49.4137,-0.1640,1.6648,guidance,0,
43.599,49.5211,0.01620,0.05757,pulse:0+3:0.160,49.5776,49.5211,-0.0566,1.7027,guidance,0,
43.700,49.6180,0.01652,0.05752,pulse:0+3:0.160,49.5776,49.6180,0.0404,1.6007,guidance,0,
43.802,49.6967,0.01633,0.05736,pulse:0+3:0.160,49.5776,49.6967,0.1191,1.6653,guidance,0,
43.900,49.7862,0.01651,0.05791,pulse:0+3:0.160,50.0546,49.7862,-0.2684,1.6888,guidance,0,
44.002,49.8776,0.01680,0.05718,pulse:0+3:0.160,50.0546,49.8776,-0.1770,1.7189,guidance,0,
44.102,49.9636,0.01672,0.05722,pulse:0+3:0.160,50.0546,49.9636,-0.0911,1.7341,guidance,0,
44.199,50.0628,0.01583,0.05696,pulse:0+3:0.160,50.0546,50.0628,0.0082,1.6769,guidance,0,
44.301,50.1602,0.01599,0.05677,pulse:0+3:0.160,50.0546,50.1602,0.1056,1.6978,guidance,0,
44.401,50.2333,0.01699,0.05701,pulse:0+3:0.160,50.5092,50.2333,-0.2760,1.8362,guidance,0,
44.498,50.3170,0.01742,0.05687,pulse:0+3:0.160,50.5092,50.3170,-0.1923,1.6222,guidance,0,
44.602,50.4054,0.01586,0.05738,pulse:0+3:0.160,50.5092,50.4054,-0.1039,1.7462,guidance,0,
44.700,50.5002,0.01694,0.05656,pulse:0+3:0.160,50.5092,50.5002,-0.0091,1.7546,guidance,0,
44.798,50.5947,0.01665,0.05658,pulse:0+3:0.160,50.5092,50.5947,0.0854,1.7122,guidance,0,
44.902,50.6909,0.01619,0.05696,pulse:0+3:0.160,50.9539,50.6909,-0.2630,1.7492,guidance,0,
45.001,50.8045,0.01755,0.05684,pulse:0+3:0.160,50.9539,50.8045,-0.1493,1.7538,guidance,0,
45.098,50.8935,0.01687,0.05653,pulse:0+3:0.160,50.9539,50.8935,-0.0604,1.8134,guidance,0,
45.201,51.0060,0.01627,0.05634,pulse:0+3:0.160,50.9539,51.0060,0.0521,1.6512,guidance,0,
45.303,51.1099,0.01678,0.05633,pulse:0+3:0.160,50.9539,51.1099,0.1560,1.8143,guidance,0,
45.400,51.1974,0.01752,0.05688,pulse:0+3:0.160,50.9539,51.1974,0.2435,1.7620,guidance,0,
45.499,51.3203,0.01782,0.05613,pulse:0:0.160,51.6100,51.3203,-0.2896,1.7651,guidance,0,
45.598,51.4387,0.01788,0.05623,pulse:0:0.160,51.6100,51.4387,-0.1713,1.7327,guidance,0,
45.698,51.5273,0.01796,0.05586,pulse:0:0.160,51.6100,51.5273,-0.0827,1.8124,guidance,0,
45.798,51.6315,0.01732,0.05515,pulse:0:0.160,51.6100,51.6315,0.0216,1.7459,guidance,0,
45.900,51.7313,0.01833,0.05504,pulse:0:0.160,51.6100,51.7313,0.1214,1.6129,guidance,0,
45.999,51.8284,0.01890,0.05510,pulse:0:0.160,52.1349,51.8284,-0.3065,1.7941,guidance,0,
46.102,51.9371,0.01928,0.05452,pulse:0:0.160,52.1349,51.9371,-0.1978,1.7689,guidance,0,
46.199,52.0487,0.01879,0.05364,pulse:0:0.160,52.1349,52.0487,-0.0862,1.5965,guidance,0,
46.299,52.1549,0.01844,0.05306,pulse:0:0.160,52.1349,52.1549,0.0200,1.7917,guidance,0,
46.401,52.2621,0.01802,0.05284,pulse:0:0.160,52.1349,52.2621,0.1272,1.8497,guidance,0,
46.500,52.3574,0.01856,0.05287,pulse:0+2:0.160,52.6583,52.3574,-0.3009,1.6579,guidance,0,
46.601,52.4665,0.01918,0.05329,pulse:0+2:0.160,52.6583,52.4665,-0.1918,1.7809,guidance,0,
46.699,52.5882,0.01896,0.05201,pulse:0+2:0.160,52.6583,52.5882,-0.0702,1.6034,guidance,0,
46.802,52.6870,0.01883,0.05160,pulse:0+2:0.160,52.6583,52.6870,0.0286,1.5716,guidance,0,
46.902,52.7832,0.01895,0.05145,pulse:0+2:0.160,52.6583,52.7832,0.1249,1.6693,guidance,0,
46.999,52.9064,0.01916,0.05159,pulse:0+2:0.160,52.6583,52.9064,0.2481,1.7223,guidance,0,
47.103,53.0119,0.01936,0.05145,pulse:0+2:0.160,53.3250,53.0119,-0.3131,1.6439,guidance,0,
47.197,53.1292,0.02000,0.05181,pulse:0+2:0.160,53.3250,53.1292,-0.1958,1.6005,guidance,0,
47.301,53.2250,0.01973,0.05138,pulse:0+2:0.160,53.3250,53.2250,-0.1001,1.6927,guidance,0,
47.400,53.3155,0.01919,0.05056,pulse:0+2:0.160,53.3250,53.3155,-0.0095,1.6504,guidance,0,
47.498,53.4151,0.01921,0.05059,pulse:0+2:0.160,53.3250,53.4151,0.0901,1.6637,guidance,0,
47.598,53.5415,0.01954,0.05101,pulse:0+2:0.160,53.3250,53.5415,0.2165,1.7089,guidance,0,
47.703,53.6620,0.01922,0.05100,pulse:0+2:0.160,53.9727,53.6620,-0.3107,1.7131,guidance,0,
47.801,53.7893,0.01993,0.05059,pulse:0+2:0.160,53.9727,53.7893,-0.1834,1.7824,guidance,0,
47.900,53.8958,0.01959,0.05025,pulse:0+2:0.160,53.9727,53.8958,-0.0769,1.8374,guidance,0,
48.001,54.0174,0.01925,0.04971,pulse:0+2:0.160,53.9727,54.0174,0.0447,1.8475,guidance,0,
48.100,54.1377,0.01990,0.04987,pulse:0+2:0.160,53.9727,54.1377,0.1650,1.6744,guidance,0,
48.198,54.2468,0.01974,0.04994,pulse:0+2:0.160,53.9727,54.2468,0.2741,1.6792,guidance,0,
48.299,54.3490,0.01979,0.04945,pulse:0+2:0.160,54.6682,54.3490,-0.3192,1.5655,guidance,0,
48.398,54.4630,0.01990,0.04996,pulse:0+2:0.160,54.6682,54.4630,-0.2052,1.6143,guidance,0,
48.502,54.5821,0.01963,0.04956,pulse:0+2:0.160,54.6682,54.5821,-0.0862,1.5975,guidance,0,
48.598,54.6803,0.01943,0.04863,pulse:0+2:0.160,54.6682,54.6803,0.0121,1.6293,guidance,0,
48.702,54.8106,0.01973,0.04836,pulse:0+2:0.160,54.6682,54.8106,0.1424,1.6057,guidance,0,
48.803,54.9339,0.02029,0.04854,pulse:0+2:0.160,55.2608,54.9339,-0.3269,1.7106,guidance,0,
48.899,55.0599,0.02080,0.04797,pulse:0+2:0.160,55.2608,55.0599,-0.2009,1.7089,guidance,0,
49.002,55.1963,0.02086,0.04670,pulse:0+2:0.160,55.2608,55.1963,-0.0645,1.6145,guidance,0,
49.101,55.2908,0.02100,0.04681,pulse:0+2:0.160,55.2608,55.2908,0.0300,1.6459,guidance,0,
49.197,55.3972,0.02108,0.04658,pulse:0+2:0.160,55.2608,55.3972,0.1364,1.7002,guidance,0,
49.298,55.4983,0.02042,0.04674,pulse:0+2:0.160,55.2608,55.4983,0.2375,1.7152,guidance,0,
49.402,55.6208,0.02121,0.04630,pulse:0+2:0.160,55.9619,55.6208,-0.3411,1.7654,guidance,0,
49.501,55.7620,0.02112,0.04634,pulse:0+2:0.160,55.9619,55.7620,-0.1999,1.6369,guidance,0,
49.597,55.8880,0.02077,0.04584,pulse:0+2:0.160,55.9619,55.8880,-0.0739,1.7741,guidance,0,
49.701,55.9979,0.02062,0.04490,pulse:0+2:0.160,55.9619,55.9979,0.0360,1.5585,guidance,0,
49.802,56.0960,0.02055,0.04495,pulse:0+2:0.160,55.9619,56.0960,0.1341,1.5981,guidance,0,
49.902,56.2099,0.02065,0.04440,pulse:0+2:0.160,56.5416,56.2099,-0.3317,1.6564,guidance,0,
50.001,56.3138,0.02068,0.04516,pulse:0+2:0.160,56.5416,56.3138,-0.2278,1.7125,guidance,0,
50.098,56.4357,0.02063,0.04443,pulse:0+2:0.160,56.5416,56.4357,-0.1058,1.6950,guidance,0,
50.198,56.5607,0.02016,0.04436,pulse:0+2:0.160,56.5416,56.5607,0.0191,1.5723,guidance,0,
50.298,56.6814,0.02010,0.04365,pulse:0+2:0.160,56.5416,56.6814,0.1399,1.5357,guidance,0,
50.403,56.7936,0.02029,0.04457,pulse:0+2:0.160,57.1193,56.7936,-0.3257,1.4921,guidance,0,
50.501,56.9129,0.02062,0.04419,pulse:0+2:0.160,57.1193,56.9129,-0.2064,1.6508,guidance,0,
50.597,57.0257,0.02017,0.04344,pulse:0+2:0.160,57.1193,57.0257,-0.0937,1.6950,guidance,0,
50.700,57.1353,0.01996,0.04325,pulse:0+2:0.160,57.1193,57.1353,0.0159,1.6454,guidance,0,
50.801,57.2660,0.01942,0.04300,pulse:0+2:0.160,57.1193,57.2660,0.1467,1.6707,guidance,0,
50.901,57.3797,0.01979,0.04319,pulse:0+2:0.160,57.1193,57.3797,0.2604,1.5333,guidance,0,
50.999,57.4991,0.02021,0.04331,pulse:0+2:0.160,57.8233,57.4991,-0.3242,1.5013,guidance,0,
51.098,57.6346,0.02070,0.04358,pulse:0+2:0.160,57.8233,57.6346,-0.1887,1.6456,guidance,0,
51.203,57.7581,0.02018,0.04269,pulse:0+2:0.160,57.8233,57.7581,-0.0651,1.7156,guidance,0,
51.299,57.8704,0.01894,0.04264,pulse:0+2:0.160,57.8233,57.8704,0.0472,1.7220,guidance,0,
51.402,57.9942,0.01960,0.04259,pulse:0+2:0.160,57.8233,57.9942,0.1709,1.6599,guidance,0,
51.498,58.1063,0.02013,0.04301,pulse:0+2:0.160,57.8233,58.1063,0.2830,1.6520,guidance,0,
51.600,58.2121,0.02013,0.04258,pulse:0+2:0.160,58.5348,58.2121,-0.3227,1.5446,guidance,0,
51.703,58.3234,0.02011,0.04207,pulse:0+2:0.160,58.5348,58.3234,-0.2114,1.7015,guidance,0,
51.800,58.4496,0.01970,0.04195,pulse:0+2:0.160,58.5348,58.4496,-0.0851,1.5582,guidance,0,
51.898,58.5452,0.01928,0.04168,pulse:0+2:0.160,58.5348,58.5452,0.0105,1.5559,guidance,0,
52.003,58.6611,0.01923,0.04144,pulse:0+2:0.160,58.5348,58.6611,0.1264,1.6797,guidance,0,
52.097,58.7523,0.01992,0.04130,pulse:0+2:0.160,58.5348,58.7523,0.2175,1.5783,guidance,0,
52.199,58.8613,0.02023,0.04005,pulse:0+2:0.160,59.1850,58.8613,-0.3237,1.7478,guidance,0,
52.298,58.9641,0.01997,0.04125,pulse:0+2:0.160,59.1850,58.9641,-0.2210,1.7509,guidance,0,
52.402,59.0579,0.01916,0.04039,pulse:0+2:0.160,59.1850,59.0579,-0.1272,1.6215,guidance,0,
52.499,59.1770,0.01926,0.03966,pulse:0+2:0.160,59.1850,59.1770,-0.0081,1.6404,guidance,0,
52.602,59.2853,0.01974,0.03939,pulse:0+2:0.160,59.1850,59.2853,0.1003,1.6907,guidance,0,
52.699,59.3982,0.01994,0.03968,pulse:0+2:0.160,59.1850,59.3982,0.2132,1.7611,guidance,0,
52.798,59.5189,0.01978,0.03940,pulse:0+5:0.160,59.8357,59.5189,-0.3168,1.6327,guidance,0,
52.897,59.6356,0.01953,0.04009,pulse:0+5:0.160,59.8357,59.6356,-0.2001,1.6618,guidance,0,
53.002,59.7758,0.01942,0.03860,pulse:0+5:0.160,59.8357,59.7758,-0.0599,1.7554,guidance,0,
53.098,59.8693,0.01901,0.03772,pulse:0+5:0.160,59.8357,59.8693,0.0336,1.7207,guidance,0,
53.202,59.9931,0.01909,0.03764,pulse:0+5:0.160,59.8357,59.9931,0.1574,1.7535,guidance,0,
53.300,60.0979,0.01927,0.03744,pulse:0+5:0.160,60.4063,60.0979,-0.3083,1.7841,guidance,0,
53.398,60.1997,0.01960,0.03781,pulse:0+5:0.160,60.4063,60.1997,-0.2065,1.6876,guidance,0,
53.499,60.2949,0.01896,0.03631,pulse:0+5:0.160,60.4063,60.2949,-0.1113,1.5826,guidance,0,
53.603,60.4017,0.01820,0.03529,pulse:0+5:0.160,60.4063,60.4017,-0.0046,1.4748,guidance,0,
53.697,60.4977,0.01846,0.03607,pulse:0+5:0.160,60.4063,60.4977,0.0914,1.6604,guidance,0,
53.802,60.6059,0.01865,0.03608,pulse:0+5:0.160,60.9041,60.6059,-0.2981,1.5128,guidance,0,
53.901,60.7258,0.01925,0.03598,pulse:0+5:0.160,60.9041,60.7258,-0.1782,1.6710,guidance,0,
53.998,60.8336,0.01828,0.03531,pulse:0+5:0.160,60.9041,60.8336,-0.0705,1.7001,guidance,0,
54.101,60.9347,0.01779,0.03473,pulse:0+5:0.160,60.9041,60.9347,0.0307,1.7423,guidance,0,
54.199,61.0304,0.01769,0.03386,pulse:0+5:0.160,60.9041,61.0304,0.1263,1.7307,guidance,0,
54.299,61.1032,0.01830,0.03514,pulse:0+5:0.160,60.9041,61.1032,0.1992,1.6079,guidance,0,
54.401,61.2115,0.01836,0.03462,pulse:0+5:0.160,61.5047,61.2115,-0.2932,1.6605,guidance,0,
54.501,61.3027,0.01827,0.03483,pulse:0+5:0.160,61.5047,61.3027,-0.2020,1.6857,guidance,0,
54.598,61.4223,0.01790,0.03388,pulse:0+5:0.160,61.5047,61.4223,-0.0824,1.5365,guidance,0,
54.703,61.5401,0.01741,0.03319,pulse:0+5:0.160,61.5047,61.5401,0.0354,1.6472,guidance,0,
54.799,61.6507,0.01731,0.03330,pulse:0+5:0.160,61.5047,61.6507,0.1460,1.5116,guidance,0,
54.898,61.7519,0.01770,0.03286,pulse:0+5:0.160,61.5047,61.7519,0.2472,1.6536,guidance,0,
54.998,61.8608,0.01789,0.03305,pulse:0+5:0.160,62.1462,61.8608,-0.2854,1.6612,guidance,0,
55.101,61.9678,0.01851,0.03289,pulse:0+5:0.160,62.1462,61.9678,-0.1783,1.5065,guidance,0,
55.197,62.0596,0.01812,0.03174,pulse:0+5:0.160,62.1462,62.0596,-0.0866,1.5647,guidance,0,
55.301,62.1655,0.01717,0.03056,pulse:0+5:0.160,62.1462,62.1655,0.0193,1.5378,guidance,0,
55.401,62.2619,0.01740,0.03108,pulse:0+5:0.160,62.1462,62.2619,0.1157,1.5076,guidance,0,
55.502,62.3443,0.01687,0.03086,pulse:0+5:0.160,62.6131,62.3443,-0.2688,1.6038,guidance,0,
55.602,62.4428,0.01723,0.03117,pulse:0+5:0.160,62.6131,62.4428,-0.1702,1.4877,guidance,0,
55.701,62.5383,0.01717,0.02963,pulse:0+5:0.160,62.6131,62.5383,-0.0748,1.5126,guidance,0,
55.801,62.6263,0.01657,0.02884,pulse:0+5:0.160,62.6131,62.6263,0.0132,1.4446,guidance,0,
55.902,62.7318,0.01658,0.02871,pulse:0+5:0.160,62.6131,62.7318,0.1188,1.5265,guidance,0,
56.000,62.8426,0.01638,0.02878,pulse:0+5:0.160,62.6131,62.8426,0.2295,1.4453,guidance,0,
56.100,62.9248,0.01690,0.02858,pulse:0+5:0.160,63.1937,62.9248,-0.2689,1.6056,guidance,0,
56.198,63.0057,0.01710,0.02868,pulse:0+5:0.160,63.1937,63.0057,-0.1880,1.5573,guidance,0,
56.299,63.1073,0.01624,0.02793,pulse:0+5:0.160,63.1937,63.1073,-0.0864,1.6753,guidance,0,
56.400,63.2137,0.01588,0.02790,pulse:0+5:0.160,63.1937,63.2137,0.0200,1.5360,guidance,0,
56.501,63.3084,0.01556,0.02755,pulse:0+5:0.160,63.1937,63.3084,0.1146,1.6171,guidance,0,
56.600,63.4038,0.01601,0.02725,pulse:0+2:0.160,63.6578,63.4038,-0.2541,1.5025,guidance,0,
56.701,63.4911,0.01622,0.02738,pulse:0+2:0.160,63.6578,63.4911,-0.1668,1.4782,guidance,0,
56.803,63.5895,0.01616,0.02748,pulse:0+2:0.160,63.6578,63.5895,-0.0684,1.5361,guidance,0,
56.902,63.6710,0.01489,0.02677,pulse:0+2:0.160,63.6578,63.6710,0.0132,1.5716,guidance,0,
57.002,63.7634,0.01491,0.02741,pulse:0+2:0.160,63.6578,63.7634,0.1056,1.5892,guidance,0,
57.100,63.8393,0.01558,0.02703,pulse:0+2:0.160,63.6578,63.8393,0.1815,1.5238,guidance,0,
57.200,63.9246,0.01508,0.02735,pulse:0+5:0.160,64.1641,63.9246,-0.2395,1.5773,guidance,0,
57.297,64.0033,0.01496,0.02730,pulse:0+5:0.160,64.1641,64.0033,-0.1608,1.5875,guidance,0,
57.401,64.1077,0.01470,0.02637,pulse:0+5:0.160,64.1641,64.1077,-0.0563,1.6106,guidance,0,
57.498,64.1951,0.01443,0.02616,pulse:0+5:0.160,64.1641,64.1951,0.0311,1.4999,guidance,0,
57.602,64.2931,0.01399,0.02582,pulse:0+5:0.160,64.1641,64.2931,0.1290,1.4514,guidance,0,
57.699,64.3656,0.01424,0.02592,pulse:0+5:0.160,64.1641,64.3656,0.2015,1.6054,guidance,0,
57.797,64.4284,0.01406,0.02624,pulse:0+2:0.160,64.6511,64.4284,-0.2227,1.5839,guidance,0,
57.898,64.5133,0.01436,0.02584,pulse:0+2:0.160,64.6511,64.5133,-0.1378,1.6697,guidance,0,
58.001,64.5865,0.01369,0.02588,pulse:0+2:0.160,64.6511,64.5865,-0.0646,1.5873,guidance,0,
58.100,64.6613,0.01339,0.02512,pulse:0+2:0.160,64.6511,64.6613,0.0102,1.6193,guidance,0,
58.198,64.7360,0.01319,0.02518,pulse:0+2:0.160,64.6511,64.7360,0.0849,1.6994,guidance,0,
58.300,64.8333,0.01355,0.02465,pulse:0+2:0.160,65.0476,64.8333,-0.2143,1.5474,guidance,0,
58.399,64.9096,0.01372,0.02495,pulse:0+2:0.160,65.0476,64.9096,-0.1380,1.6707,guidance,0,
58.503,64.9895,0.01273,0.02441,pulse:0+2:0.160,65.0476,64.9895,-0.0581,1.6528,guidance,0,
58.599,65.0695,0.01264,0.02458,pulse:0+2:0.160,65.0476,65.0695,0.0219,1.4781,guidance,0,
58.698,65.1377,0.01177,0.02427,pulse:0+2:0.160,65.0476,65.1377,0.0901,1.5638,guidance,0,
58.797,65.2051,0.01261,0.02430,pulse:0+2:0.160,65.0476,65.2051,0.1575,1.5084,guidance,0,
58.897,65.2720,0.01239,0.02459,pulse:0+2:0.320,65.5675,65.2720,-0.2955,1.5446,guidance,0,
59.000,65.3592,0.01254,0.02418,pulse:0+2:0.320,65.5675,65.3592,-0.2083,1.5628,guidance,0,
59.101,65.4334,0.01192,0.02362,pulse:0+2:0.320,65.5675,65.4334,-0.1341,1.6646,guidance,0,
59.199,65.4768,0.01098,0.02320,pulse:0+2:0.320,65.5675,65.4768,-0.0907,1.5683,guidance,0,
59.300,65.5602,0.01056,0.02249,pulse:0+2:0.320,65.5675,65.5602,-0.0073,1.4959,guidance,0,
59.399,65.5990,0.00977,0.02228,pulse:0+2:0.160,65.7524,65.5990,-0.1534,1.6009,guidance,0,
59.501,65.6443,0.01060,0.02265,pulse:0+2:0.160,65.7524,65.6443,-0.1081,1.6266,guidance,0,
59.597,65.6962,0.00996,0.02246,pulse:0+2:0.160,65.7524,65.6962,-0.0562,1.6692,guidance,0,
59.702,65.7556,0.00969,0.02239,pulse:0+2:0.160,65.7524,65.7556,0.0032,1.6357,guidance,0,
59.799,65.8170,0.00920,0.02307,pulse:0+2:0.160,65.7524,65.8170,0.0646,1.5990,guidance,0,
59.901,65.8426,0.00918,0.02206,pulse:0:0.320,66.0624,65.8426,-0.2198,1.5092,guidance,0,
60.000,65.8940,0.00886,0.02228,pulse:0:0.320,66.0624,65.8940,-0.1684,1.4451,guidance,0,
60.098,65.9430,0.00854,0.02249,pulse:0:0.320,66.0624,65.9430,-0.1194,1.6184,guidance,0,
60.197,65.9862,0.00800,0.02210,pulse:0:0.320,66.0624,65.9862,-0.0762,1.6738,guidance,0,
60.299,66.0372,0.00733,0.02271,pulse:0:0.320,66.0624,66.0372,-0.0252,1.6531,guidance,0,
60.400,66.0785,0.00705,0.02316,pulse:0:0.320,66.0624,66.0785,0.0161,1.4855,guidance,0,
60.500,66.1106,0.00727,0.02293,pulse:2:0.320,66.2901,66.1106,-0.1795,1.6288,guidance,0,
60.600,66.1343,0.00790,0.02332,pulse:2:0.320,66.2901,66.1343,-0.1558,1.6662,guidance,0,
60.697,66.1811,0.00744,0.02334,pulse:2:0.320,66.2901,66.1811,-0.1090,1.4863,guidance,0,
60.803,66.2293,0.00746,0.02177,pulse:2:0.320,66.2901,66.2293,-0.0608,1.5696,guidance,0,
60.900,66.2863,0.00767,0.02185,pulse:2:0.320,66.2901,66.2863,-0.0039,1.5180,guidance,0,
61.002,66.3411,0.00676,0.02209,pulse:0+2:0.160,66.4461,66.3411,-0.1050,1.6282,guidance,0,
61.049,66.3563,0.00729,0.02229,pulse:0+2:0.160,66.4461,66.3563,-0.0899,1.4615,guidance,0,
61.200,66.4228,0.00690,0.02199,pulse:0+2:0.160,66.4461,66.4228,-0.0234,1.5751,guidance,0,
61.299,66.4510,0.00615,0.02143,pulse:0+2:0.160,66.4461,66.4510,0.0048,1.4914,guidance,0,
61.400,66.4818,0.00628,0.02118,pulse:0+2:0.160,66.4461,66.4818,0.0357,1.3746,guidance,0,
61.500,66.5334,0.00636,0.02182,pulse:0+2:0.160,66.4461,66.5334,0.0872,1.4985,guidance,0,
61.600,66.5883,0.00660,0.02174,pulse:0+5:0.320,66.7391,66.5883,-0.1509,1.5488,guidance,0,
61.698,66.6387,0.00634,0.02141,pulse:0+5:0.320,66.7391,66.6387,-0.1005,1.6299,guidance,0,
61.799,66.6611,0.00599,0.02040,pulse:0+5:0.320,66.7391,66.6611,-0.0781,1.5717,guidance,0,
61.900,66.6767,0.00504,0.01978,pulse:0+5:0.320,66.7391,66.6767,-0.0625,1.5020,guidance,0,
62.002,66.6937,0.00429,0.01839,pulse:0+5:0.320,66.7391,66.6937,-0.0454,1.4466,guidance,0,
62.100,66.7057,0.00400,0.01822,pulse:2:0.320,66.8013,66.7057,-0.0956,1.4651,guidance,0,
62.201,66.7294,0.00415,0.01820,pulse:2:0.320,66.8013,66.7294,-0.0719,1.5694,guidance,0,
62.297,66.7640,0.00392,0.01757,pulse:2:0.320,66.8013,66.7640,-0.0373,1.5091,guidance,0,
62.400,66.7830,0.00356,0.01733,pulse:2:0.320,66.8013,66.7830,-0.0183,1.5825,guidance,0,
62.501,66.8135,0.00365,0.01716,pulse:2:0.320,66.8013,66.8135,0.0122,1.3988,guidance,0,
62.602,66.8289,0.00351,0.01740,pulse:2:0.320,66.9120,66.8289,-0.0831,1.5788,guidance,0,
62.700,66.8462,0.00378,0.01756,pulse:2:0.320,66.9120,66.8462,-0.0658,1.5039,guidance,0,
62.801,66.8945,0.00368,0.01718,pulse:2:0.320,66.9120,66.8945,-0.0175,1.5944,guidance,0,
62.898,66.9126,0.00337,0.01704,pulse:2:0.320,66.9120,66.9126,0.0006,1.5436,guidance,0,
63.003,66.9376,0.00273,0.01680,pulse:2:0.320,66.9120,66.9376,0.0256,1.4922,guidance,0,
63.103,66.9692,0.00314,0.01705,pulse:0+5:0.320,67.0322,66.9692,-0.0630,1.3889,guidance,0,
63.199,66.9828,0.00289,0.01684,pulse:0+5:0.320,67.0322,66.9828,-0.0494,1.5480,guidance,0,
63.298,66.9712,0.00226,0.01671,pulse:0+5:0.320,67.0322,66.9712,-0.0610,1.5593,guidance,0,
63.349,66.9396,0.00161,0.01594,pulse:0+5:0.320,67.0322,66.9396,-0.0927,1.5123,guidance,0,
63.502,66.9528,0.00092,0.01542,pulse:0+5:0.320,67.0322,66.9528,-0.0794,1.4006,guidance,0,
63.602,66.9479,0.00016,0.01384,pulse:0+5:0.320,67.0322,66.9479,-0.0843,1.4805,guidance,0,
63.703,66.9622,0.00032,0.01487,pulse:2+5:0.320,66.9598,66.9622,0.0024,1.4173,guidance,0,
63.800,66.9738,0.00041,0.01461,pulse:2+5:0.320,66.9598,66.9738,0.0139,1.5257,guidance,0,
63.899,66.9541,0.00004,0.01410,pulse:2+5:0.320,66.9598,66.9541,-0.0058,1.3539,guidance,0,
63.999,66.9371,-0.00047,0.01328,pulse:2+5:0.320,66.9598,66.9371,-0.0228,1.3898,guidance,0,
64.097,66.9338,-0.00117,0.01208,pulse:2+5:0.320,66.9598,66.9338,-0.0261,1.4665,guidance,0,
64.202,66.9209,-0.00110,0.01154,pulse:2+5:0.320,66.9598,66.9209,-0.0389,1.5338,guidance,0,
64.298,66.9243,-0.00084,0.01106,pulse:0+2:0.320,66.8836,66.9243,0.0406,1.3474,guidance,0,
64.403,66.9126,-0.00129,0.01152,pulse:0+2:0.320,66.8836,66.9126,0.0290,1.3151,guidance,0,
64.501,66.9168,-0.00097,0.01145,pulse:0+2:0.320,66.8836,66.9168,0.0332,1.3800,guidance,0,
64.599,66.8987,-0.00273,0.01157,pulse:0+2:0.320,66.8836,66.8987,0.0151,1.4382,guidance,0,
64.701,66.8575,-0.00315,0.01054,pulse:0+2:0.320,66.8836,66.8575,-0.0261,1.5552,guidance,0,
64.801,66.8493,-0.00413,0.01043,pulse:0+2:0.320,66.7257,66.8493,0.1236,1.4137,guidance,0,
64.900,66.8256,-0.00328,0.01074,pulse:0+2:0.320,66.7257,66.8256,0.0999,1.3542,guidance,0,
65.000,66.8041,-0.00431,0.01037,pulse:0+2:0.320,66.7257,66.8041,0.0783,1.4022,guidance,0,
65.101,66.7829,-0.00479,0.01048,pulse:0+2:0.320,66.7257,66.7829,0.0572,1.3295,guidance,0,
65.198,66.7289,-0.00597,0.00965,pulse:0+2:0.320,66.7257,66.7289,0.0032,1.3126,guidance,0,
65.299,66.6996,-0.00642,0.00976,pulse:0+2:0.320,66.7257,66.6996,-0.0262,1.3958,guidance,0,
65.397,66.6855,-0.00640,0.00972,pulse:0+2:0.320,66.5047,66.6855,0.1809,1.4703,guidance,0,
65.497,66.6689,-0.00543,0.00902,pulse:0+2:0.320,66.5047,66.6689,0.1642,1.3260,guidance,0,
65.598,66.6369,-0.00624,0.00921,pulse:0+2:0.320,66.5047,66.6369,0.1322,1.3187,guidance,0,
65.698,66.6062,-0.00726,0.00897,pulse:0+2:0.320,66.5047,66.6062,0.1015,1.3762,guidance,0,
65.802,66.5562,-0.00803,0.00877,pulse:0+2:0.320,66.5047,66.5562,0.0515,1.3624,guidance,0,
65.898,66.5165,-0.00818,0.00888,pulse:0+2:0.320,66.2906,66.5165,0.2259,1.2895,guidance,0,
65.999,66.4576,-0.00795,0.00901,pulse:0+2:0.320,66.2906,66.4576,0.1671,1.3127,guidance,0,
66.102,66.4207,-0.00899,0.00842,pulse:0+2:0.320,66.2906,66.4207,0.1301,1.3195,guidance,0,
66.199,66.3628,-0.00954,0.00817,pulse:0+2:0.320,66.2906,66.3628,0.0722,1.4366,guidance,0,
66.300,66.3050,-0.01033,0.00780,pulse:0+2:0.320,66.2906,66.3050,0.0144,1.3264,guidance,0,
66.400,66.2499,-0.01050,0.00839,pulse:0+2:0.320,65.9655,66.2499,0.2844,1.3945,guidance,0,
66.502,66.1793,-0.01051,0.00845,pulse:0+2:0.320,65.9655,66.1793,0.2139,1.3340,guidance,0,
66.598,66.1320,-0.01103,0.00844,pulse:0+2:0.320,65.9655,66.1320,0.1665,1.3935,guidance,0,
66.701,66.0738,-0.01187,0.00771,pulse:0+2:0.320,65.9655,66.0738,0.1083,1.3545,guidance,0,
66.798,65.9972,-0.01245,0.00779,pulse:0+2:0.320,65.9655,65.9972,0.0317,1.2796,guidance,0,
66.902,65.9163,-0.01277,0.00798,pulse:0+2:0.320,65.5746,65.9163,0.3417,1.2843,guidance,0,
67.000,65.8418,-0.01288,0.00837,pulse:0+2:0.320,65.5746,65.8418,0.2672,1.4774,guidance,0,
67.098,65.7697,-0.01250,0.00772,pulse:0+2:0.320,65.5746,65.7697,0.1951,1.2806,guidance,0,
67.198,65.6751,-0.01418,0.00787,pulse:0+2:0.320,65.5746,65.6751,0.1005,1.4677,guidance,0,
67.303,65.5833,-0.01479,0.00795,pulse:0+2:0.320,65.5746,65.5833,0.0087,1.2907,guidance,0,
67.403,65.5053,-0.01534,0.00738,pulse:0+2:0.320,65.0989,65.5053,0.4064,1.3441,guidance,0,
67.497,65.4334,-0.01480,0.00766,pulse:0+2:0.320,65.0989,65.4334,0.3345,1.4471,guidance,0,
67.600,65.3219,-0.01591,0.00739,pulse:0+2:0.320,65.0989,65.3219,0.2230,1.4706,guidance,0,
67.698,65.2359,-0.01680,0.00690,pulse:0+2:0.320,65.0989,65.2359,0.1370,1.3045,guidance,0,
67.801,65.1160,-0.01800,0.00626,pulse:0+2:0.320,65.0989,65.1160,0.0171,1.3089,guidance,0,
67.900,65.0013,-0.01808,0.00681,pulse:0+2:0.320,65.0989,65.0013,-0.0976,1.3340,guidance,0,
68.002,64.8846,-0.01773,0.00619,pulse:0+2:0.320,64.4178,64.8846,0.4668,1.3366,guidance,0,
68.103,64.7682,-0.01822,0.00676,pulse:0+2:0.320,64.4178,64.7682,0.3504,1.3883,guidance,0,
68.198,64.6649,-0.01885,0.00641,pulse:0+2:0.320,64.4178,64.6649,0.2471,1.2630,guidance,0,
68.302,64.5421,-0.01912,0.00605,pulse:0+2:0.320,64.4178,64.5421,0.1243,1.3717,guidance,0,
68.400,64.4110,-0.02032,0.00594,pulse:0+2:0.320,64.4178,64.4110,-0.0068,1.2456,guidance,0,
68.498,64.2958,-0.02068,0.00638,pulse:0+2:0.320,64.4178,64.2958,-0.1220,1.2422,guidance,0,
68.598,64.1730,-0.02036,0.00557,pulse:0+2:0.320,63.6397,64.1730,0.5333,1.4288,guidance,0,
68.700,64.0583,-0.02033,0.00604,pulse:0+2:0.320,63.6397,64.0583,0.4186,1.3852,guidance,0,
68.802,63.9419,-0.02113,0.00603,pulse:0+2:0.320,63.6397,63.9419,0.3022,1.3941,guidance,0,
68.902,63.8191,-0.02176,0.00508,pulse:0+2:0.320,63.6397,63.8191,0.1794,1.2248,guidance,0,
69.002,63.6966,-0.02353,0.00488,pulse:0+2:0.320,63.6397,63.6966,0.0569,1.2463,guidance,0,
69.098,63.5709,-0.02355,0.00537,pulse:0+2:0.320,63.6397,63.5709,-0.0688,1.2346,guidance,0,
69.200,63.4385,-0.02344,0.00500,pulse:0+2:0.320,62.8277,63.4385,0.6108,1.3821,guidance,0,
69.298,63.3086,-0.02335,0.00504,pulse:0+2:0.320,62.8277,63.3086,0.4810,1.2333,guidance,0,
69.402,63.1620,-0.02456,0.00574,pulse:0+2:0.320,62.8277,63.1620,0.3344,1.2880,guidance,0,
69.500,63.0174,-0.02508,0.00536,pulse:0+2:0.320,62.8277,63.0174,0.1898,1.2789,guidance,0,
69.602,62.8749,-0.02561,0.00465,pulse:0+2:0.320,62.8277,62.8749,0.0473,1.3138,guidance,0,
69.702,62.7152,-0.02631,0.00494,pulse:0+2:0.320,62.0319,62.7152,0.6833,1.2696,guidance,0,
69.797,62.5676,-0.02596,0.00481,pulse:0+2:0.320,62.0319,62.5676,0.5357,1.4134,guidance,0,
69.900,62.4161,-0.02590,0.00487,pulse:0+2:0.320,62.0319,62.4161,0.3842,1.3873,guidance,0,
69.998,62.2688,-0.02659,0.00488,pulse:0+2:0.320,62.0319,62.2688,0.2369,1.2397,guidance,0,
70.100,62.1244,-0.02644,0.00421,pulse:0+2:0.320,62.0319,62.1244,0.0925,1.2967,guidance,0,
70.198,61.9699,-0.02610,0.00493,pulse:0+2:0.320,62.0319,61.9699,-0.0620,1.2860,guidance,0,
70.299,61.8183,-0.02635,0.00472,pulse:0+5:0.320,61.1363,61.8183,0.6819,1.1722,guidance,0,
70.400,61.6702,-0.02686,0.00458,pulse:0+5:0.320,61.1363,61.6702,0.5338,1.2309,guidance,0,
70.498,61.5436,-0.02666,0.00454,pulse:0+5:0.320,61.1363,61.5436,0.4073,1.1906,guidance,0,
70.601,61.3718,-0.02635,0.00516,pulse:0+5:0.320,61.1363,61.3718,0.2354,1.2774,guidance,0,5
70.697,61.2393,-0.02609,0.00579,pulse:0+5:0.320,61.1363,61.2393,0.1029,1.2784,guidance,0,5
70.800,61.0877,-0.02605,0.00587,pulse:0+2:0.320,60.4108,61.0877,0.6769,1.3897,guidance,0,5
70.900,60.9293,-0.02638,0.00523,pulse:0+2:0.320,60.4108,60.9293,0.5186,1.2714,guidance,0,5
71.001,60.7683,-0.02731,0.00507,pulse:0+2:0.320,60.4108,60.7683,0.3575,1.2034,guidance,0,5
71.098,60.6057,-0.02731,0.00494,pulse:0+2:0.320,60.4108,60.6057,0.1949,1.3720,guidance,0,5
71.200,60.4404,-0.02871,0.00410,pulse:0+2:0.320,60.4108,60.4404,0.0297,1.2759,guidance,0,5
71.298,60.2780,-0.02907,0.00452,pulse:0+2:0.320,60.4108,60.2780,-0.1327,1.3893,guidance,0,5
71.397,60.1234,-0.02899,0.00480,pulse:0+2:0.320,59.3723,60.1234,0.7511,1.4120,guidance,0,5
71.503,59.9517,-0.02894,0.00459,pulse:0+2:0.320,59.3723,59.9517,0.5795,1.2258,guidance,0,5
71.597,59.7893,-0.02953,0.00461,pulse:0+2:0.320,59.3723,59.7893,0.4170,1.3484,guidance,0,5
71.699,59.6161,-0.03052,0.00416,pulse:0+2:0.320,59.3723,59.6161,0.2439,1.1866,guidance,0,5
71.801,59.4182,-0.03147,0.00283,pulse:0+2:0.320,59.3723,59.4182,0.0460,1.2168,guidance,0,5
71.900,59.2373,-0.03189,0.00360,pulse:0+2:0.320,58.4132,59.2373,0.8241,1.3373,guidance,0,5
71.998,59.0562,-0.03202,0.00328,pulse:0+2:0.320,58.4132,59.0562,0.6430,1.2676,guidance,0,5
72.101,58.8703,-0.03260,0.00327,pulse:0+2:0.320,58.4132,58.8703,0.4571,1.1584,guidance,0,5
72.201,58.6799,-0.03333,0.00318,pulse:0+2:0.320,58.4132,58.6799,0.2667,1.2499,guidance,0,5
72.300,58.4956,-0.03425,0.00314,pulse:0+2:0.320,58.4132,58.4956,0.0824,1.3156,guidance,0,5
72.398,58.3027,-0.03456,0.00301,pulse:0+2:0.320,58.4132,58.3027,-0.1105,1.2148,guidance,0,5
72.499,58.1229,-0.03482,0.00330,pulse:0+2:0.320,57.2250,58.1229,0.8980,1.3210,guidance,0,5
72.597,57.9310,-0.03468,0.00380,pulse:0+2:0.320,57.2250,57.9310,0.7060,1.2010,guidance,0,5
72.701,57.7051,-0.03510,0.00302,pulse:0+2:0.320,57.2250,57.7051,0.4802,1.1165,guidance,0,5
72.749,57.6079,-0.03504,0.00308,pulse:0+2:0.320,57.2250,57.6079,0.3829,1.2057,guidance,0,5
72.899,57.2786,-0.03668,0.00335,pulse:0+2:0.320,57.2250,57.2786,0.0536,1.2635,guidance,0,5
73.001,57.0755,-0.03703,0.00341,pulse:0+2:0.320,56.1218,57.0755,0.9538,1.1436,guidance,0,5
73.102,56.8645,-0.03689,0.00363,pulse:0+2:0.320,56.1218,56.8645,0.7427,1.1988,guidance,0,5
73.197,56.6523,-0.03695,0.00322,pulse:0+2:0.320,56.1218,56.6523,0.5305,1.2288,guidance,0,5
73.298,56.4384,-0.03852,0.00351,pulse:0+2:0.320,56.1218,56.4384,0.3166,1.1967,guidance,0,5
73.397,56.2224,-0.03875,0.00340,pulse:0+2:0.320,56.1218,56.2224,0.1006,1.2826,guidance,0,5
73.498,56.0039,-0.03912,0.00356,pulse:0+2:0.320,56.1218,56.0039,-0.1178,1.3329,guidance,0,5
73.597,55.7903,-0.03941,0.00303,pulse:0+2:0.320,54.7765,55.7903,1.0138,1.2159,guidance,0,5
73.700,55.5556,-0.03868,0.00364,pulse:0+2:0.320,54.7765,55.5556,0.7791,1.1848,guidance,0,5
73.801,55.3372,-0.03953,0.00388,pulse:0+2:0.320,54.7765,55.3372,0.5608,1.2312,guidance,0,5
73.897,55.1087,-0.04023,0.00346,pulse:0+2:0.320,54.7765,55.1087,0.3323,1.2154,guidance,0,5
74.000,54.8657,-0.04046,0.00334,pulse:0+2:0.320,54.7765,54.8657,0.0893,1.1226,guidance,0,5
74.101,54.6320,-0.04103,0.00256,pulse:0+2:0.320,53.5775,54.6320,1.0545,1.2518,guidance,0,5
74.200,54.3905,-0.04124,0.00307,pulse:0+2:0.320,53.5775,54.3905,0.8130,1.1465,guidance,0,5
74.300,54.1473,-0.04183,0.00254,pulse:0+2:0.320,53.5775,54.1473,0.5698,1.0830,guidance,0,5
74.402,53.9101,-0.04249,0.00205,pulse:0+2:0.320,53.5775,53.9101,0.3326,1.0543,guidance,0,5
74.500,53.6662,-0.04300,0.00176,pulse:0+2:0.320,53.5775,53.6662,0.0887,1.1364,guidance,0,5
74.600,53.4126,-0.04334,0.00192,pulse:0+2:0.320,53.5775,53.4126,-0.1649,1.1063,guidance,0,5
74.698,53.1574,-0.04294,0.00181,pulse:0+2:0.320,52.0548,53.1574,1.1026,1.0669,guidance,0,5
74.798,52.9289,-0.04299,0.00223,pulse:0+2:0.320,52.0548,52.9289,0.8742,1.0994,guidance,0,5
74.901,52.6655,-0.04399,0.00206,pulse:0+2:0.320,52.0548,52.6655,0.6107,1.0659,guidance,0,5
75.003,52.4032,-0.04455,0.00179,pulse:0+2:0.320,52.0548,52.4032,0.3484,1.2652,guidance,0,5
75.101,52.1444,-0.04618,0.00112,pulse:0+2:0.320,52.0548,52.1444,0.0896,1.1685,guidance,0,5
75.197,51.8767,-0.04675,0.00111,pulse:0+2:0.320,52.0548,51.8767,-0.1781,1.2576,guidance,0,5
75.301,51.5771,-0.04620,0.00146,pulse:0+2:0.320,50.3920,51.5771,1.1851,1.1968,guidance,0,5
75.402,51.2942,-0.04619,0.00157,pulse:0+2:0.320,50.3920,51.2942,0.9022,1.2681,guidance,0,5
75.501,51.0426,-0.04725,0.00180,pulse:0+2:0.320,50.3920,51.0426,0.6506,1.3088,guidance,0,5
75.601,50.7648,-0.04781,0.00136,pulse:0+2:0.320,50.3920,50.7648,0.3728,1.1016,guidance,0,5
75.700,50.4945,-0.04872,0.00131,pulse:0+2:0.320,50.3920,50.4945,0.1025,1.1879,guidance,0,5
75.798,50.2143,-0.04921,0.00169,pulse:0+2:0.320,50.3920,50.2143,-0.1777,1.1065,guidance,0,5
75.898,49.9508,-0.04899,0.00112,pulse:0:0.240,48.9336,49.9508,1.0172,1.1072,guidance,0,5
76.003,49.6404,-0.04920,0.00132,pulse:0:0.240,48.9336,49.6404,0.7068,1.2192,guidance,0,5
76.102,49.3667,-0.04979,0.00094,pulse:0:0.240,48.9336,49.3667,0.4331,1.2896,guidance,0,5
76.198,49.0935,-0.05011,0.00123,pulse:0:0.240,48.9336,49.0935,0.1599,1.1087,guidance,0,5
76.300,48.7879,-0.05047,0.00186,pulse:0:0.240,48.9336,48.7879,-0.1457,1.2337,guidance,0,5
76.399,48.4830,-0.05096,0.00183,pulse:1:0.320,47.2108,48.4830,1.2722,1.2637,guidance,0,5
76.502,48.1606,-0.05090,0.00200,pulse:1:0.320,47.2108,48.1606,0.9498,1.2719,guidance,0,5
76.603,47.8750,-0.04991,0.00188,pulse:1:0.320,47.2108,47.8750,0.6642,1.2628,guidance,0,5
76.703,47.6021,-0.04928,0.00173,pulse:1:0.320,47.2108,47.6021,0.3913,1.1375,guidance,0,5
76.801,47.3387,-0.04845,0.00233,pulse:1:0.320,47.2108,47.3387,0.1279,1.0435,guidance,0,5
76.900,47.0811,-0.04869,0.00315,pulse:0+3:0.320,45.8488,47.0811,1.2322,1.0597,guidance,0,5
77.000,46.7967,-0.04850,0.00278,pulse:0+3:0.320,45.8488,46.7967,0.9479,1.1988,guidance,0,5
77.098,46.5313,-0.04872,0.00240,pulse:0+3:0.320,45.8488,46.5313,0.6824,1.2547,guidance,0,5
77.202,46.2243,-0.04906,0.00261,pulse:0+3:0.320,45.8488,46.2243,0.3755,1.2368,guidance,0,5
77.302,45.9101,-0.04985,0.00339,pulse:0+3:0.320,45.8488,45.9101,0.0612,1.0467,guidance,0,5
77.401,45.6507,-0.05010,0.00418,pulse:2:0.240,44.6132,45.6507,1.0375,1.0745,guidance,0,5
77.501,45.3727,-0.04975,0.00433,pulse:2:0.240,44.6132,45.3727,0.7594,1.2148,guidance,0,5
77.602,45.0932,-0.04888,0.00362,pulse:2:0.240,44.6132,45.0932,0.4800,1.1650,guidance,0,5
77.702,44.8100,-0.05014,0.00246,pulse:2:0.240,44.6132,44.8100,0.1967,1.0907,guidance,0,5
77.801,44.5252,-0.05064,0.00171,pulse:2:0.240,44.6132,44.5252,-0.0881,1.0536,guidance,0,5
77.900,44.2441,-0.04984,0.00185,pulse:2:0.240,44.6132,44.2441,-0.3691,1.0560,guidance,0,5
78.001,43.9607,-0.05007,0.00189,pulse:1+2:0.320,42.7031,43.9607,1.2576,1.1111,guidance,0,5
78.100,43.6624,-0.05012,0.00141,pulse:1+2:0.320,42.7031,43.6624,0.9593,1.1472,guidance,0,5
78.202,43.3677,-0.05013,0.00085,pulse:1+2:0.320,42.7031,43.3677,0.6646,1.2134,guidance,0,5
78.300,43.0811,-0.04892,0.00205,pulse:1+2:0.320,42.7031,43.0811,0.3780,1.1155,guidance,0,5
78.403,42.7726,-0.04955,0.00390,pulse:1+2:0.320,42.7031,42.7726,0.0694,1.1030,guidance,0,5
78.501,42.4803,-0.04914,0.00435,pulse:0+3:0.240,41.4643,42.4803,1.0159,1.1050,guidance,0,5
78.597,42.1986,-0.04879,0.00399,pulse:0+3:0.240,41.4643,42.1986,0.7343,1.0998,guidance,0,5
78.702,41.8888,-0.04932,0.00267,pulse:0+3:0.240,41.4643,41.8888,0.4245,1.0951,guidance,0,5
78.803,41.6147,-0.04969,0.00104,pulse:0+3:0.240,41.4643,41.6147,0.1504,1.1622,guidance,0,5
78.902,41.3487,-0.05048,0.00060,pulse:0+3:0.240,41.4643,41.3487,-0.1156,1.1319,guidance,0,5
78.998,41.0607,-0.04991,0.00148,pulse:0+3:0.240,41.4643,41.0607,-0.4036,1.1988,guidance,0,5
79.103,40.7694,-0.05029,0.00145,pulse:1+2:0.240,39.7346,40.7694,1.0348,1.0116,guidance,0,5
79.197,40.4926,-0.05032,0.00169,pulse:1+2:0.240,39.7346,40.4926,0.7581,1.0049,guidance,0,5
79.303,40.1944,-0.04986,0.00158,pulse:1+2:0.240,39.7346,40.1944,0.4599,1.1108,guidance,0,5
79.398,39.9295,-0.04961,0.00324,pulse:1+2:0.240,39.7346,39.9295,0.1950,1.1802,guidance,0,5
79.498,39.6392,-0.04973,0.00463,pulse:1+2:0.240,39.7346,39.6392,-0.0953,0.9959,guidance,0,5
79.599,39.3652,-0.04964,0.00473,pulse:1+2:0.240,39.7346,39.3652,-0.3694,1.0472,guidance,0,5
79.698,39.0958,-0.04954,0.00446,pulse:0:0.320,37.8345,39.0958,1.2614,1.0898,guidance,0,5
79.799,38.8104,-0.04977,0.00461,pulse:0:0.320,37.8345,38.8104,0.9759,1.1107,guidance,0,5
79.900,38.5297,-0.04991,0.00449,pulse:0:0.320,37.8345,38.5297,0.6952,1.0463,guidance,0,5
79.997,38.2578,-0.05068,0.00269,pulse:0:0.320,37.8345,38.2578,0.4233,1.0507,guidance,0,5
80.101,37.9664,-0.05117,0.00242,pulse:0:0.320,37.8345,37.9664,0.1319,1.0374,guidance,0,5
80.197,37.6729,-0.05218,0.00209,pulse:0:0.320,37.8345,37.6729,-0.1616,1.1454,guidance,0,5
80.303,37.3489,-0.05142,0.00224,pulse:0+3:0.320,36.0480,37.3489,1.3009,1.1835,guidance,0,5
80.402,37.0594,-0.05162,0.00221,pulse:0+3:0.320,36.0480,37.0594,1.0114,1.1193,guidance,0,5
80.498,36.7982,-0.05225,0.00250,pulse:0+3:0.320,36.0480,36.7982,0.7502,1.0262,guidance,0,5
80.600,36.4871,-0.05174,0.00310,pulse:0+3:0.320,36.0480,36.4871,0.4391,1.0178,guidance,0,5
80.703,36.1673,-0.05294,0.00442,pulse:0+3:0.320,36.0480,36.1673,0.1193,0.9925,guidance,0,5
80.801,35.8657,-0.05282,0.00581,pulse:0+3:0.320,36.0480,35.8657,-0.1824,1.0752,guidance,0,5
80.900,35.5605,-0.05273,0.00506,coast:0.320,34.2315,35.5605,1.3289,1.1649,guidance,0,5
81.000,35.2604,-0.05279,0.00557,coast:0.320,34.2315,35.2604,1.0288,1.0058,guidance,0,5
81.101,34.9575,-0.05229,0.00476,coast:0.320,34.2315,34.9575,0.7260,1.1463,guidance,0,5
81.199,34.6838,-0.05228,0.00520,coast:0.320,34.2315,34.6838,0.4522,1.1802,guidance,0,5
81.299,34.3696,-0.05195,0.00504,coast:0.320,34.2315,34.3696,0.1380,1.2088,guidance,0,5
81.399,34.0711,-0.05153,0.00485,coast:0.320,34.2315,34.0711,-0.1604,1.1459,guidance,0,5
81.499,33.7693,-0.05110,0.00515,pulse:2:0.320,32.4735,33.7693,1.2959,1.1849,guidance,0,5
81.598,33.4933,-0.05181,0.00517,pulse:2:0.320,32.4735,33.4933,1.0198,1.0731,guidance,0,5
81.698,33.1866,-0.05123,0.00379,pulse:2:0.320,32.4735,33.1866,0.7131,1.0171,guidance,0,5
81.801,32.8756,-0.05182,0.00361,pulse:2:0.320,32.4735,32.8756,0.4021,0.9651,guidance,0,5
81.897,32.5909,-0.05166,0.00259,pulse:2:0.320,32.4735,32.5909,0.1175,1.1386,guidance,0,5
82.001,32.2829,-0.05154,0.00233,pulse:1+2:0.320,30.9881,32.2829,1.2948,0.9918,guidance,0,5
82.099,31.9736,-0.05208,0.00268,pulse:1+2:0.320,30.9881,31.9736,0.9855,1.0280,guidance,0,5
82.202,31.6794,-0.05100,0.00287,pulse:1+2:0.320,30.9881,31.6794,0.6913,1.0646,guidance,0,5
82.297,31.4000,-0.05110,0.00445,pulse:1+2:0.320,30.9881,31.4000,0.4119,1.0745,guidance,0,5
82.402,31.1013,-0.05052,0.00606,pulse:1+2:0.320,30.9881,31.1013,0.1132,0.9567,guidance,0,5
82.497,30.8099,-0.05070,0.00626,pulse:1+2:0.320,30.9881,30.8099,-0.1781,0.9603,guidance,0,5
82.603,30.4940,-0.05094,0.00694,pulse:0+3:0.320,29.2058,30.4940,1.2882,1.0302,guidance,0,5
82.698,30.2044,-0.05063,0.00649,pulse:0+3:0.320,29.2058,30.2044,0.9986,1.0919,guidance,0,5
82.801,29.9195,-0.05087,0.00501,pulse:0+3:0.320,29.2058,29.9195,0.7137,1.1525,guidance,0,5
82.897,29.6140,-0.05150,0.00328,pulse:0+3:0.320,29.2058,29.6140,0.4082,0.9659,guidance,0,5
83.003,29.2846,-0.05206,0.00253,pulse:0+3:0.320,29.2058,29.2846,0.0788,0.9772,guidance,0,5
83.099,28.9929,-0.05254,0.00245,pulse:0+3:0.320,29.2058,28.9929,-0.2129,1.0191,guidance,0,5
83.202,28.6914,-0.05258,0.00268,coast:0.320,27.3658,28.6914,1.3255,1.0583,guidance,0,5
83.301,28.4237,-0.05243,0.00283,coast:0.320,27.3658,28.4237,1.0578,0.9817,guidance,0,5
83.400,28.1297,-0.05270,0.00249,coast:0.320,27.3658,28.1297,0.7639,1.1050,guidance,0,5
83.499,27.8385,-0.05256,0.00239,coast:0.320,27.3658,27.8385,0.4727,1.0317,guidance,0,5
83.600,27.5481,-0.05312,0.00318,coast:0.320,27.3658,27.5481,0.1822,0.9625,guidance,0,5
83.702,27.2303,-0.05292,0.00286,coast:0.320,25.8964,27.2303,1.3340,1.0174,guidance,0,5
83.807,26.9027,-0.05331,0.00341,coast:0.320,25.8964,26.9027,1.0063,1.0890,guidance,0,5
83.903,26.6075,-0.05349,0.00349,coast:0.320,25.8964,26.6075,0.7111,1.0505,guidance,0,5
84.006,26.2962,-0.05309,0.00419,coast:0.320,25.8964,26.2962,0.3999,1.1413,guidance,0,5
84.105,25.9885,-0.05386,0.00415,coast:0.320,25.8964,25.9885,0.0921,1.0090,guidance,0,5
84.202,25.6776,-0.05321,0.00428,coast:0.320,25.8964,25.6776,-0.2187,0.9142,guidance,0,5
84.303,25.3755,-0.05360,0.00438,pulse:1:0.320,24.0369,25.3755,1.3385,1.0075,guidance,0,5
84.407,25.0387,-0.05324,0.00482,pulse:1:0.320,24.0369,25.0387,1.0018,0.9129,guidance,0,5
84.504,24.7392,-0.05302,0.00493,pulse:1:0.320,24.0369,24.7392,0.7022,0.9434,guidance,0,5
84.607,24.4276,-0.05254,0.00455,pulse:1:0.320,24.0369,24.4276,0.3907,0.9017,guidance,0,5
84.702,24.1432,-0.05176,0.00476,pulse:1:0.320,24.0369,24.1432,0.1062,0.8870,guidance,0,5
84.806,23.8314,-0.05140,0.00481,pulse:1+3:0.320,22.5566,23.8314,1.2748,1.0585,guidance,0,5
84.905,23.5387,-0.05083,0.00529,pulse:1+3:0.320,22.5566,23.5387,0.9821,1.1242,guidance,0,5
85.007,23.2470,-0.05081,0.00583,pulse:1+3:0.320,22.5566,23.2470,0.6905,0.9703,guidance,0,5
85.106,22.9695,-0.04975,0.00615,pulse:1+3:0.320,22.5566,22.9695,0.4129,1.1140,guidance,0,5
85.203,22.7093,-0.04898,0.00585,pulse:1+3:0.320,22.5566,22.7093,0.1527,0.9762,guidance,0,5
85.304,22.4205,-0.04818,0.00655,pulse:1+3:0.320,22.5566,22.4205,-0.1361,1.0387,guidance,0,5
85.402,22.1329,-0.04809,0.00657,pulse:0:0.320,20.9091,22.1329,1.2238,1.0023,guidance,0,5
85.505,21.8424,-0.04802,0.00677,pulse:0:0.320,20.9091,21.8424,0.9333,1.0390,guidance,0,5
85.603,21.5784,-0.04846,0.00590,pulse:0:0.320,20.9091,21.5784,0.6693,0.9331,guidance,0,5
85.706,21.3037,-0.04929,0.00543,pulse:0:0.320,20.9091,21.3037,0.3947,1.0098,guidance,0,5
85.806,21.0459,-0.05000,0.00533,pulse:0:0.320,20.9091,21.0459,0.1369,1.1091,guidance,0,5
85.906,20.7610,-0.05048,0.00533,pulse:1+3:0.320,19.5096,20.7610,1.2514,1.0030,guidance,0,5
86.004,20.4680,-0.05028,0.00509,pulse:1+3:0.320,19.5096,20.4680,0.9584,0.9132,guidance,0,5
86.107,20.1711,-0.04946,0.00550,pulse:1+3:0.320,19.5096,20.1711,0.6615,0.9631,guidance,0,5
86.204,19.8994,-0.04885,0.00577,pulse:1+3:0.320,19.5096,19.8994,0.3898,0.9274,guidance,0,5
86.305,19.6170,-0.04743,0.00569,pulse:1+3:0.320,19.5096,19.6170,0.1074,1.0314,guidance,0,5
86.407,19.3350,-0.04689,0.00568,pulse:1+3:0.320,18.1740,19.3350,1.1610,0.9036,guidance,0,5
86.504,19.0483,-0.04735,0.00576,pulse:1+3:0.320,18.1740,19.0483,0.8743,0.9582,guidance,0,5
86.605,18.7658,-0.04645,0.00657,pulse:1+3:0.320,18.1740,18.7658,0.5918,0.9893,guidance,0,5
86.703,18.4984,-0.04549,0.00670,pulse:1+3:0.320,18.1740,18.4984,0.3244,0.9200,guidance,0,5
86.807,18.2291,-0.04409,0.00723,pulse:1+3:0.320,18.1740,18.2291,0.0551,1.0694,guidance,0,5
86.906,17.9848,-0.04374,0.00713,pulse:1+3:0.320,18.1740,17.9848,-0.1892,1.0696,guidance,0,5
87.005,17.7266,-0.04433,0.00727,pulse:1+3:0.320,16.6307,17.7266,1.0958,1.0760,guidance,0,5
87.102,17.4816,-0.04412,0.00780,pulse:1+3:0.320,16.6307,17.4816,0.8509,1.0664,guidance,0,5
87.207,17.2363,-0.04413,0.00826,pulse:1+3:0.320,16.6307,17.2363,0.6056,0.9246,guidance,0,5
87.306,16.9774,-0.04283,0.00892,pulse:1+3:0.320,16.6307,16.9774,0.3467,1.0197,guidance,0,5
87.407,16.7275,-0.04155,0.00907,pulse:1+3:0.320,16.6307,16.7275,0.0967,1.0180,guidance,0,5
87.507,16.5050,-0.04156,0.00892,pulse:1+3:0.320,15.4798,16.5050,1.0252,0.9020,guidance,0,5
87.606,16.2604,-0.04183,0.00941,pulse:1+3:0.320,15.4798,16.2604,0.7806,0.8803,guidance,0,5
87.705,16.0485,-0.04070,0.00966,pulse:1+3:0.320,15.4798,16.0485,0.5687,0.8821,guidance,0,5
87.808,15.8059,-0.04034,0.00941,pulse:1+3:0.320,15.4798,15.8059,0.3261,0.9575,guidance,0,5
87.905,15.5883,-0.03937,0.01028,pulse:1+3:0.320,15.4798,15.5883,0.1085,0.8742,guidance,0,5
88.004,15.3561,-0.03905,0.01017,pulse:1+3:0.320,15.4798,15.3561,-0.1237,0.9328,guidance,0,5
88.102,15.1323,-0.03882,0.01060,pulse:1+3:0.320,14.1770,15.1323,0.9553,1.0043,guidance,0,5
88.202,14.9153,-0.03909,0.01061,pulse:1+3:0.320,14.1770,14.9153,0.7383,0.8499,guidance,0,5
88.302,14.6951,-0.03856,0.01083,pulse:1+3:0.320,14.1770,14.6951,0.5181,1.0071,guidance,0,5
88.408,14.4531,-0.03755,0.01124,pulse:1+3:0.320,14.1770,14.4531,0.2761,1.0045,guidance,0,5
88.505,14.2566,-0.03724,0.01119,pulse:1+3:0.320,14.1770,14.2566,0.0796,0.9045,guidance,0,5
88.606,14.0351,-0.03627,0.01125,pulse:1:0.320,13.1357,14.0351,0.8994,0.8355,guidance,0,5
88.707,13.8262,-0.03642,0.01156,pulse:1:0.320,13.1357,13.8262,0.6904,0.9103,guidance,0,5
88.807,13.6310,-0.03582,0.01197,pulse:1:0.320,13.1357,13.6310,0.4952,0.9402,guidance,0,5
88.902,13.4322,-0.03575,0.01183,pulse:1:0.320,13.1357,13.4322,0.2965,0.8297,guidance,0,5
89.005,13.2350,-0.03480,0.01146,pulse:1:0.320,13.1357,13.2350,0.0993,0.8357,guidance,0,5
89.104,13.0463,-0.03476,0.01173,pulse:1:0.320,13.1357,13.0463,-0.0895,0.8263,guidance,0,5
89.208,12.8210,-0.03501,0.01160,pulse:1+3:0.320,11.9629,12.8210,0.8581,0.9002,guidance,0,5
89.306,12.6421,-0.03459,0.01238,pulse:1+3:0.320,11.9629,12.6421,0.6792,0.9111,guidance,0,5
89.405,12.4385,-0.03447,0.01214,pulse:1+3:0.320,11.9629,12.4385,0.4756,0.9834,guidance,0,5
89.503,12.2747,-0.03356,0.01222,pulse:1+3:0.320,11.9629,12.2747,0.3117,0.8773,guidance,0,5
89.606,12.0937,-0.03230,0.01316,pulse:1+3:0.320,11.9629,12.0937,0.1308,0.8275,guidance,0,5
89.708,11.9037,-0.03165,0.01319,pulse:1+3:0.320,11.9629,11.9037,-0.0592,0.9632,guidance,0,5
89.806,11.7103,-0.03201,0.01309,pulse:1+3:0.160,11.2034,11.7103,0.5070,1.0333,guidance,0,5
89.903,11.5451,-0.03168,0.01360,pulse:1+3:0.160,11.2034,11.5451,0.3417,0.8325,guidance,0,5
90.007,11.3590,-0.03065,0.01354,pulse:1+3:0.160,11.2034,11.3590,0.1556,0.9344,guidance,0,5
90.102,11.1911,-0.02987,0.01363,pulse:1+3:0.160,11.2034,11.1911,-0.0123,0.9595,guidance,0,5
90.206,11.0224,-0.03065,0.01450,pulse:1+3:0.160,11.2034,11.0224,-0.1809,0.9446,guidance,0,5
90.303,10.8438,-0.02991,0.01493,pulse:1+3:0.160,11.2034,10.8438,-0.3596,0.9031,guidance,0,5
90.407,10.6654,-0.02975,0.01508,pulse:1+3:0.240,10.0679,10.6654,0.5975,0.8155,guidance,0,5
90.503,10.4956,-0.02998,0.01589,pulse:1+3:0.240,10.0679,10.4956,0.4276,0.8055,guidance,0,5
90.603,10.3225,-0.02859,0.01558,pulse:1+3:0.240,10.0679,10.3225,0.2546,0.7956,guidance,0,5
90.705,10.1695,-0.02837,0.01600,pulse:1+3:0.240,10.0679,10.1695,0.1016,0.8760,guidance,0,5
90.808,10.0234,-0.02687,0.01698,pulse:1+3:0.240,10.0679,10.0234,-0.0446,0.7881,guidance,0,5
90.905,9.8568,-0.02673,0.01660,pulse:1+3:0.240,10.0679,9.8568,-0.2112,0.8861,guidance,0,5
91.006,9.7067,-0.02682,0.01665,pulse:1+3:0.240,9.1712,9.7067,0.5355,0.8075,guidance,0,5
91.103,9.5656,-0.02627,0.01717,pulse:1+3:0.240,9.1712,9.5656,0.3944,0.7946,guidance,0,5
91.206,9.3815,-0.02561,0.01718,pulse:1+3:0.240,9.1712,9.3815,0.2103,0.9506,guidance,0,5
91.308,9.2615,-0.02448,0.01794,pulse:1+3:0.240,9.1712,9.2615,0.0903,0.9478,guidance,0,5
91.406,9.1217,-0.02413,0.01799,pulse:1+3:0.240,9.1712,9.1217,-0.0495,0.8785,guidance,0,5
91.505,8.9782,-0.02353,0.01767,pulse:1+3:0.240,9.1712,8.9782,-0.1930,0.8893,guidance,0,5
91.603,8.8430,-0.02350,0.01810,pulse:1+3:0.240,8.3778,8.8430,0.4652,0.9769,guidance,0,5
91.708,8.7038,-0.02326,0.01793,pulse:1+3:0.240,8.3778,8.7038,0.3260,0.9673,guidance,0,5
91.806,8.5718,-0.02249,0.01796,pulse:1+3:0.240,8.3778,8.5718,0.1941,0.9979,guidance,0,5
91.903,8.4636,-0.02076,0.01821,pulse:1+3:0.240,8.3778,8.4636,0.0859,0.8116,guidance,0,5
92.007,8.3337,-0.02055,0.01853,pulse:1+3:0.240,8.3778,8.3337,-0.0440,0.8018,guidance,0,5
92.104,8.2227,-0.02059,0.01870,pulse:1+3:0.080,7.9904,8.2227,0.2323,0.8970,guidance,0,5
92.206,8.1146,-0.02028,0.01923,pulse:1+3:0.080,7.9904,8.1146,0.1242,0.7777,guidance,0,5
92.308,8.0149,-0.01934,0.01865,pulse:1+3:0.080,7.9904,8.0149,0.0245,0.9115,guidance,0,5
92.405,7.9215,-0.01871,0.01908,pulse:1+3:0.080,7.9904,7.9215,-0.0689,0.9614,guidance,0,5
92.507,7.8072,-0.01834,0.01930,pulse:1+3:0.080,7.9904,7.8072,-0.1832,0.9178,guidance,0,5
92.604,7.7109,-0.01893,0.01931,pulse:0:0.160,7.4116,7.7109,0.2993,0.9544,terminal,0,5
92.704,7.5909,-0.01849,0.01987,pulse:0:0.160,7.4116,7.5909,0.1793,0.9076,terminal,0,5
92.808,7.4793,-0.01857,0.02032,pulse:0:0.160,7.4116,7.4793,0.0677,0.9715,terminal,0,5
92.908,7.3731,-0.01833,0.02051,pulse:0:0.160,7.0848,7.3731,0.2884,0.8076,terminal,0,5
93.003,7.2668,-0.01838,0.02091,pulse:0:0.160,7.0848,7.2668,0.1821,0.7427,terminal,0,5
93.105,7.1685,-0.01772,0.02172,pulse:0:0.160,7.0848,7.1685,0.0837,0.8540,terminal,0,5
93.206,7.0623,-0.01884,0.02329,pulse:2:0.160,6.7683,7.0623,0.2940,0.9442,terminal,0,5
93.303,6.9648,-0.01818,0.02290,pulse:2:0.160,6.7683,6.9648,0.1965,0.9736,terminal,0,5
93.405,6.8329,-0.01799,0.02314,pulse:2:0.160,6.7683,6.8329,0.0646,0.9689,terminal,0,5
93.503,6.7450,-0.01803,0.02383,pulse:2:0.160,6.4650,6.7450,0.2800,0.7994,terminal,0,5
93.607,6.6427,-0.01687,0.02438,pulse:2:0.160,6.4650,6.6427,0.1778,0.7993,terminal,0,5
93.707,6.5402,-0.01639,0.02451,pulse:2:0.160,6.4650,6.5402,0.0752,0.8135,terminal,0,5
93.806,6.4483,-0.01580,0.02532,pulse:2:0.160,6.2061,6.4483,0.2423,0.9097,terminal,0,5
93.906,6.3643,-0.01541,0.02637,pulse:2:0.160,6.2061,6.3643,0.1583,0.8663,terminal,0,5
94.005,6.2915,-0.01488,0.02642,pulse:2:0.160,6.2061,6.2915,0.0854,0.8434,terminal,0,5
94.102,6.2149,-0.01482,0.02723,pulse:2:0.160,5.9911,6.2149,0.2239,0.8968,terminal,0,5
94.205,6.1174,-0.01349,0.02768,pulse:2:0.160,5.9911,6.1174,0.1263,0.8883,terminal,0,5
94.307,6.0490,-0.01305,0.02759,pulse:2:0.160,5.9911,6.0490,0.0580,0.9545,terminal,0,5
94.405,5.9823,-0.01237,0.02825,pulse:2:0.160,5.7997,5.9823,0.1826,0.7813,terminal,0,5
94.507,5.9154,-0.01152,0.02852,pulse:2:0.160,5.7997,5.9154,0.1157,0.9040,terminal,0,5
94.606,5.8399,-0.01104,0.02897,pulse:2:0.160,5.7997,5.8399,0.0403,0.8384,terminal,0,5
94.705,5.7917,-0.01001,0.02932,pulse:2:0.160,5.6489,5.7917,0.1428,0.7969,terminal,0,5
94.806,5.7271,-0.00944,0.03004,pulse:2:0.160,5.6489,5.7271,0.0782,0.7911,terminal,0,5
94.903,5.6646,-0.00880,0.03017,pulse:2:0.160,5.6489,5.6646,0.0157,0.7659,terminal,0,5
95.007,5.6170,-0.00887,0.03033,pulse:2:0.160,5.4946,5.6170,0.1223,0.7461,terminal,0,5
95.104,5.5766,-0.00794,0.03076,pulse:2:0.160,5.4946,5.5766,0.0820,0.8854,terminal,0,5
95.206,5.5331,-0.00760,0.03076,pulse:2:0.160,5.4946,5.5331,0.0385,0.9510,terminal,0,5
95.303,5.5020,-0.00672,0.03090,pulse:2:0.160,5.4155,5.5020,0.0865,0.8790,terminal,0,5
95.404,5.4543,-0.00506,0.03148,pulse:2:0.160,5.4155,5.4543,0.0388,0.9200,terminal,0,5
95.504,5.4256,-0.00487,0.03177,pulse:2:0.160,5.4155,5.4256,0.0101,0.8674,terminal,0,5
95.607,5.3867,-0.00405,0.03311,pulse:2:0.160,5.3471,5.3867,0.0397,0.8235,terminal,0,5
95.703,5.3738,-0.00329,0.03190,pulse:2:0.160,5.3471,5.3738,0.0268,0.7762,terminal,0,5
95.804,5.3574,-0.00188,0.03212,pulse:2:0.160,5.3471,5.3574,0.0104,0.7917,terminal,0,5
95.903,5.3418,-0.00158,0.03305,pulse:0:0.160,5.3423,5.3418,-0.0005,0.7628,terminal,0,5
96.004,5.3357,-0.00016,0.03308,pulse:0:0.160,5.3423,5.3357,-0.0066,0.8377,terminal,0,5
96.105,5.3388,0.00073,0.03437,pulse:0:0.160,5.3423,5.3388,-0.0036,0.8559,terminal,0,5
96.207,5.3661,0.00155,0.03419,pulse:2:0.160,5.4182,5.3661,-0.0521,0.8290,terminal,0,5
96.308,5.3630,0.00318,0.03394,pulse:2:0.160,5.4182,5.3630,-0.0552,0.8158,terminal,0,5
96.402,5.3956,0.00450,0.03370,pulse:2:0.160,5.4182,5.3956,-0.0226,0.7567,terminal,0,5
96.503,5.4306,0.00569,0.03438,pulse:3:0.080,5.5100,5.4306,-0.0794,0.8999,terminal,0,5
96.603,5.4594,0.00735,0.03374,pulse:3:0.080,5.5100,5.4594,-0.0506,0.8281,terminal,0,5
96.704,5.5077,0.00846,0.03372,pulse:3:0.080,5.5100,5.5077,-0.0024,0.7176,terminal,0,5
96.806,5.5502,0.01055,0.03331,pulse:1+3:0.040,5.6553,5.5502,-0.1050,0.7238,terminal,0,5
96.905,5.5900,0.01132,0.03295,pulse:1+3:0.040,5.6553,5.5900,-0.0653,0.8026,terminal,0,5
97.003,5.6671,0.01314,0.03194,pulse:1+3:0.040,5.6553,5.6671,0.0119,0.7606,terminal,0,5
97.107,5.7448,0.01416,0.03204,pulse:1:0.160,5.9942,5.7448,-0.2493,0.8177,terminal,0,5
97.206,5.8443,0.01570,0.03161,pulse:1:0.160,5.9942,5.8443,-0.1498,0.8664,terminal,0,5
97.305,5.9092,0.01574,0.03055,pulse:1:0.160,5.9942,5.9092,-0.0850,0.8094,terminal,0,5
97.405,6.0150,0.01731,0.03032,pulse:3:0.160,6.3113,6.0150,-0.2963,0.8303,terminal,0,5
97.505,6.1357,0.01839,0.02963,pulse:3:0.160,6.3113,6.1357,-0.1756,0.7521,terminal,0,5
97.604,6.2422,0.01920,0.02851,pulse:3:0.160,6.3113,6.2422,-0.0691,0.7288,terminal,0,5
97.703,6.3579,0.01982,0.02719,pulse:3:0.160,6.6898,6.3579,-0.3319,0.8782,terminal,0,5
97.807,6.4709,0.02029,0.02743,pulse:3:0.160,6.6898,6.4709,-0.2189,0.8625,terminal,0,5
97.903,6.6010,0.02114,0.02610,pulse:3:0.160,6.6898,6.6010,-0.0888,0.8620,terminal,0,5
98.005,6.7168,0.02147,0.02498,pulse:3:0.160,7.0721,6.7168,-0.3553,0.9153,terminal,0,5
98.108,6.8150,0.02131,0.02467,pulse:3:0.160,7.0721,6.8150,-0.2571,0.9291,terminal,0,5
98.205,6.9224,0.02171,0.02459,pulse:3:0.160,7.0721,6.9224,-0.1497,0.7358,terminal,0,5
98.306,7.0508,0.02216,0.02297,pulse:1:0.160,7.4149,7.0508,-0.3641,0.6788,terminal,0,5
98.406,7.1816,0.02221,0.02357,pulse:1:0.160,7.4149,7.1816,-0.2332,0.6880,terminal,0,5
98.506,7.3144,0.02259,0.02243,pulse:1:0.160,7.4149,7.3144,-0.1005,0.6997,terminal,0,5
98.607,7.4391,0.02270,0.02175,pulse:3:0.160,7.8103,7.4391,-0.3713,0.8258,terminal,0,5
98.707,7.5715,0.02306,0.02187,pulse:3:0.160,7.8103,7.5715,-0.2389,0.7069,terminal,0,5
98.805,7.7144,0.02328,0.02152,pulse:3:0.160,7.8103,7.7144,-0.0960,0.8552,terminal,0,5
98.906,7.8486,0.02245,0.01985,pulse:3:0.160,8.2141,7.8486,-0.3656,0.8321,terminal,0,5
99.003,7.9713,0.02266,0.01947,pulse:3:0.160,8.2141,7.9713,-0.2428,0.7079,terminal,0,5
99.108,8.1185,0.02352,0.01906,pulse:3:0.160,8.2141,8.1185,-0.0957,0.6663,terminal,0,5
99.207,8.2402,0.02362,0.01875,pulse:1+3:0.160,8.6226,8.2402,-0.3824,0.6877,guidance,0,5
99.304,8.3639,0.02305,0.01809,pulse:1+3:0.160,8.6226,8.3639,-0.2587,0.6774,guidance,0,5
99.407,8.4850,0.02296,0.01701,pulse:1+3:0.160,8.6226,8.4850,-0.1377,0.6765,guidance,0,5
99.505,8.6241,0.02353,0.01653,pulse:1+3:0.160,8.6226,8.6241,0.0015,0.8271,guidance,0,5
99.607,8.7612,0.02342,0.01610,pulse:1+3:0.160,8.6226,8.7612,0.1386,0.9022,guidance,0,5
99.706,8.8901,0.02430,0.01608,pulse:1+3:0.160,8.6226,8.8901,0.2674,0.8474,guidance,0,5
99.808,9.0470,0.02423,0.01482,pulse:1+3:0.080,9.3260,9.0470,-0.2789,0.8400,guidance,0,5
99.905,9.1751,0.02446,0.01487,pulse:1+3:0.080,9.3260,9.1751,-0.1509,0.7041,guidance,0,5
100.006,9.3121,0.02448,0.01375,pulse:1+3:0.080,9.3260,9.3121,-0.0139,0.8131,guidance,0,5
100.107,9.4451,0.02435,0.01373,pulse:1+3:0.080,9.3260,9.4451,0.1192,0.8534,guidance,0,5
100.206,9.5879,0.02423,0.01434,pulse:1+3:0.080,9.3260,9.5879,0.2620,0.7688,guidance,0,5
100.307,9.7238,0.02485,0.01304,pulse:1+3:0.080,9.3260,9.7238,0.3979,0.8533,guidance,0,5
100.405,9.8676,0.02614,0.01271,pulse:1+3:0.080,10.1678,9.8676,-0.3003,0.7538,guidance,0,5
100.504,10.0107,0.02570,0.01283,pulse:1+3:0.080,10.1678,10.0107,-0.1571,0.7636,guidance,0,5
100.606,10.1649,0.02551,0.01214,pulse:1+3:0.080,10.1678,10.1649,-0.0030,0.8004,guidance,0,5
100.706,10.3145,0.02565,0.01201,pulse:1+3:0.080,10.1678,10.3145,0.1467,0.7732,guidance,0,5
100.804,10.4595,0.02554,0.01160,pulse:1+3:0.080,10.1678,10.4595,0.2917,0.8440,guidance,0,5
100.902,10.6114,0.02554,0.01175,pulse:1+3:0.080,10.1678,10.6114,0.4436,0.7836,guidance,0,5
100.953,10.6786,0.02602,0.01093,pulse:1+3:0.080,10.9771,10.6786,-0.2985,0.8059,guidance,0,5
101.105,10.9030,0.02663,0.01113,pulse:1+3:0.080,10.9771,10.9030,-0.0741,0.7699,guidance,0,5
101.203,11.0464,0.02558,0.01077,pulse:1+3:0.080,10.9771,11.0464,0.0693,0.8487,guidance,0,5
101.304,11.1778,0.02564,0.01093,pulse:1+3:0.080,10.9771,11.1778,0.2007,0.8838,guidance,0,5
101.405,11.3437,0.02570,0.01085,pulse:1+3:0.080,10.9771,11.3437,0.3666,0.7177,guidance,0,5
101.504,11.4799,0.02557,0.00994,pulse:1+3:0.080,11.7731,11.4799,-0.2931,0.8457,guidance,0,5
101.606,11.6081,0.02583,0.01052,pulse:1+3:0.080,11.7731,11.6081,-0.1650,0.7696,guidance,0,5
101.704,11.7643,0.02490,0.00981,pulse:1+3:0.080,11.7731,11.7643,-0.0087,0.8526,guidance,0,5
101.805,11.9082,0.02545,0.01004,pulse:1+3:0.080,11.7731,11.9082,0.1351,0.8286,guidance,0,5
101.902,12.0666,0.02516,0.00964,pulse:1+3:0.080,11.7731,12.0666,0.2935,0.8327,guidance,0,5
102.005,12.1991,0.02556,0.01001,pulse:1+3:0.240,12.7214,12.1991,-0.5223,0.8798,guidance,0,5
102.105,12.3473,0.02468,0.00973,pulse:1+3:0.240,12.7214,12.3473,-0.3741,0.7527,guidance,0,5
102.207,12.4971,0.02459,0.00921,pulse:1+3:0.240,12.7214,12.4971,-0.2242,0.7037,guidance,0,5
102.304,12.6170,0.02435,0.00884,pulse:1+3:0.240,12.7214,12.6170,-0.1044,0.8303,guidance,0,5
102.404,12.7643,0.02376,0.00760,pulse:1+3:0.240,12.7214,12.7643,0.0429,0.8220,guidance,0,5
102.503,12.9012,0.02423,0.00750,pulse:1+3:0.240,12.7214,12.9012,0.1798,0.8373,guidance,0,5
102.607,13.0570,0.02380,0.00752,pulse:1+3:0.240,13.5420,13.0570,-0.4850,0.8752,guidance,0,5
102.703,13.1694,0.02375,0.00764,pulse:1+3:0.240,13.5420,13.1694,-0.3725,0.8487,guidance,0,5
102.804,13.3245,0.02314,0.00693,pulse:1+3:0.240,13.5420,13.3245,-0.2175,0.7046,guidance,0,5
102.903,13.4679,0.02380,0.00613,pulse:1+3:0.240,13.5420,13.4679,-0.0740,0.6956,guidance,0,5
103.002,13.5781,0.02281,0.00536,pulse:1+3:0.240,13.5420,13.5781,0.0361,0.7969,guidance,0,5
103.107,13.6974,0.02337,0.00580,pulse:1+3:0.320,14.2746,13.6974,-0.5771,0.8298,guidance,0,5
103.203,13.8374,0.02331,0.00569,pulse:1+3:0.320,14.2746,13.8374,-0.4372,0.7470,guidance,0,5
103.307,13.9757,0.02277,0.00495,pulse:1+3:0.320,14.2746,13.9757,-0.2989,0.7552,guidance,0,5
103.403,14.1112,0.02279,0.00460,pulse:1+3:0.320,14.2746,14.1112,-0.1633,0.8212,guidance,0,5
103.505,14.2271,0.02199,0.00399,pulse:1+3:0.320,14.2746,14.2271,-0.0474,0.7261,guidance,0,5
103.605,14.3493,0.02153,0.00317,pulse:1+3:0.320,14.2746,14.3493,0.0747,0.6380,guidance,0,5
103.707,14.4861,0.02183,0.00394,pulse:1+3:0.320,15.0241,14.4861,-0.5380,0.7699,guidance,0,5
103.802,14.6286,0.02206,0.00348,pulse:1+3:0.320,15.0241,14.6286,-0.3955,0.7419,guidance,0,5
103.905,14.7549,0.02134,0.00333,pulse:1+3:0.320,15.0241,14.7549,-0.2692,0.6648,guidance,0,5
104.007,14.8846,0.02063,0.00258,pulse:1+3:0.320,15.0241,14.8846,-0.1395,0.8033,guidance,0,5
104.103,14.9843,0.02106,0.00298,pulse:1+3:0.320,15.0241,14.9843,-0.0398,0.7181,guidance,0,5
104.202,15.1054,0.02087,0.00297,pulse:1+3:0.320,15.0241,15.1054,0.0813,0.7972,guidance,0,5
104.304,15.2218,0.02030,0.00311,pulse:1+3:0.240,15.6339,15.2218,-0.4121,0.7090,guidance,0,5
104.405,15.3446,0.02034,0.00302,pulse:1+3:0.240,15.6339,15.3446,-0.2893,0.6901,guidance,0,5
104.505,15.4449,0.01980,0.00239,pulse:1+3:0.240,15.6339,15.4449,-0.1889,0.6878,guidance,0,5
104.603,15.5437,0.01932,0.00334,pulse:1+3:0.240,15.6339,15.5437,-0.0901,0.6458,guidance,0,5
104.705,15.6633,0.01963,0.00230,pulse:1+3:0.240,15.6339,15.6633,0.0294,0.6068,guidance,0,5
104.804,15.7585,0.01933,0.00245,pulse:1+3:0.240,15.6339,15.7585,0.1246,0.5922,guidance,0,5
104.908,15.8895,0.01912,0.00238,pulse:1+3:0.240,16.2773,15.8895,-0.3878,0.6239,guidance,0,5
105.004,16.0077,0.01917,0.00189,pulse:1+3:0.240,16.2773,16.0077,-0.2696,0.6162,guidance,0,5
105.104,16.1036,0.01871,0.00199,pulse:1+3:0.240,16.2773,16.1036,-0.1737,0.7545,guidance,0,5
105.204,16.2252,0.01852,0.00278,pulse:1+3:0.240,16.2773,16.2252,-0.0521,0.6599,guidance,0,5
105.303,16.3099,0.01772,0.00320,pulse:1+3:0.240,16.2773,16.3099,0.0326,0.5850,guidance,0,5
105.407,16.4059,0.01825,0.00293,pulse:1+3:0.240,16.2773,16.4059,0.1287,0.7440,guidance,0,5
105.506,16.5000,0.01851,0.00309,pulse:1+3:0.240,16.8752,16.5000,-0.3752,0.7345,guidance,0,5
105.604,16.6070,0.01843,0.00246,pulse:1+3:0.240,16.8752,16.6070,-0.2681,0.7040,guidance,0,5
105.703,16.7167,0.01781,0.00315,pulse:1+3:0.240,16.8752,16.7167,-0.1584,0.6639,guidance,0,5
105.806,16.8190,0.01683,0.00447,pulse:1+3:0.240,16.8752,16.8190,-0.0561,0.7212,guidance,0,5
105.904,16.9113,0.01634,0.00412,pulse:1+3:0.240,16.8752,16.9113,0.0362,0.7772,guidance,0,5
106.004,17.0090,0.01684,0.00426,pulse:1+3:0.240,16.8752,17.0090,0.1339,0.7316,guidance,0,5
106.106,17.1097,0.01756,0.00480,pulse:1+3:0.160,17.3889,17.1097,-0.2792,0.7726,guidance,0,5
106.204,17.2097,0.01734,0.00468,pulse:1+3:0.160,17.3889,17.2097,-0.1792,0.7001,guidance,0,5
106.252,17.2705,0.01735,0.00457,pulse:1+3:0.160,17.3889,17.2705,-0.1184,0.7255,guidance,0,5
106.404,17.4012,0.01680,0.00573,pulse:1+3:0.160,17.3889,17.4012,0.0124,0.7692,guidance,0,5
106.506,17.5003,0.01701,0.00558,pulse:1+3:0.160,17.3889,17.5003,0.1115,0.7726,guidance,0,5
106.608,17.5929,0.01652,0.00543,pulse:1+3:0.160,17.8555,17.5929,-0.2626,0.6514,guidance,0,5
106.707,17.6939,0.01690,0.00511,pulse:1+3:0.160,17.8555,17.6939,-0.1616,0.7154,guidance,0,5
106.806,17.7755,0.01587,0.00624,pulse:1+3:0.160,17.8555,17.7755,-0.0800,0.7602,guidance,0,5
106.904,17.8636,0.01567,0.00668,pulse:1+3:0.160,17.8555,17.8636,0.0081,0.7802,guidance,0,5
107.003,17.9348,0.01574,0.00687,pulse:1+3:0.160,17.8555,17.9348,0.0793,0.6148,guidance,0,5
107.105,18.0460,0.01569,0.00667,pulse:1+3:0.160,17.8555,18.0460,0.1906,0.6362,guidance,0,5
107.206,18.1323,0.01549,0.00742,pulse:1+3:0.240,18.4460,18.1323,-0.3137,0.6453,guidance,0,5
107.303,18.1976,0.01571,0.00669,pulse:1+3:0.240,18.4460,18.1976,-0.2484,0.5678,guidance,0,5
107.405,18.3128,0.01522,0.00745,pulse:1+3:0.240,18.4460,18.3128,-0.1332,0.5709,guidance,0,5
107.505,18.3903,0.01482,0.00843,pulse:1+3:0.240,18.4460,18.3903,-0.0557,0.5521,guidance,0,5
107.605,18.4645,0.01389,0.00831,pulse:1+3:0.240,18.4460,18.4645,0.0184,0.6614,guidance,0,5
107.707,18.5550,0.01463,0.00877,pulse:1+3:0.160,18.7877,18.5550,-0.2327,0.7549,guidance,0,5
107.805,18.6209,0.01434,0.00808,pulse:1+3:0.160,18.7877,18.6209,-0.1668,0.7208,guidance,0,5
107.906,18.7042,0.01337,0.00856,pulse:1+3:0.160,18.7877,18.7042,-0.0836,0.7533,guidance,0,5
108.003,18.7918,0.01401,0.00916,pulse:1+3:0.160,18.7877,18.7918,0.0041,0.6571,guidance,0,5
108.108,18.8754,0.01388,0.00884,pulse:1+3:0.160,18.7877,18.8754,0.0876,0.7163,guidance,0,5
108.206,18.9570,0.01409,0.00830,pulse:1+3:0.160,18.7877,18.9570,0.1693,0.6156,guidance,0,5
108.304,19.0300,0.01335,0.00869,pulse:1+3:0.160,19.2423,19.0300,-0.2122,0.6379,guidance,0,5
108.406,19.1185,0.01380,0.00907,pulse:1+3:0.160,19.2423,19.1185,-0.1237,0.6730,guidance,0,5
108.507,19.1817,0.01304,0.00895,pulse:1+3:0.160,19.2423,19.1817,-0.0606,0.7224,guidance,0,5
108.603,19.2531,0.01291,0.00973,pulse:1+3:0.160,19.2423,19.2531,0.0108,0.7636,guidance,0,5
108.702,19.3345,0.01266,0.00990,pulse:1+3:0.160,19.2423,19.3345,0.0922,0.6431,guidance,0,5
108.805,19.4157,0.01403,0.00972,pulse:1+3:0.160,19.6390,19.4157,-0.2233,0.6205,guidance,0,5
108.906,19.4914,0.01286,0.00947,pulse:1+3:0.160,19.6390,19.4914,-0.1476,0.6494,guidance,0,5
109.005,19.5931,0.01256,0.01027,pulse:1+3:0.160,19.6390,19.5931,-0.0459,0.7024,guidance,0,5
109.107,19.6611,0.01279,0.01066,pulse:1+3:0.160,19.6390,19.6611,0.0221,0.6928,guidance,0,5
109.203,19.7203,0.01317,0.01051,pulse:1+3:0.160,19.6390,19.7203,0.0813,0.6151,guidance,0,5
109.303,19.7803,0.01278,0.01000,pulse:1+3:0.160,19.6390,19.7803,0.1413,0.5969,guidance,0,5
109.407,19.8572,0.01313,0.01006,pulse:1+3:0.160,20.0662,19.8572,-0.2090,0.5744,guidance,0,5
109.508,19.9354,0.01311,0.01008,pulse:1+3:0.160,20.0662,19.9354,-0.1308,0.6292,guidance,0,5
109.607,19.9850,0.01289,0.01117,pulse:1+3:0.160,20.0662,19.9850,-0.0812,0.6909,guidance,0,5
109.707,20.0663,0.01234,0.01139,pulse:1+3:0.160,20.0662,20.0663,0.0002,0.6251,guidance,0,5
109.804,20.1381,0.01312,0.01185,pulse:1+3:0.160,20.0662,20.1381,0.0719,0.6868,guidance,0,5
109.907,20.2084,0.01268,0.01170,pulse:1+3:0.160,20.4105,20.2084,-0.2021,0.5551,guidance,0,5
110.002,20.2923,0.01307,0.01137,pulse:1+3:0.160,20.4105,20.2923,-0.1182,0.5566,guidance,0,5
110.104,20.3673,0.01264,0.01206,pulse:1+3:0.160,20.4105,20.3673,-0.0432,0.6320,guidance,0,5
110.207,20.4330,0.01304,0.01242,pulse:1+3:0.160,20.4105,20.4330,0.0225,0.5366,guidance,0,5
110.304,20.5041,0.01279,0.01207,pulse:1+3:0.160,20.4105,20.5041,0.0936,0.5228,guidance,0,5
110.402,20.5868,0.01219,0.01258,pulse:1+3:0.160,20.4105,20.5868,0.1763,0.5496,guidance,0,5
110.507,20.6778,0.01258,0.01170,pulse:1+3:0.160,20.8784,20.6778,-0.2005,0.7072,guidance,0,5
110.606,20.7571,0.01228,0.01196,pulse:1+3:0.160,20.8784,20.7571,-0.1212,0.7155,guidance,0,5
110.707,20.8249,0.01185,0.01359,pulse:1+3:0.160,20.8784,20.8249,-0.0535,0.6367,guidance,0,5
110.807,20.9101,0.01223,0.01348,pulse:1+3:0.160,20.8784,20.9101,0.0317,0.5563,guidance,0,5
110.903,20.9931,0.01179,0.01366,pulse:1+3:0.160,20.8784,20.9931,0.1147,0.5388,guidance,0,5
111.005,21.0749,0.01221,0.01325,pulse:1+3:0.160,20.8784,21.0749,0.1965,0.6959,guidance,0,5
111.104,21.1476,0.01161,0.01338,pulse:0+3:0.160,21.3340,21.1476,-0.1864,0.5507,guidance,0,5
111.205,21.2088,0.01241,0.01318,pulse:0+3:0.160,21.3340,21.2088,-0.1252,0.6996,guidance,0,5
111.306,21.2779,0.01210,0.01205,pulse:0+3:0.160,21.3340,21.2779,-0.0561,0.5366,guidance,0,5
111.404,21.3441,0.01223,0.01210,pulse:0+3:0.160,21.3340,21.3441,0.0101,0.6167,guidance,0,5
111.504,21.4029,0.01160,0.01175,pulse:0+3:0.160,21.3340,21.4029,0.0690,0.6192,guidance,0,5
111.606,21.4725,0.01192,0.01202,pulse:3:0.160,21.6631,21.4725,-0.1906,0.6058,guidance,0,5
111.706,21.5362,0.01169,0.01194,pulse:3:0.160,21.6631,21.5362,-0.1268,0.6150,guidance,0,5
111.807,21.5834,0.01108,0.01243,pulse:3:0.160,21.6631,21.5834,-0.0797,0.5876,guidance,0,5
111.905,21.6490,0.01098,0.01241,pulse:3:0.160,21.6631,21.6490,-0.0141,0.6530,guidance,0,5
112.006,21.7297,0.01107,0.01265,pulse:3:0.160,21.6631,21.7297,0.0666,0.7047,guidance,0,5
112.103,21.7930,0.01158,0.01286,pulse:3:0.160,21.6631,21.7930,0.1299,0.5819,guidance,0,5
112.202,21.8488,0.01121,0.01272,pulse:3:0.160,22.0281,21.8488,-0.1793,0.5665,guidance,0,5
112.303,21.8980,0.01142,0.01234,pulse:3:0.160,22.0281,21.8980,-0.1302,0.5023,guidance,0,5
112.405,21.9733,0.01158,0.01290,pulse:3:0.160,22.0281,21.9733,-0.0548,0.4980,guidance,0,5
112.504,22.0391,0.01125,0.01307,pulse:3:0.160,22.0281,22.0391,0.0110,0.6197,guidance,0,5
112.604,22.1002,0.01127,0.01307,pulse:3:0.160,22.0281,22.1002,0.0721,0.6214,guidance,0,5
112.703,22.1659,0.01143,0.01335,pulse:3:0.160,22.3488,22.1659,-0.1829,0.6437,guidance,0,5
112.755,22.2156,0.01166,0.01373,pulse:3:0.160,22.3488,22.2156,-0.1332,0.5408,guidance,0,5
112.903,22.3093,0.01174,0.01389,pulse:3:0.160,22.3488,22.3093,-0.0395,0.6780,guidance,0,5
113.007,22.3674,0.01107,0.01436,pulse:3:0.160,22.3488,22.3674,0.0186,0.6333,guidance,0,5
113.104,22.4203,0.01108,0.01403,pulse:3:0.160,22.3488,22.4203,0.0715,0.5325,guidance,0,5
113.205,22.4856,0.01160,0.01464,pulse:3:0.160,22.6715,22.4856,-0.1859,0.5498,guidance,0,5
113.307,22.5414,0.01134,0.01437,pulse:3:0.160,22.6715,22.5414,-0.1301,0.5265,guidance,0,5
113.402,22.6110,0.01173,0.01421,pulse:3:0.160,22.6715,22.6110,-0.0605,0.6564,guidance,0,5
113.507,22.6904,0.01118,0.01513,pulse:3:0.160,22.6715,22.6904,0.0189,0.5763,guidance,0,5
113.604,22.7555,0.01062,0.01545,pulse:3:0.160,22.6715,22.7555,0.0840,0.6078,guidance,0,5
113.703,22.7935,0.01044,0.01469,pulse:3:0.160,22.6715,22.7935,0.1220,0.6040,guidance,0,5
113.807,22.8602,0.01153,0.01472,pulse:3:0.160,23.0451,22.8602,-0.1849,0.5732,guidance,0,5
113.902,22.9165,0.01132,0.01376,pulse:3:0.160,23.0451,22.9165,-0.1286,0.6911,guidance,0,5
114.007,22.9784,0.01088,0.01485,pulse:3:0.160,23.0451,22.9784,-0.0667,0.5989,guidance,0,5
114.106,23.0267,0.01115,0.01497,pulse:3:0.160,23.0451,23.0267,-0.0183,0.5749,guidance,0,5
114.207,23.0929,0.01033,0.01520,pulse:3:0.160,23.0451,23.0929,0.0478,0.4885,guidance,0,5
114.256,23.1331,0.01086,0.01474,pulse:3:0.160,23.0451,23.1331,0.0880,0.6628,guidance,0,5
114.407,23.2277,0.01057,0.01526,pulse:3:0.160,23.3973,23.2277,-0.1696,0.6187,guidance,0,5
114.506,23.2915,0.01108,0.01513,pulse:3:0.160,23.3973,23.2915,-0.1058,0.5804,guidance,0,5
114.606,23.3583,0.01050,0.01518,pulse:3:0.160,23.3973,23.3583,-0.0390,0.5726,guidance,0,5
114.708,23.3980,0.01039,0.01561,pulse:3:0.160,23.3973,23.3980,0.0007,0.5433,guidance,0,5
114.802,23.4534,0.01058,0.01514,pulse:3:0.160,23.3973,23.4534,0.0561,0.5663,guidance,0,5
114.904,23.5117,0.01099,0.01571,pulse:3:0.160,23.3973,23.5117,0.1144,0.5235,guidance,0,5
115.006,23.5749,0.01066,0.01554,pulse:3:0.160,23.7459,23.5749,-0.1711,0.5213,guidance,0,5
115.106,23.6378,0.01089,0.01539,pulse:3:0.160,23.7459,23.6378,-0.1082,0.6586,guidance,0,5
115.202,23.7094,0.01064,0.01586,pulse:3:0.160,23.7459,23.7094,-0.0365,0.5869,guidance,0,5
115.302,23.7921,0.01096,0.01616,pulse:3:0.160,23.7459,23.7921,0.0462,0.6394,guidance,0,5
115.407,23.8476,0.01091,0.01669,pulse:3:0.160,23.7459,23.8476,0.1016,0.6060,guidance,0,5
115.504,23.8965,0.01139,0.01632,pulse:3:0.160,23.7459,23.8965,0.1505,0.6472,guidance,0,5
115.604,23.9579,0.01061,0.01662,pulse:3:0.160,24.1285,23.9579,-0.1705,0.5664,guidance,0,5
115.705,24.0136,0.01042,0.01685,pulse:3:0.160,24.1285,24.0136,-0.1149,0.5034,guidance,0,5
115.804,24.0716,0.01098,0.01729,pulse:3:0.160,24.1285,24.0716,-0.0569,0.6661,guidance,0,5
115.902,24.1359,0.01068,0.01755,pulse:3:0.160,24.1285,24.1359,0.0074,0.6448,guidance,0,5
116.006,24.2135,0.01116,0.01734,pulse:3:0.160,24.1285,24.2135,0.0850,0.5169,guidance,0,5
116.107,24.2709,0.01154,0.01710,pulse:3:0.160,24.4564,24.2709,-0.1856,0.4658,guidance,0,5
116.203,24.3285,0.01164,0.01767,pulse:3:0.160,24.4564,24.3285,-0.1279,0.5095,guidance,0,5
116.306,24.3931,0.01168,0.01779,pulse:3:0.160,24.4564,24.3931,-0.0633,0.6598,guidance,0,5
116.408,24.4715,0.01142,0.01876,pulse:3:0.160,24.4564,24.4715,0.0151,0.6981,guidance,0,5
116.504,24.5149,0.01121,0.01799,pulse:3:0.160,24.4564,24.5149,0.0585,0.5659,guidance,0,5
116.608,24.5900,0.01105,0.01836,pulse:3:0.160,24.7680,24.5900,-0.1780,0.5499,guidance,0,5
116.706,24.6438,0.01057,0.01841,pulse:3:0.160,24.7680,24.6438,-0.1241,0.5963,guidance,0,5
116.808,24.6902,0.01120,0.01847,pulse:3:0.160,24.7680,24.6902,-0.0778,0.5095,guidance,0,5
116.906,24.7428,0.01028,0.01891,pulse:3:0.160,24.7680,24.7428,-0.0252,0.6102,guidance,0,5
117.003,24.7997,0.01145,0.01858,pulse:3:0.160,24.7680,24.7997,0.0318,0.6717,guidance,0,5
117.103,24.8741,0.01108,0.01916,pulse:3:0.160,24.7680,24.8741,0.1061,0.6463,guidance,0,5
117.206,24.9616,0.01120,0.01888,pulse:0+2:0.160,25.1441,24.9616,-0.1825,0.5237,guidance,0,5
117.307,25.0245,0.01101,0.01884,pulse:0+2:0.160,25.1441,25.0245,-0.1196,0.4755,guidance,0,5
117.404,25.0804,0.01177,0.01882,pulse:0+2:0.160,25.1441,25.0804,-0.0637,0.5555,guidance,0,5
117.502,25.1454,0.01129,0.01792,pulse:0+2:0.160,25.1441,25.1454,0.0013,0.4969,guidance,0,5
117.607,25.2201,0.01117,0.01746,pulse:0+2:0.160,25.1441,25.2201,0.0760,0.4994,guidance,0,5
117.708,25.2866,0.01156,0.01747,pulse:0+2:0.160,25.4745,25.2866,-0.1879,0.6033,guidance,0,5
117.803,25.3539,0.01144,0.01719,pulse:0+2:0.160,25.4745,25.3539,-0.1206,0.6447,guidance,0,5
117.902,25.4416,0.01190,0.01653,pulse:0+2:0.160,25.4745,25.4416,-0.0328,0.5874,guidance,0,5
118.004,25.5139,0.01141,0.01600,pulse:0+2:0.160,25.4745,25.5139,0.0394,0.6405,guidance,0,5
118.105,25.5971,0.01197,0.01604,pulse:0+2:0.160,25.4745,25.5971,0.1226,0.4837,guidance,0,5
118.206,25.6657,0.01192,0.01613,pulse:0+2:0.160,25.4745,25.6657,0.1912,0.5655,guidance,0,5
118.304,25.7171,0.01224,0.01626,pulse:3:0.160,25.9139,25.7171,-0.1969,0.6510,guidance,0,5
118.407,25.7791,0.01238,0.01683,pulse:3:0.160,25.9139,25.7791,-0.1349,0.5164,guidance,0,5
118.505,25.8381,0.01235,0.01677,pulse:3:0.160,25.9139,25.8381,-0.0759,0.5047,guidance,0,5
118.602,25.9074,0.01223,0.01700,pulse:3:0.160,25.9139,25.9074,-0.0065,0.6193,guidance,0,5
118.706,25.9906,0.01232,0.01769,pulse:3:0.160,25.9139,25.9906,0.0766,0.5508,guidance,0,5
118.807,26.0781,0.01257,0.01747,pulse:3:0.160,26.2804,26.0781,-0.2023,0.4657,guidance,0,5
118.906,26.1593,0.01316,0.01713,pulse:3:0.160,26.2804,26.1593,-0.1211,0.5458,guidance,0,5
119.006,26.2286,0.01328,0.01799,pulse:3:0.160,26.2804,26.2286,-0.0518,0.4701,guidance,0,5
119.107,26.2884,0.01259,0.01850,pulse:3:0.160,26.2804,26.2884,0.0080,0.5623,guidance,0,5
119.203,26.3477,0.01331,0.01807,pulse:3:0.160,26.2804,26.3477,0.0673,0.6051,guidance,0,5
119.305,26.4179,0.01296,0.01833,pulse:3:0.160,26.2804,26.4179,0.1374,0.6556,guidance,0,5
119.407,26.4879,0.01310,0.01835,pulse:3:0.160,26.6990,26.4879,-0.2111,0.5110,guidance,0,5
119.508,26.5571,0.01312,0.01811,pulse:3:0.160,26.6990,26.5571,-0.1419,0.6340,guidance,0,5
119.603,26.6332,0.01340,0.01896,pulse:3:0.160,26.6990,26.6332,-0.0658,0.5822,guidance,0,5
119.706,26.7195,0.01294,0.01935,pulse:3:0.160,26.6990,26.7195,0.0205,0.6341,guidance,0,5
119.808,26.8010,0.01323,0.01957,pulse:3:0.160,26.6990,26.8010,0.1020,0.4825,guidance,0,5
119.906,26.8711,0.01309,0.01926,pulse:3:0.160,26.6990,26.8711,0.1721,0.6198,guidance,0,5
120.002,26.9333,0.01303,0.01932,coast:0.320,27.2659,26.9333,-0.3326,0.5067,guidance,0,5
120.105,27.0346,0.01284,0.01925,coast:0.320,27.2659,27.0346,-0.2313,0.5926,guidance,0,5
120.204,27.1083,0.01338,0.01922,coast:0.320,27.2659,27.1083,-0.1576,0.6419,guidance,0,5
120.308,27.1802,0.01298,0.01888,coast:0.320,27.2659,27.1802,-0.0857,0.5829,guidance,0,5
120.407,27.2678,0.01336,0.01897,coast:0.320,27.2659,27.2678,0.0019,0.6427,guidance,0,5
120.505,27.3196,0.01374,0.01924,coast:0.320,27.6699,27.3196,-0.3503,0.5522,guidance,0,5
120.605,27.4014,0.01318,0.01918,coast:0.320,27.6699,27.4014,-0.2685,0.5546,guidance,0,5
120.708,27.4979,0.01314,0.01948,coast:0.320,27.6699,27.4979,-0.1719,0.5522,guidance,0,5
120.802,27.5723,0.01293,0.01938,coast:0.320,27.6699,27.5723,-0.0976,0.4614,guidance,0,5
120.908,27.6502,0.01313,0.01922,coast:0.320,27.6699,27.6502,-0.0196,0.4747,guidance,0,5
121.004,27.7191,0.01330,0.01895,coast:0.320,27.6699,27.7191,0.0492,0.5867,guidance,0,5
121.104,27.7975,0.01372,0.01868,coast:0.320,28.1471,27.7975,-0.3496,0.5468,guidance,0,5
121.202,27.8650,0.01372,0.01896,coast:0.320,28.1471,27.8650,-0.2820,0.6094,guidance,0,5
121.305,27.9511,0.01320,0.01848,coast:0.320,28.1471,27.9511,-0.1960,0.5311,guidance,0,5
121.403,28.0598,0.01382,0.01873,coast:0.320,28.1471,28.0598,-0.0873,0.4683,guidance,0,5
121.507,28.1598,0.01484,0.01847,coast:0.320,28.1471,28.1598,0.0127,0.6070,guidance,0,5
121.607,28.2559,0.01459,0.01851,coast:0.320,28.6273,28.2559,-0.3714,0.6005,guidance,0,5
121.702,28.3427,0.01435,0.01834,coast:0.320,28.6273,28.3427,-0.2847,0.5254,guidance,0,5
121.806,28.4260,0.01444,0.01840,coast:0.320,28.6273,28.4260,-0.2013,0.4531,guidance,0,5
121.904,28.5129,0.01533,0.01873,coast:0.320,28.6273,28.5129,-0.1144,0.5995,guidance,0,5
122.004,28.6014,0.01486,0.01829,coast:0.320,28.6273,28.6014,-0.0259,0.6080,guidance,0,5
122.106,28.6765,0.01524,0.01851,coast:0.320,28.6273,28.6765,0.0492,0.5242,guidance,0,5
122.204,28.7672,0.01517,0.01805,coast:0.320,29.1529,28.7672,-0.3857,0.4848,guidance,0,5
122.303,28.8593,0.01475,0.01845,coast:0.320,29.1529,28.8593,-0.2936,0.4586,guidance,0,5
122.406,28.9495,0.01515,0.01818,coast:0.320,29.1529,28.9495,-0.2034,0.4910,guidance,0,5
122.507,29.0361,0.01588,0.01782,coast:0.320,29.1529,29.0361,-0.1168,0.5022,guidance,0,5
122.602,29.1170,0.01545,0.01797,coast:0.320,29.1529,29.1170,-0.0359,0.5764,guidance,0,5
122.707,29.2145,0.01550,0.01846,coast:0.320,29.6088,29.2145,-0.3943,0.4942,guidance,0,5
122.806,29.3082,0.01580,0.01827,coast:0.320,29.6088,29.3082,-0.3006,0.5543,guidance,0,5
122.905,29.3905,0.01597,0.01789,coast:0.320,29.6088,29.3905,-0.2183,0.6189,guidance,0,5
123.008,29.4664,0.01570,0.01801,coast:0.320,29.6088,29.4664,-0.1424,0.6434,guidance,0,5
123.107,29.5436,0.01528,0.01772,coast:0.320,29.6088,29.5436,-0.0652,0.6614,guidance,0,5
123.207,29.6158,0.01546,0.01776,coast:0.320,29.6088,29.6158,0.0070,0.6311,guidance,0,5
123.302,29.6945,0.01563,0.01800,coast:0.320,30.0917,29.6945,-0.3972,0.6024,guidance,0,5
123.404,29.7695,0.01528,0.01730,coast:0.320,30.0917,29.7695,-0.3222,0.5148,guidance,0,5
123.454,29.8167,0.01523,0.01762,coast:0.320,30.0917,29.8167,-0.2750,0.5969,guidance,0,5
123.604,29.9475,0.01530,0.01713,coast:0.320,30.0917,29.9475,-0.1442,0.4910,guidance,0,5
123.705,30.0319,0.01464,0.01771,coast:0.320,30.0917,30.0319,-0.0598,0.4493,guidance,0,5
123.806,30.1508,0.01548,0.01720,coast:0.320,30.5440,30.1508,-0.3932,0.5624,guidance,0,5
123.908,30.2068,0.01511,0.01729,coast:0.320,30.5440,30.2068,-0.3372,0.5562,guidance,0,5
124.004,30.2891,0.01473,0.01735,coast:0.320,30.5440,30.2891,-0.2549,0.6015,guidance,0,5
124.105,30.3912,0.01491,0.01785,coast:0.320,30.5440,30.3912,-0.1528,0.5286,guidance,0,5
124.205,30.4809,0.01547,0.01734,coast:0.320,30.5440,30.4809,-0.0631,0.4630,guidance,0,5
124.303,30.5644,0.01534,0.01669,coast:0.320,30.5440,30.5644,0.0204,0.5497,guidance,0,5
124.407,30.6485,0.01522,0.01698,coast:0.320,31.0350,30.6485,-0.3865,0.5221,guidance,0,5
124.504,30.7495,0.01546,0.01672,coast:0.320,31.0350,30.7495,-0.2855,0.5542,guidance,0,5
124.604,30.8481,0.01609,0.01705,coast:0.320,31.0350,30.8481,-0.1869,0.5675,guidance,0,5
124.707,30.9565,0.01591,0.01659,coast:0.320,31.0350,30.9565,-0.0785,0.5210,guidance,0,5
124.804,31.0286,0.01605,0.01746,coast:0.320,31.0350,31.0286,-0.0063,0.5955,guidance,0,5
124.902,31.1390,0.01646,0.01702,coast:0.320,31.0350,31.1390,0.1040,0.6480,guidance,0,5
125.003,31.2313,0.01627,0.01665,pulse:0:0.160,31.4935,31.2313,-0.2623,0.6325,guidance,0,5
125.108,31.3180,0.01634,0.01665,pulse:0:0.160,31.4935,31.3180,-0.1755,0.6651,guidance,0,5
125.207,31.4061,0.01654,0.01690,pulse:0:0.160,31.4935,31.4061,-0.0874,0.6082,guidance,0,5
125.307,31.4947,0.01678,0.01738,pulse:0:0.160,31.4935,31.4947,0.0012,0.4678,guidance,0,5
125.405,31.6026,0.01660,0.01765,pulse:0:0.160,31.4935,31.6026,0.1091,0.5047,guidance,0,5
125.505,31.7031,0.01760,0.01735,pulse:0+2:0.160,31.9866,31.7031,-0.2835,0.5644,guidance,0,5
125.604,31.8005,0.01750,0.01694,pulse:0+2:0.160,31.9866,31.8005,-0.1861,0.4886,guidance,0,5
125.707,31.9021,0.01707,0.01740,pulse:0+2:0.160,31.9866,31.9021,-0.0845,0.5161,guidance,0,5
125.805,31.9926,0.01666,0.01688,pulse:0+2:0.160,31.9866,31.9926,0.0060,0.6173,guidance,0,5
125.905,32.0844,0.01664,0.01659,pulse:0+2:0.160,31.9866,32.0844,0.0979,0.4910,guidance,0,5
126.006,32.1782,0.01727,0.01677,pulse:2:0.160,32.4560,32.1782,-0.2777,0.5905,guidance,0,5
126.107,32.2681,0.01694,0.01618,pulse:2:0.160,32.4560,32.2681,-0.1879,0.6174,guidance,0,5
126.203,32.3587,0.01697,0.01592,pulse:2:0.160,32.4560,32.3587,-0.0972,0.4881,guidance,0,5
126.303,32.4525,0.01651,0.01488,pulse:2:0.160,32.4560,32.4525,-0.0034,0.4594,guidance,0,5
126.405,32.5499,0.01674,0.01463,pulse:2:0.160,32.4560,32.5499,0.0939,0.5100,guidance,0,5
126.502,32.6520,0.01709,0.01482,pulse:2:0.160,32.4560,32.6520,0.1960,0.4538,guidance,0,5
126.603,32.7396,0.01727,0.01471,pulse:2:0.160,33.0171,32.7396,-0.2775,0.6157,guidance,0,5
126.707,32.8379,0.01696,0.01451,pulse:2:0.160,33.0171,32.8379,-0.1792,0.5552,guidance,0,5
126.807,32.9321,0.01721,0.01388,pulse:2:0.160,33.0171,32.9321,-0.0849,0.6315,guidance,0,5
126.906,33.0098,0.01685,0.01318,pulse:2:0.160,33.0171,33.0098,-0.0072,0.6049,guidance,0,5
127.003,33.1263,0.01625,0.01232,pulse:2:0.160,33.0171,33.1263,0.1093,0.6309,guidance,0,5
127.102,33.2288,0.01678,0.01292,pulse:2:0.160,33.0171,33.2288,0.2117,0.6187,guidance,0,5
127.208,33.3164,0.01625,0.01238,pulse:2:0.160,33.5773,33.3164,-0.2609,0.5301,guidance,0,5
127.304,33.3960,0.01617,0.01257,pulse:2:0.160,33.5773,33.3960,-0.1813,0.5381,guidance,0,5
127.406,33.4949,0.01661,0.01242,pulse:2:0.160,33.5773,33.4949,-0.0824,0.4632,guidance,0,5
127.507,33.5954,0.01598,0.01131,pulse:2:0.160,33.5773,33.5954,0.0181,0.5569,guidance,0,5
127.606,33.6948,0.01659,0.01187,pulse:2:0.160,33.5773,33.6948,0.1175,0.4895,guidance,0,5
127.707,33.7757,0.01638,0.01164,pulse:2:0.160,33.5773,33.7757,0.1984,0.4854,guidance,0,5
127.805,33.8849,0.01679,0.01166,pulse:2:0.160,34.1542,33.8849,-0.2693,0.4953,guidance,0,5
127.904,33.9733,0.01656,0.01157,pulse:2:0.160,34.1542,33.9733,-0.1810,0.5044,guidance,0,5
128.008,34.0726,0.01632,0.01041,pulse:2:0.160,34.1542,34.0726,-0.0816,0.5532,guidance,0,5
128.103,34.1633,0.01638,0.00966,pulse:2:0.160,34.1542,34.1633,0.0091,0.5715,guidance,0,5
128.207,34.2514,0.01599,0.01077,pulse:2:0.160,34.1542,34.2514,0.0972,0.5517,guidance,0,5
128.305,34.3394,0.01635,0.00975,pulse:2:0.160,34.6017,34.3394,-0.2624,0.5776,guidance,0,5
128.402,34.4277,0.01676,0.01041,pulse:2:0.160,34.6017,34.4277,-0.1740,0.5343,guidance,0,5
128.503,34.5198,0.01661,0.00955,pulse:2:0.160,34.6017,34.5198,-0.0819,0.5338,guidance,0,5
128.603,34.6021,0.01635,0.00888,pulse:2:0.160,34.6017,34.6021,0.0004,0.4876,guidance,0,5
128.705,34.7032,0.01611,0.00899,pulse:2:0.160,34.6017,34.7032,0.1014,0.4501,guidance,0,5
128.802,34.7944,0.01701,0.00909,pulse:2:0.160,34.6017,34.7944,0.1927,0.4350,guidance,0,5
128.906,34.9033,0.01662,0.00911,pulse:2:0.160,35.1698,34.9033,-0.2666,0.5643,guidance,0,5
129.004,34.9912,0.01734,0.00931,pulse:2:0.160,35.1698,34.9912,-0.1786,0.4572,guidance,0,5
129.103,35.0686,0.01630,0.00875,pulse:2:0.160,35.1698,35.0686,-0.1013,0.6017,guidance,0,5
129.206,35.1599,0.01685,0.00764,pulse:2:0.160,35.1698,35.1599,-0.0099,0.6008,guidance,0,5
129.307,35.2642,0.01692,0.00747,pulse:2:0.160,35.1698,35.2642,0.0943,0.4429,guidance,0,5
129.403,35.3411,0.01687,0.00760,pulse:2:0.160,35.1698,35.3411,0.1713,0.4295,guidance,0,5
129.503,35.4592,0.01669,0.00835,pulse:2:0.160,35.7269,35.4592,-0.2677,0.4005,guidance,0,5
129.606,35.5714,0.01714,0.00827,pulse:2:0.160,35.7269,35.5714,-0.1555,0.4464,guidance,0,5
129.703,35.6632,0.01680,0.00750,pulse:2:0.160,35.7269,35.6632,-0.0637,0.4713,guidance,0,5
129.805,35.7766,0.01722,0.00669,pulse:2:0.160,35.7269,35.7766,0.0496,0.4213,guidance,0,5
129.904,35.8827,0.01689,0.00638,pulse:2:0.160,35.7269,35.8827,0.1558,0.5075,guidance,0,5
130.006,35.9718,0.01684,0.00590,pulse:2:0.160,36.2418,35.9718,-0.2700,0.5275,guidance,0,5
130.105,36.0627,0.01708,0.00622,pulse:2:0.160,36.2418,36.0627,-0.1790,0.5174,guidance,0,5
130.202,36.1460,0.01623,0.00605,pulse:2:0.160,36.2418,36.1460,-0.0957,0.5845,guidance,0,5
130.306,36.2559,0.01681,0.00554,pulse:2:0.160,36.2418,36.2559,0.0141,0.4444,guidance,0,5
130.405,36.3519,0.01640,0.00587,pulse:2:0.160,36.2418,36.3519,0.1102,0.5622,guidance,0,5
130.503,36.4647,0.01712,0.00492,pulse:2:0.160,36.2418,36.4647,0.2229,0.4526,guidance,0,5
130.602,36.5510,0.01664,0.00518,pulse:2:0.160,36.8178,36.5510,-0.2668,0.4205,guidance,0,5
130.704,36.6628,0.01621,0.00506,pulse:2:0.160,36.8178,36.6628,-0.1550,0.5124,guidance,0,5
130.808,36.7707,0.01643,0.00446,pulse:2:0.160,36.8178,36.7707,-0.0471,0.4691,guidance,0,5
130.907,36.8530,0.01592,0.00344,pulse:2:0.160,36.8178,36.8530,0.0352,0.5422,guidance,0,5
131.004,36.9394,0.01629,0.00371,pulse:2:0.160,36.8178,36.9394,0.1216,0.5770,guidance,0,5
131.103,37.0276,0.01599,0.00369,pulse:2:0.160,37.2838,37.0276,-0.2563,0.4810,guidance,0,5
131.204,37.1254,0.01580,0.00340,pulse:2:0.160,37.2838,37.1254,-0.1584,0.4292,guidance,0,5
131.306,37.2419,0.01642,0.00352,pulse:2:0.160,37.2838,37.2419,-0.0419,0.4196,guidance,0,5
131.405,37.3419,0.01644,0.00241,pulse:2:0.160,37.2838,37.3419,0.0581,0.4574,guidance,0,5
131.505,37.4163,0.01593,0.00254,pulse:2:0.160,37.2838,37.4163,0.1325,0.4466,guidance,0,5
131.607,37.4978,0.01580,0.00275,pulse:2:0.160,37.7511,37.4978,-0.2533,0.4810,guidance,0,5
131.707,37.5895,0.01550,0.00302,pulse:2:0.160,37.7511,37.5895,-0.1616,0.4311,guidance,0,5
131.807,37.6795,0.01612,0.00279,pulse:2:0.160,37.7511,37.6795,-0.0716,0.3869,guidance,0,5
131.902,37.7539,0.01572,0.00225,pulse:2:0.160,37.7511,37.7539,0.0028,0.4198,guidance,0,5
132.002,37.8449,0.01565,0.00214,pulse:2:0.160,37.7511,37.8449,0.0938,0.5527,guidance,0,5
132.108,37.9320,0.01601,0.00205,pulse:2:0.160,38.1885,37.9320,-0.2565,0.5913,guidance,0,5
132.205,38.0299,0.01649,0.00199,pulse:2:0.160,38.1885,38.0299,-0.1586,0.5919,guidance,0,5
132.305,38.1258,0.01586,0.00196,pulse:2:0.160,38.1885,38.1258,-0.0627,0.4380,guidance,0,5
132.404,38.2137,0.01595,0.00186,pulse:2:0.160,38.1885,38.2137,0.0252,0.5136,guidance,0,5
132.506,38.3011,0.01623,0.00254,pulse:2:0.160,38.1885,38.3011,0.1126,0.5811,guidance,0,5
132.607,38.3700,0.01591,0.00163,pulse:2:0.160,38.1885,38.3700,0.1815,0.5494,guidance,0,5
132.706,38.4866,0.01632,0.00186,pulse:0+2:0.160,38.7483,38.4866,-0.2617,0.4395,guidance,0,5
132.803,38.5813,0.01584,0.00189,pulse:0+2:0.160,38.7483,38.5813,-0.1670,0.4760,guidance,0,5
132.902,38.6557,0.01591,0.00067,pulse:0+2:0.160,38.7483,38.6557,-0.0926,0.4250,guidance,0,5
133.002,38.7396,0.01606,0.00049,pulse:0+2:0.160,38.7483,38.7396,-0.0087,0.5164,guidance,0,5
133.103,38.8335,0.01562,0.00093,pulse:0+2:0.160,38.7483,38.8335,0.0852,0.4735,guidance,0,5
133.207,38.9263,0.01545,0.00083,pulse:2:0.160,39.1740,38.9263,-0.2477,0.4748,guidance,0,5
133.305,39.0112,0.01555,0.00049,pulse:2:0.160,39.1740,39.0112,-0.1627,0.4231,guidance,0,5
133.404,39.1099,0.01533,0.00127,pulse:2:0.160,39.1740,39.1099,-0.0640,0.4122,guidance,0,5
133.505,39.1894,0.01535,0.00195,pulse:2:0.160,39.1740,39.1894,0.0155,0.5265,guidance,0,5
133.604,39.2850,0.01558,0.00209,pulse:2:0.160,39.1740,39.2850,0.1111,0.4243,guidance,0,5
133.704,39.3821,0.01551,0.00156,pulse:2:0.160,39.1740,39.3821,0.2082,0.4284,guidance,0,5
133.804,39.4716,0.01564,0.00239,pulse:2:0.160,39.7222,39.4716,-0.2507,0.3934,guidance,0,5
133.905,39.5661,0.01624,0.00174,pulse:2:0.160,39.7222,39.5661,-0.1561,0.5240,guidance,0,5
134.004,39.6263,0.01556,0.00232,pulse:2:0.160,39.7222,39.6263,-0.0959,0.5737,guidance,0,5
134.108,39.7287,0.01559,0.00270,pulse:2:0.160,39.7222,39.7287,0.0065,0.5825,guidance,0,5
134.202,39.8171,0.01466,0.00387,pulse:2:0.160,39.7222,39.8171,0.0949,0.6049,guidance,0,5
134.304,39.9164,0.01489,0.00319,pulse:0+2:0.160,40.1551,39.9164,-0.2388,0.4259,guidance,0,5
134.404,40.0037,0.01498,0.00325,pulse:0+2:0.160,40.1551,40.0037,-0.1514,0.3729,guidance,0,5
134.506,40.1031,0.01580,0.00363,pulse:0+2:0.160,40.1551,40.1031,-0.0521,0.4153,guidance,0,5
134.604,40.2003,0.01531,0.00341,pulse:0+2:0.160,40.1551,40.2003,0.0452,0.4432,guidance,0,5
134.706,40.2796,0.01550,0.00397,pulse:0+2:0.160,40.1551,40.2796,0.1244,0.4546,guidance,0,5
134.804,40.3790,0.01545,0.00329,pulse:0+2:0.160,40.1551,40.3790,0.2238,0.4887,guidance,0,5
134.907,40.4607,0.01581,0.00317,pulse:2:0.160,40.7141,40.4607,-0.2534,0.5568,guidance,0,5
135.007,40.5529,0.01570,0.00379,pulse:2:0.160,40.7141,40.5529,-0.1612,0.4823,guidance,0,5
135.103,40.6135,0.01563,0.00462,pulse:2:0.160,40.7141,40.6135,-0.1005,0.5488,guidance,0,5
135.202,40.6910,0.01530,0.00482,pulse:2:0.160,40.7141,40.6910,-0.0230,0.5588,guidance,0,5
135.306,40.7836,0.01537,0.00487,pulse:2:0.160,40.7141,40.7836,0.0695,0.5250,guidance,0,5
135.403,40.8575,0.01500,0.00495,pulse:2:0.160,40.7141,40.8575,0.1434,0.3979,guidance,0,5
135.502,40.9501,0.01525,0.00508,pulse:2:0.160,41.1945,40.9501,-0.2444,0.5136,guidance,0,5
135.608,41.0547,0.01523,0.00479,pulse:2:0.160,41.1945,41.0547,-0.1398,0.4966,guidance,0,5
135.705,41.1373,0.01505,0.00556,pulse:2:0.160,41.1945,41.1373,-0.0572,0.4683,guidance,0,5
135.805,41.2051,0.01524,0.00651,pulse:2:0.160,41.1945,41.2051,0.0106,0.4900,guidance,0,5
135.902,41.2946,0.01495,0.00633,pulse:2:0.160,41.1945,41.2946,0.1001,0.4404,guidance,0,5
136.006,41.4017,0.01466,0.00679,pulse:2:0.160,41.6368,41.4017,-0.2351,0.3697,guidance,0,5
136.105,41.5024,0.01536,0.00644,pulse:2:0.160,41.6368,41.5024,-0.1344,0.3886,guidance,0,5
136.207,41.5986,0.01532,0.00776,pulse:2:0.160,41.6368,41.5986,-0.0382,0.4476,guidance,0,5
136.306,41.6902,0.01462,0.00828,pulse:2:0.160,41.6368,41.6902,0.0534,0.5213,guidance,0,5
136.405,41.7680,0.01464,0.00727,pulse:2:0.160,41.6368,41.7680,0.1312,0.5731,guidance,0,5
136.505,41.8543,0.01521,0.00850,pulse:2:0.160,41.6368,41.8543,0.2175,0.4407,guidance,0,5
136.605,41.9358,0.01516,0.00757,pulse:2:0.160,42.1790,41.9358,-0.2432,0.4380,guidance,0,5
136.702,42.0152,0.01493,0.00773,pulse:2:0.160,42.1790,42.0152,-0.1639,0.3930,guidance,0,5
136.805,42.0993,0.01454,0.00843,pulse:2:0.160,42.1790,42.0993,-0.0797,0.3530,guidance,0,5
136.907,42.1935,0.01504,0.00853,pulse:2:0.160,42.1790,42.1935,0.0145,0.3811,guidance,0,5
137.004,42.2845,0.01527,0.00890,pulse:2:0.160,42.1790,42.2845,0.1055,0.4393,guidance,0,5
137.103,42.3581,0.01475,0.00851,pulse:2:0.160,42.1790,42.3581,0.1790,0.3644,guidance,0,5
137.202,42.4307,0.01445,0.00885,pulse:2:0.160,42.6625,42.4307,-0.2318,0.3465,guidance,0,5
137.304,42.5247,0.01493,0.00866,pulse:2:0.160,42.6625,42.5247,-0.1379,0.3720,guidance,0,5
137.405,42.5972,0.01445,0.00937,pulse:2:0.160,42.6625,42.5972,-0.0653,0.4610,guidance,0,5
137.503,42.6755,0.01438,0.00976,pulse:2:0.160,42.6625,42.6755,0.0130,0.4475,guidance,0,5
137.606,42.7669,0.01450,0.00950,pulse:2:0.160,42.6625,42.7669,0.1044,0.4841,guidance,0,5
137.703,42.8390,0.01455,0.00936,pulse:0+2:0.160,43.0726,42.8390,-0.2336,0.4872,guidance,0,5
137.807,42.9224,0.01481,0.01021,pulse:0+2:0.160,43.0726,42.9224,-0.1503,0.4398,guidance,0,5
137.903,43.0181,0.01469,0.00968,pulse:0+2:0.160,43.0726,43.0181,-0.0545,0.3892,guidance,0,5
138.007,43.0982,0.01453,0.01007,pulse:0+2:0.160,43.0726,43.0982,0.0255,0.4724,guidance,0,5
138.107,43.1889,0.01475,0.00976,pulse:0+2:0.160,43.0726,43.1889,0.1162,0.5421,guidance,0,5
138.206,43.2972,0.01469,0.01036,pulse:2:0.160,43.5331,43.2972,-0.2358,0.4553,guidance,0,5
138.302,43.3817,0.01431,0.01001,pulse:2:0.160,43.5331,43.3817,-0.1513,0.3690,guidance,0,5
138.407,43.5048,0.01529,0.01089,pulse:2:0.160,43.5331,43.5048,-0.0282,0.5237,guidance,0,5
138.504,43.5714,0.01467,0.01188,pulse:2:0.160,43.5331,43.5714,0.0383,0.5423,guidance,0,5
138.602,43.6553,0.01504,0.01131,pulse:2:0.160,43.5331,43.6553,0.1222,0.5432,guidance,0,5
138.704,43.7192,0.01506,0.01087,pulse:2:0.160,43.5331,43.7192,0.1861,0.4389,guidance,0,5
138.807,43.8202,0.01529,0.01115,pulse:2:0.160,44.0656,43.8202,-0.2455,0.4850,guidance,0,5
138.903,43.9098,0.01484,0.01106,pulse:2:0.160,44.0656,43.9098,-0.1558,0.3691,guidance,0,5
139.004,43.9805,0.01559,0.01172,pulse:2:0.160,44.0656,43.9805,-0.0852,0.4267,guidance,0,5
139.106,44.0593,0.01516,0.01288,pulse:2:0.160,44.0656,44.0593,-0.0063,0.3603,guidance,0,5
139.208,44.1325,0.01505,0.01273,pulse:2:0.160,44.0656,44.1325,0.0669,0.4628,guidance,0,5
139.304,44.2188,0.01478,0.01215,pulse:2:0.160,44.0656,44.2188,0.1532,0.4769,guidance,0,5
139.403,44.3051,0.01491,0.01235,pulse:2:0.160,44.5446,44.3051,-0.2395,0.4544,guidance,0,5
139.506,44.3947,0.01522,0.01284,pulse:2:0.160,44.5446,44.3947,-0.1498,0.5394,guidance,0,5
139.607,44.4851,0.01459,0.01346,pulse:2:0.160,44.5446,44.4851,-0.0594,0.4951,guidance,0,5
139.706,44.5681,0.01476,0.01355,pulse:2:0.160,44.5446,44.5681,0.0235,0.5212,guidance,0,5
139.805,44.6351,0.01488,0.01378,pulse:2:0.160,44.5446,44.6351,0.0905,0.3954,guidance,0,5
139.904,44.7074,0.01477,0.01358,pulse:2:0.160,44.9448,44.7074,-0.2374,0.3601,guidance,0,5
140.005,44.8002,0.01422,0.01395,pulse:2:0.160,44.9448,44.8002,-0.1446,0.4816,guidance,0,5
140.103,44.8871,0.01513,0.01533,pulse:2:0.160,44.9448,44.8871,-0.0576,0.4910,guidance,0,5
140.207,44.9617,0.01458,0.01528,pulse:2:0.160,44.9448,44.9617,0.0169,0.5224,guidance,0,5
140.303,45.0422,0.01425,0.01523,pulse:2:0.160,44.9448,45.0422,0.0974,0.4866,guidance,0,5
140.405,45.1185,0.01416,0.01491,pulse:0+2:0.160,45.3462,45.1185,-0.2278,0.4716,guidance,0,5
140.504,45.1924,0.01474,0.01514,pulse:0+2:0.160,45.3462,45.1924,-0.1538,0.4032,guidance,0,5
140.607,45.2720,0.01430,0.01575,pulse:0+2:0.160,45.3462,45.2720,-0.0742,0.5026,guidance,0,5
140.706,45.3670,0.01524,0.01613,pulse:0+2:0.160,45.3462,45.3670,0.0208,0.3907,guidance,0,5
140.807,45.4421,0.01440,0.01550,pulse:0+2:0.160,45.3462,45.4421,0.0959,0.3592,guidance,0,5
140.908,45.5172,0.01402,0.01588,pulse:0+2:0.160,45.7427,45.5172,-0.2256,0.3431,guidance,0,5
141.005,45.6048,0.01471,0.01612,pulse:0+2:0.160,45.7427,45.6048,-0.1379,0.3135,guidance,0,5
141.103,45.6959,0.01466,0.01536,pulse:0+2:0.160,45.7427,45.6959,-0.0468,0.3192,guidance,0,5
141.202,45.7929,0.01533,0.01587,pulse:0+2:0.160,45.7427,45.7929,0.0502,0.3968,guidance,0,5
141.306,45.8677,0.01453,0.01535,pulse:0+2:0.160,45.7427,45.8677,0.1250,0.4260,guidance,0,5
141.406,45.9588,0.01488,0.01612,pulse:0+2:0.160,45.7427,45.9588,0.2161,0.4721,guidance,0,5
141.508,46.0558,0.01473,0.01605,pulse:0:0.160,46.2929,46.0558,-0.2371,0.4725,guidance,0,5
141.604,46.1379,0.01547,0.01553,pulse:0:0.160,46.2929,46.1379,-0.1550,0.3504,guidance,0,5
141.708,46.2226,0.01539,0.01540,pulse:0:0.160,46.2929,46.2226,-0.0703,0.3163,guidance,0,5
141.807,46.3239,0.01566,0.01506,pulse:0:0.160,46.2929,46.3239,0.0310,0.3076,guidance,0,5
141.906,46.4115,0.01507,0.01541,pulse:0:0.160,46.2929,46.4115,0.1186,0.3860,guidance,0,5
142.003,46.5014,0.01601,0.01569,pulse:0:0.160,46.2929,46.5014,0.2085,0.3959,guidance,0,5
142.106,46.5935,0.01590,0.01590,pulse:0:0.160,46.8494,46.5935,-0.2559,0.4594,guidance,0,5
142.207,46.6792,0.01583,0.01533,pulse:0:0.160,46.8494,46.6792,-0.1702,0.3969,guidance,0,5
142.302,46.7486,0.01579,0.01488,pulse:0:0.160,46.8494,46.7486,-0.1009,0.4948,guidance,0,5
142.402,46.8274,0.01602,0.01514,pulse:0:0.160,46.8494,46.8274,-0.0220,0.3944,guidance,0,5
142.506,46.9191,0.01522,0.01504,pulse:0:0.160,46.8494,46.9191,0.0697,0.4340,guidance,0,5
142.608,47.0080,0.01567,0.01474,pulse:0+3:0.160,47.2602,47.0080,-0.2522,0.3795,guidance,0,5
142.704,47.0997,0.01550,0.01539,pulse:0+3:0.160,47.2602,47.0997,-0.1605,0.3735,guidance,0,5
142.803,47.2043,0.01615,0.01453,pulse:0+3:0.160,47.2602,47.2043,-0.0559,0.3740,guidance,0,5
142.903,47.2938,0.01608,0.01381,pulse:0+3:0.160,47.2602,47.2938,0.0336,0.4124,guidance,0,5
143.004,47.3777,0.01611,0.01401,pulse:0+3:0.160,47.2602,47.3777,0.1175,0.3883,guidance,0,5
143.108,47.4644,0.01629,0.01360,pulse:0+3:0.160,47.2602,47.4644,0.2043,0.3897,guidance,0,5
143.206,47.5521,0.01616,0.01344,pulse:0:0.160,47.8119,47.5521,-0.2598,0.4528,guidance,0,5
143.304,47.6708,0.01587,0.01349,pulse:0:0.160,47.8119,47.6708,-0.1411,0.3622,guidance,0,5
143.404,47.7626,0.01538,0.01395,pulse:0:0.160,47.8119,47.7626,-0.0494,0.3043,guidance,0,5
143.504,47.8435,0.01581,0.01413,pulse:0:0.160,47.8119,47.8435,0.0316,0.4729,guidance,0,5
143.603,47.9344,0.01556,0.01362,pulse:0:0.160,47.8119,47.9344,0.1224,0.5081,guidance,0,5
143.707,48.0121,0.01582,0.01328,pulse:3:0.160,48.2664,48.0121,-0.2543,0.4689,guidance,0,5
143.807,48.0832,0.01543,0.01382,pulse:3:0.160,48.2664,48.0832,-0.1832,0.3394,guidance,0,5
143.903,48.1694,0.01531,0.01307,pulse:3:0.160,48.2664,48.1694,-0.0970,0.3713,guidance,0,5
144.005,48.2540,0.01618,0.01229,pulse:3:0.160,48.2664,48.2540,-0.0125,0.4209,guidance,0,5
144.102,48.3537,0.01602,0.01195,pulse:3:0.160,48.2664,48.3537,0.0873,0.3695,guidance,0,5
144.202,48.4463,0.01542,0.01253,pulse:3:0.160,48.2664,48.4463,0.1798,0.4279,guidance,0,5
144.303,48.5501,0.01566,0.01249,pulse:3:0.160,48.8017,48.5501,-0.2516,0.3649,guidance,0,5
144.404,48.6425,0.01587,0.01224,pulse:3:0.160,48.8017,48.6425,-0.1592,0.4165,guidance,0,5
144.507,48.7367,0.01589,0.01170,pulse:3:0.160,48.8017,48.7367,-0.0650,0.3891,guidance,0,5
144.607,48.8198,0.01536,0.01117,pulse:3:0.160,48.8017,48.8198,0.0181,0.4266,guidance,0,5
144.708,48.9168,0.01588,0.01114,pulse:3:0.160,48.8017,48.9168,0.1151,0.4265,guidance,0,5
144.807,49.0306,0.01624,0.01118,pulse:3:0.160,49.2914,49.0306,-0.2608,0.3763,guidance,0,5
144.904,49.1160,0.01627,0.01109,pulse:3:0.160,49.2914,49.1160,-0.1754,0.4665,guidance,0,5
145.003,49.2005,0.01596,0.01074,pulse:3:0.160,49.2914,49.2005,-0.0909,0.4959,guidance,0,5
145.108,49.2921,0.01639,0.01007,pulse:3:0.160,49.2914,49.2921,0.0007,0.3863,guidance,0,5
145.207,49.3696,0.01601,0.01037,pulse:3:0.160,49.2914,49.3696,0.0782,0.4370,guidance,0,5
145.307,49.4633,0.01624,0.01014,pulse:3:0.160,49.2914,49.4633,0.1719,0.3990,guidance,0,5
145.405,49.5653,0.01606,0.01002,pulse:1+3:0.160,49.8231,49.5653,-0.2578,0.4036,guidance,0,5
145.504,49.6569,0.01615,0.01049,pulse:1+3:0.160,49.8231,49.6569,-0.1662,0.4205,guidance,0,5
145.603,49.7427,0.01556,0.00953,pulse:1+3:0.160,49.8231,49.7427,-0.0804,0.4713,guidance,0,5
145.703,49.8145,0.01609,0.00909,pulse:1+3:0.160,49.8231,49.8145,-0.0086,0.4118,guidance,0,5
145.806,49.9120,0.01632,0.00901,pulse:1+3:0.160,49.8231,49.9120,0.0890,0.4265,guidance,0,5
145.907,50.0095,0.01630,0.00898,pulse:1+3:0.160,50.2710,50.0095,-0.2615,0.4474,guidance,0,5
146.005,50.0909,0.01605,0.00920,pulse:1+3:0.160,50.2710,50.0909,-0.1801,0.4005,guidance,0,5
146.106,50.1607,0.01578,0.00806,pulse:1+3:0.160,50.2710,50.1607,-0.1103,0.3107,guidance,0,5
146.208,50.2561,0.01594,0.00787,pulse:1+3:0.160,50.2710,50.2561,-0.0149,0.2796,guidance,0,5
146.303,50.3502,0.01581,0.00844,pulse:1+3:0.160,50.2710,50.3502,0.0792,0.2858,guidance,0,5
146.407,50.4474,0.01635,0.00771,pulse:1+3:0.160,50.7097,50.4474,-0.2623,0.4496,guidance,0,5
146.505,50.5427,0.01630,0.00797,pulse:1+3:0.160,50.7097,50.5427,-0.1669,0.4334,guidance,0,5
146.602,50.6566,0.01637,0.00718,pulse:1+3:0.160,50.7097,50.6566,-0.0530,0.3747,guidance,0,5
146.702,50.7488,0.01611,0.00710,pulse:1+3:0.160,50.7097,50.7488,0.0392,0.3435,guidance,0,5
146.803,50.8351,0.01578,0.00689,pulse:1+3:0.160,50.7097,50.8351,0.1255,0.3922,guidance,0,5
146.903,50.9363,0.01593,0.00665,pulse:1+3:0.160,50.7097,50.9363,0.2267,0.4341,guidance,0,5
147.004,51.0101,0.01570,0.00664,pulse:1+3:0.160,51.2620,51.0101,-0.2519,0.4823,guidance,0,5
147.106,51.1077,0.01581,0.00690,pulse:1+3:0.160,51.2620,51.1077,-0.1543,0.4058,guidance,0,5
147.157,51.1463,0.01578,0.00637,pulse:1+3:0.160,51.2620,51.1463,-0.1157,0.3113,guidance,0,5
147.306,51.2718,0.01585,0.00565,pulse:1+3:0.160,51.2620,51.2718,0.0098,0.4291,guidance,0,5
147.404,51.3617,0.01552,0.00532,pulse:1+3:0.160,51.2620,51.3617,0.0997,0.4513,guidance,0,5
147.502,51.4469,0.01553,0.00582,pulse:1+3:0.160,51.2620,51.4469,0.1849,0.3761,guidance,0,5
147.606,51.5369,0.01525,0.00500,pulse:1+3:0.160,51.7814,51.5369,-0.2445,0.3637,guidance,0,5
147.703,51.6356,0.01578,0.00504,pulse:1+3:0.160,51.7814,51.6356,-0.1458,0.4141,guidance,0,5
147.807,51.7168,0.01531,0.00528,pulse:1+3:0.160,51.7814,51.7168,-0.0646,0.3720,guidance,0,5
147.906,51.8247,0.01585,0.00404,pulse:1+3:0.160,51.7814,51.8247,0.0433,0.3820,guidance,0,5
148.003,51.9194,0.01609,0.00467,pulse:1+3:0.160,51.7814,51.9194,0.1379,0.2903,guidance,0,5
148.104,52.0083,0.01596,0.00338,pulse:1+3:0.160,51.7814,52.0083,0.2269,0.3927,guidance,0,5
148.206,52.1058,0.01600,0.00459,pulse:1+3:0.160,52.3623,52.1058,-0.2565,0.4592,guidance,0,5
148.307,52.2006,0.01597,0.00458,pulse:1+3:0.160,52.3623,52.2006,-0.1618,0.4550,guidance,0,5
148.406,52.2947,0.01579,0.00356,pulse:1+3:0.160,52.3623,52.2947,-0.0677,0.3642,guidance,0,5
148.504,52.3982,0.01586,0.00296,pulse:1+3:0.160,52.3623,52.3982,0.0359,0.3341,guidance,0,5
148.605,52.5035,0.01606,0.00369,pulse:1+3:0.160,52.3623,52.5035,0.1412,0.3972,guidance,0,5
148.703,52.6039,0.01598,0.00376,pulse:1+3:0.160,52.3623,52.6039,0.2416,0.3874,guidance,0,5
148.805,52.7049,0.01580,0.00375,pulse:1+3:0.160,52.9582,52.7049,-0.2534,0.3942,guidance,0,5
148.902,52.7960,0.01571,0.00352,pulse:1+3:0.160,52.9582,52.7960,-0.1622,0.3178,guidance,0,5
149.004,52.8939,0.01621,0.00379,pulse:1+3:0.160,52.9582,52.8939,-0.0643,0.2508,guidance,0,5
149.106,52.9926,0.01635,0.00306,pulse:1+3:0.160,52.9582,52.9926,0.0343,0.2399,guidance,0,5
149.206,53.0952,0.01621,0.00413,pulse:1+3:0.160,52.9582,53.0952,0.1370,0.2535,guidance,0,5
149.302,53.1941,0.01596,0.00369,pulse:1+3:0.160,52.9582,53.1941,0.2359,0.2658,guidance,0,5
149.408,53.2942,0.01620,0.00303,pulse:1+3:0.160,53.5540,53.2942,-0.2598,0.4007,guidance,0,5
149.503,53.3868,0.01574,0.00324,pulse:1+3:0.160,53.5540,53.3868,-0.1672,0.4409,guidance,0,5
149.607,53.4687,0.01611,0.00327,pulse:1+3:0.160,53.5540,53.4687,-0.0852,0.3711,guidance,0,5
149.704,53.5531,0.01556,0.00379,pulse:1+3:0.160,53.5540,53.5531,-0.0009,0.3352,guidance,0,5
149.804,53.6520,0.01555,0.00363,pulse:1+3:0.160,53.5540,53.6520,0.0980,0.3989,guidance,0,5
149.904,53.7421,0.01584,0.00402,pulse:1+3:0.160,53.5540,53.7421,0.1882,0.2934,guidance,0,5
150.005,53.8426,0.01571,0.00335,pulse:1+3:0.160,54.0943,53.8426,-0.2518,0.3413,guidance,0,5
150.108,53.9400,0.01595,0.00449,pulse:1+3:0.160,54.0943,53.9400,-0.1544,0.2583,guidance,0,5
150.203,54.0289,0.01593,0.00363,pulse:1+3:0.160,54.0943,54.0289,-0.0654,0.3974,guidance,0,5
150.307,54.1064,0.01541,0.00435,pulse:1+3:0.160,54.0943,54.1064,0.0121,0.2717,guidance,0,5
150.405,54.1942,0.01528,0.00427,pulse:1+3:0.160,54.0943,54.1942,0.0999,0.2282,guidance,0,5
150.503,54.2889,0.01530,0.00412,pulse:1+3:0.160,54.0943,54.2889,0.1945,0.2482,guidance,0,5
150.607,54.3605,0.01474,0.00373,pulse:1+3:0.160,54.5969,54.3605,-0.2364,0.3221,guidance,0,5
150.706,54.4230,0.01571,0.00381,pulse:1+3:0.160,54.5969,54.4230,-0.1738,0.3846,guidance,0,5
150.805,54.5040,0.01550,0.00446,pulse:1+3:0.160,54.5969,54.5040,-0.0928,0.3898,guidance,0,5
150.905,54.5920,0.01514,0.00480,pulse:1+3:0.160,54.5969,54.5920,-0.0048,0.2665,guidance,0,5
151.007,54.6856,0.01567,0.00490,pulse:1+3:0.160,54.5969,54.6856,0.0887,0.2532,guidance,0,5
151.103,54.7753,0.01522,0.00367,pulse:1+3:0.160,54.5969,54.7753,0.1784,0.3572,guidance,0,5
151.204,54.8575,0.01515,0.00422,pulse:1+3:0.160,55.1005,54.8575,-0.2429,0.3169,guidance,0,5
151.307,54.9498,0.01471,0.00426,pulse:1+3:0.160,55.1005,54.9498,-0.1507,0.3209,guidance,0,5
151.403,55.0368,0.01535,0.00501,pulse:1+3:0.160,55.1005,55.0368,-0.0637,0.2820,guidance,0,5
151.503,55.1237,0.01611,0.00480,pulse:1+3:0.160,55.1005,55.1237,0.0232,0.3793,guidance,0,5
151.602,55.2104,0.01518,0.00558,pulse:1+3:0.160,55.1005,55.2104,0.1099,0.2948,guidance,0,5
151.704,55.3088,0.01555,0.00536,pulse:1+3:0.160,55.1005,55.3088,0.2083,0.4004,guidance,0,5
151.805,55.3803,0.01523,0.00502,pulse:1+3:0.160,55.6245,55.3803,-0.2442,0.3224,guidance,0,5
151.907,55.4704,0.01563,0.00525,pulse:1+3:0.160,55.6245,55.4704,-0.1541,0.3478,guidance,0,5
152.004,55.5414,0.01492,0.00573,pulse:1+3:0.160,55.6245,55.5414,-0.0831,0.2563,guidance,0,5
152.105,55.6339,0.01526,0.00678,pulse:1+3:0.160,55.6245,55.6339,0.0095,0.3486,guidance,0,5
152.207,55.7134,0.01544,0.00714,pulse:1+3:0.160,55.6245,55.7134,0.0889,0.3826,guidance,0,5
152.306,55.8083,0.01521,0.00681,pulse:1+3:0.160,56.0522,55.8083,-0.2440,0.2589,guidance,0,5
152.402,55.9019,0.01541,0.00658,pulse:1+3:0.160,56.0522,55.9019,-0.1504,0.3054,guidance,0,5
152.503,55.9885,0.01525,0.00704,pulse:1+3:0.160,56.0522,55.9885,-0.0637,0.2689,guidance,0,5
152.608,56.0773,0.01473,0.00799,pulse:1+3:0.160,56.0522,56.0773,0.0251,0.2464,guidance,0,5
152.704,56.1569,0.01519,0.00796,pulse:1+3:0.160,56.0522,56.1569,0.1046,0.2090,guidance,0,5
152.804,56.2326,0.01529,0.00817,pulse:1+3:0.160,56.0522,56.2326,0.1803,0.1899,guidance,0,5
152.904,56.3377,0.01549,0.00777,pulse:3:0.160,56.5863,56.3377,-0.2486,0.1940,guidance,0,5
153.006,56.4296,0.01495,0.00740,pulse:3:0.160,56.5863,56.4296,-0.1567,0.3138,guidance,0,5
153.105,56.5377,0.01491,0.00784,pulse:3:0.160,56.5863,56.5377,-0.0486,0.3118,guidance,0,5
153.205,56.6347,0.01538,0.00807,pulse:3:0.160,56.5863,56.6347,0.0484,0.3444,guidance,0,5
153.305,56.7308,0.01503,0.00798,pulse:3:0.160,56.5863,56.7308,0.1445,0.2231,guidance,0,5
153.406,56.8016,0.01516,0.00829,pulse:3:0.160,57.0450,56.8016,-0.2434,0.2554,guidance,0,5
153.503,56.8989,0.01499,0.00825,pulse:3:0.160,57.0450,56.8989,-0.1460,0.2471,guidance,0,5
153.606,56.9821,0.01498,0.00797,pulse:3:0.160,57.0450,56.9821,-0.0628,0.2482,guidance,0,5
153.707,57.0435,0.01555,0.00803,pulse:3:0.160,57.0450,57.0435,-0.0014,0.3458,guidance,0,5
153.803,57.1127,0.01443,0.00823,pulse:3:0.160,57.0450,57.1127,0.0678,0.2621,guidance,0,5
153.905,57.2034,0.01509,0.00781,pulse:3:0.160,57.0450,57.2034,0.1584,0.3385,guidance,0,5
154.003,57.3037,0.01502,0.00791,pulse:3:0.160,57.5447,57.3037,-0.2410,0.3216,guidance,0,5
154.104,57.3931,0.01403,0.00822,pulse:3:0.160,57.5447,57.3931,-0.1515,0.2878,guidance,0,5
154.204,57.4856,0.01531,0.00834,pulse:3:0.160,57.5447,57.4856,-0.0591,0.3284,guidance,0,5
154.305,57.5718,0.01573,0.00861,pulse:3:0.160,57.5447,57.5718,0.0271,0.3212,guidance,0,5
154.407,57.6651,0.01526,0.00907,pulse:3:0.160,57.5447,57.6651,0.1205,0.3404,guidance,0,5
154.505,57.7596,0.01550,0.00859,pulse:3:0.160,58.0084,57.7596,-0.2488,0.2719,guidance,0,5
154.605,57.8396,0.01534,0.00951,pulse:3:0.160,58.0084,57.8396,-0.1688,0.3034,guidance,0,5
154.707,57.9194,0.01518,0.00864,pulse:3:0.160,58.0084,57.9194,-0.0889,0.3805,guidance,0,5
154.805,58.0035,0.01578,0.00930,pulse:3:0.160,58.0084,58.0035,-0.0049,0.3369,guidance,0,5
154.906,58.0894,0.01541,0.00986,pulse:3:0.160,58.0084,58.0894,0.0810,0.3593,guidance,0,5
155.007,58.1710,0.01556,0.00949,pulse:3:0.160,58.4207,58.1710,-0.2497,0.2681,guidance,0,5
155.102,58.2497,0.01586,0.00835,pulse:3:0.160,58.4207,58.2497,-0.1711,0.2118,guidance,0,5
155.204,58.3412,0.01550,0.00962,pulse:3:0.160,58.4207,58.3412,-0.0795,0.2221,guidance,0,5
155.306,58.4294,0.01579,0.01035,pulse:3:0.160,58.4207,58.4294,0.0087,0.3568,guidance,0,5
155.403,58.5129,0.01517,0.01057,pulse:3:0.160,58.4207,58.5129,0.0922,0.2664,guidance,0,5
155.505,58.6133,0.01469,0.01004,pulse:3:0.160,58.4207,58.6133,0.1925,0.2548,guidance,0,5
155.603,58.7034,0.01545,0.01026,pulse:3:0.160,58.9514,58.7034,-0.2480,0.2383,guidance,0,5
155.703,58.8053,0.01550,0.01046,pulse:3:0.160,58.9514,58.8053,-0.1461,0.2684,guidance,0,5
155.805,58.8948,0.01494,0.01087,pulse:3:0.160,58.9514,58.8948,-0.0565,0.3614,guidance,0,5
155.905,58.9638,0.01474,0.01094,pulse:3:0.160,58.9514,58.9638,0.0124,0.3659,guidance,0,5
156.005,59.0608,0.01540,0.01113,pulse:3:0.160,58.9514,59.0608,0.1095,0.3412,guidance,0,5
156.103,59.1418,0.01500,0.01089,pulse:3:0.160,59.3826,59.1418,-0.2408,0.3379,guidance,0,5
156.202,59.2084,0.01537,0.01150,pulse:3:0.160,59.3826,59.2084,-0.1742,0.2960,guidance,0,5
156.304,59.3047,0.01492,0.01137,pulse:3:0.160,59.3826,59.3047,-0.0780,0.2902,guidance,0,5
156.404,59.3875,0.01481,0.01190,pulse:3:0.160,59.3826,59.3875,0.0048,0.3143,guidance,0,5
156.504,59.4728,0.01454,0.01163,pulse:3:0.160,59.3826,59.4728,0.0901,0.1936,guidance,0,5
156.606,59.5699,0.01527,0.01174,pulse:3:0.160,59.8152,59.5699,-0.2452,0.2329,guidance,0,5
156.703,59.6494,0.01498,0.01139,pulse:3:0.160,59.8152,59.6494,-0.1658,0.2706,guidance,0,5
156.808,59.7315,0.01494,0.01217,pulse:3:0.160,59.8152,59.7315,-0.0837,0.2199,guidance,0,5
156.906,59.8097,0.01513,0.01199,pulse:3:0.160,59.8152,59.8097,-0.0055,0.2753,guidance,0,5
157.006,59.8944,0.01455,0.01267,pulse:3:0.160,59.8152,59.8944,0.0793,0.3509,guidance,0,5
157.107,59.9803,0.01509,0.01243,pulse:3:0.160,60.2226,59.9803,-0.2423,0.3366,guidance,0,5
157.205,60.0597,0.01500,0.01245,pulse:3:0.160,60.2226,60.0597,-0.1629,0.2064,guidance,0,5
157.308,60.1400,0.01520,0.01301,pulse:3:0.160,60.2226,60.1400,-0.0826,0.3345,guidance,0,5
157.402,60.2294,0.01527,0.01405,pulse:3:0.160,60.2226,60.2294,0.0068,0.3015,guidance,0,5
157.503,60.3267,0.01554,0.01356,pulse:3:0.160,60.2226,60.3267,0.1041,0.2863,guidance,0,5
157.603,60.4175,0.01515,0.01385,pulse:3:0.160,60.2226,60.4175,0.1949,0.2253,guidance,0,5
157.703,60.5059,0.01552,0.01361,pulse:3:0.160,60.7551,60.5059,-0.2493,0.1672,guidance,0,5
157.806,60.6013,0.01554,0.01355,pulse:3:0.160,60.7551,60.6013,-0.1539,0.2557,guidance,0,5
157.906,60.6853,0.01534,0.01403,pulse:3:0.160,60.7551,60.6853,-0.0698,0.2314,guidance,0,5
158.004,60.7631,0.01568,0.01470,pulse:3:0.160,60.7551,60.7631,0.0080,0.3372,guidance,0,5
158.102,60.8392,0.01533,0.01454,pulse:3:0.160,60.7551,60.8392,0.0841,0.3297,guidance,0,5
158.203,60.9186,0.01559,0.01431,pulse:0:0.160,61.1691,60.9186,-0.2505,0.2284,guidance,0,5
158.303,61.0138,0.01594,0.01453,pulse:0:0.160,61.1691,61.0138,-0.1553,0.2563,guidance,0,5
158.405,61.1100,0.01592,0.01450,pulse:0:0.160,61.1691,61.1100,-0.0591,0.2953,guidance,0,5
158.507,61.2044,0.01536,0.01510,pulse:0:0.160,61.1691,61.2044,0.0352,0.1830,guidance,0,5
158.603,61.2737,0.01540,0.01511,pulse:0:0.160,61.1691,61.2737,0.1046,0.2434,guidance,0,5
158.703,61.3530,0.01525,0.01505,pulse:0:0.160,61.1691,61.3530,0.1839,0.3116,guidance,0,5
158.806,61.4401,0.01528,0.01479,pulse:0:0.160,61.6856,61.4401,-0.2455,0.2393,guidance,0,5
158.907,61.5344,0.01495,0.01403,pulse:0:0.160,61.6856,61.5344,-0.1513,0.2773,guidance,0,5
159.004,61.6262,0.01554,0.01505,pulse:0:0.160,61.6856,61.6262,-0.0594,0.2665,guidance,0,5
159.105,61.7325,0.01494,0.01561,pulse:0:0.160,61.6856,61.7325,0.0469,0.3168,guidance,0,5
159.203,61.8267,0.01548,0.01516,pulse:0:0.160,61.6856,61.8267,0.1410,0.2856,guidance,0,5
159.303,61.9215,0.01561,0.01529,pulse:0:0.160,61.6856,61.9215,0.2359,0.2486,guidance,0,5
159.406,61.9926,0.01538,0.01515,pulse:0:0.160,62.2397,61.9926,-0.2471,0.3053,guidance,0,5
159.506,62.0814,0.01597,0.01519,pulse:0:0.160,62.2397,62.0814,-0.1583,0.1851,guidance,0,5
159.606,62.1879,0.01555,0.01500,pulse:0:0.160,62.2397,62.1879,-0.0518,0.2956,guidance,0,5
159.707,62.3087,0.01622,0.01502,pulse:0:0.160,62.2397,62.3087,0.0691,0.3421,guidance,0,5
159.807,62.3942,0.01551,0.01492,pulse:0:0.160,62.2397,62.3942,0.1545,0.2047,guidance,0,5
159.902,62.4858,0.01555,0.01513,pulse:0:0.160,62.2397,62.4858,0.2461,0.2320,guidance,0,5
160.005,62.5805,0.01539,0.01493,pulse:0:0.160,62.8278,62.5805,-0.2473,0.3207,guidance,0,5
160.106,62.6824,0.01548,0.01512,pulse:0:0.160,62.8278,62.6824,-0.1454,0.2227,guidance,0,5
160.207,62.7774,0.01608,0.01546,pulse:0:0.160,62.8278,62.7774,-0.0504,0.2049,guidance,0,5
160.303,62.8691,0.01574,0.01593,pulse:0:0.160,62.8278,62.8691,0.0412,0.2909,guidance,0,5
160.408,62.9426,0.01591,0.01583,pulse:0:0.160,62.8278,62.9426,0.1148,0.2561,guidance,0,5
160.504,63.0379,0.01565,0.01529,pulse:0:0.160,62.8278,63.0379,0.2101,0.3041,guidance,0,5
160.608,63.1401,0.01588,0.01522,pulse:0:0.160,63.3953,63.1401,-0.2551,0.2179,guidance,0,5
160.703,63.2065,0.01594,0.01527,pulse:0:0.160,63.3953,63.2065,-0.1888,0.2176,guidance,0,5
160.803,63.3141,0.01622,0.01615,pulse:0:0.160,63.3953,63.3141,-0.0812,0.1506,guidance,0,5
160.904,63.3936,0.01624,0.01618,pulse:0:0.160,63.3953,63.3936,-0.0016,0.3136,guidance,0,5
161.002,63.4667,0.01579,0.01617,pulse:0:0.160,63.3953,63.4667,0.0714,0.2022,guidance,0,5
161.104,63.5701,0.01625,0.01559,pulse:0:0.160,63.3953,63.5701,0.1748,0.2194,guidance,0,5
161.207,63.6673,0.01641,0.01675,pulse:0:0.160,63.9309,63.6673,-0.2637,0.3195,guidance,0,5
161.307,63.7718,0.01668,0.01612,pulse:0:0.160,63.9309,63.7718,-0.1591,0.2009,guidance,0,5
161.405,63.8457,0.01584,0.01696,pulse:0:0.160,63.9309,63.8457,-0.0852,0.1484,guidance,0,5
161.505,63.9483,0.01617,0.01687,pulse:0:0.160,63.9309,63.9483,0.0174,0.2069,guidance,0,5
161.605,64.0355,0.01579,0.01705,pulse:0:0.160,63.9309,64.0355,0.1046,0.1732,guidance,0,5
161.704,64.1227,0.01582,0.01686,pulse:0:0.160,63.9309,64.1227,0.1918,0.3101,guidance,0,5
161.807,64.2144,0.01615,0.01662,pulse:0+2:0.160,64.4738,64.2144,-0.2594,0.3236,guidance,0,5
161.902,64.3080,0.01594,0.01697,pulse:0+2:0.160,64.4738,64.3080,-0.1658,0.2078,guidance,0,5
162.004,64.3986,0.01638,0.01671,pulse:0+2:0.160,64.4738,64.3986,-0.0752,0.2392,guidance,0,5
162.103,64.5137,0.01595,0.01705,pulse:0+2:0.160,64.4738,64.5137,0.0399,0.3184,guidance,0,5
162.206,64.6236,0.01653,0.01679,pulse:0+2:0.160,64.4738,64.6236,0.1499,0.3474,guidance,0,5
162.305,64.7236,0.01641,0.01634,pulse:0+2:0.160,64.4738,64.7236,0.2498,0.2982,guidance,0,5
162.403,64.8143,0.01602,0.01624,pulse:0+2:0.160,65.0716,64.8143,-0.2573,0.3421,guidance,0,5
162.503,64.9103,0.01619,0.01627,pulse:0+2:0.160,65.0716,64.9103,-0.1613,0.2054,guidance,0,5
162.606,65.0021,0.01674,0.01625,pulse:0+2:0.160,65.0716,65.0021,-0.0695,0.2823,guidance,0,5
162.706,65.0784,0.01648,0.01631,pulse:0+2:0.160,65.0716,65.0784,0.0068,0.3185,guidance,0,5
162.807,65.1605,0.01542,0.01622,pulse:0+2:0.160,65.0716,65.1605,0.0889,0.2856,guidance,0,5
162.903,65.2647,0.01603,0.01558,pulse:0+2:0.160,65.0716,65.2647,0.1931,0.2187,guidance,0,5
163.003,65.3555,0.01673,0.01588,pulse:0+2:0.160,65.6242,65.3555,-0.2687,0.2537,guidance,0,5
163.105,65.4183,0.01670,0.01626,pulse:0+2:0.160,65.6242,65.4183,-0.2060,0.3042,guidance,0,5
163.204,65.5013,0.01639,0.01625,pulse:0+2:0.160,65.6242,65.5013,-0.1229,0.1563,guidance,0,5
163.305,65.5861,0.01557,0.01580,pulse:0+2:0.160,65.6242,65.5861,-0.0381,0.2294,guidance,0,5
163.404,65.6830,0.01623,0.01591,pulse:0+2:0.160,65.6242,65.6830,0.0588,0.2924,guidance,0,5
163.506,65.7709,0.01641,0.01582,pulse:0+2:0.160,66.0344,65.7709,-0.2635,0.2736,guidance,0,5
163.605,65.8604,0.01618,0.01561,pulse:0+2:0.160,66.0344,65.8604,-0.1741,0.1832,guidance,0,5
163.707,65.9576,0.01639,0.01601,pulse:0+2:0.160,66.0344,65.9576,-0.0768,0.2903,guidance,0,5
163.808,66.0574,0.01635,0.01532,pulse:0+2:0.160,66.0344,66.0574,0.0229,0.1989,guidance,0,5
163.902,66.1416,0.01611,0.01554,pulse:0+2:0.160,66.0344,66.1416,0.1072,0.2964,guidance,0,5
164.003,66.2315,0.01629,0.01554,pulse:0+2:0.160,66.0344,66.2315,0.1970,0.1683,guidance,0,5
164.106,66.3497,0.01670,0.01558,pulse:0+2:0.160,66.6178,66.3497,-0.2681,0.1932,guidance,0,5
164.203,66.4267,0.01628,0.01564,pulse:0+2:0.160,66.6178,66.4267,-0.1912,0.1627,guidance,0,5
164.308,66.5294,0.01667,0.01555,pulse:0+2:0.160,66.6178,66.5294,-0.0884,0.1216,guidance,0,5
164.408,66.6178,0.01652,0.01550,pulse:0+2:0.160,66.6178,66.6178,-0.0001,0.2492,guidance,0,5
164.506,66.7250,0.01662,0.01549,pulse:0+2:0.160,66.6178,66.7250,0.1071,0.1423,guidance,0,5
164.604,66.8205,0.01646,0.01514,pulse:0+2:0.160,66.6178,66.8205,0.2026,0.2354,guidance,0,5
164.706,66.8999,0.01635,0.01536,pulse:2:0.160,67.1623,66.8999,-0.2624,0.1710,guidance,0,5
164.804,66.9961,0.01632,0.01512,pulse:2:0.160,67.1623,66.9961,-0.1662,0.1641,guidance,0,5
164.904,67.1066,0.01663,0.01479,pulse:2:0.160,67.1623,67.1066,-0.0557,0.2817,guidance,0,5
165.005,67.2063,0.01629,0.01369,pulse:2:0.160,67.1623,67.2063,0.0440,0.3036,guidance,0,5
165.106,67.3146,0.01664,0.01380,pulse:2:0.160,67.1623,67.3146,0.1523,0.1593,guidance,0,5
165.204,67.3942,0.01629,0.01328,pulse:2:0.160,67.1623,67.3942,0.2320,0.2087,guidance,0,5
165.307,67.4909,0.01655,0.01366,pulse:2:0.160,67.7564,67.4909,-0.2656,0.1569,guidance,0,5
165.406,67.5706,0.01584,0.01313,pulse:2:0.160,67.7564,67.5706,-0.1858,0.2219,guidance,0,5
165.506,67.6609,0.01565,0.01223,pulse:2:0.160,67.7564,67.6609,-0.0955,0.1851,guidance,0,5
165.602,67.7598,0.01608,0.01188,pulse:2:0.160,67.7564,67.7598,0.0034,0.2301,guidance,0,5
165.704,67.8568,0.01631,0.01181,pulse:2:0.160,67.7564,67.8568,0.1004,0.2062,guidance,0,5
165.806,67.9454,0.01593,0.01161,pulse:2:0.160,67.7564,67.9454,0.1890,0.1366,guidance,0,5
165.903,68.0331,0.01688,0.01165,pulse:2:0.160,68.3039,68.0331,-0.2708,0.1045,guidance,0,5
166.003,68.1149,0.01604,0.01186,pulse:2:0.160,68.3039,68.1149,-0.1890,0.1734,guidance,0,5
166.107,68.1989,0.01606,0.01132,pulse:2:0.160,68.3039,68.1989,-0.1050,0.2323,guidance,0,5
166.203,68.2576,0.01612,0.01027,pulse:2:0.160,68.3039,68.2576,-0.0463,0.1872,guidance,0,5
166.304,68.3799,0.01623,0.01085,pulse:2:0.160,68.3039,68.3799,0.0760,0.2223,guidance,0,5
166.405,68.4848,0.01583,0.01102,pulse:2:0.240,68.8109,68.4848,-0.3261,0.1490,guidance,0,5
166.505,68.5751,0.01579,0.01120,pulse:2:0.240,68.8109,68.5751,-0.2358,0.2602,guidance,0,5
166.606,68.6571,0.01563,0.01074,pulse:2:0.240,68.8109,68.6571,-0.1538,0.2323,guidance,0,5
166.704,68.7557,0.01577,0.01001,pulse:2:0.240,68.8109,68.7557,-0.0552,0.2508,guidance,0,5
166.808,68.8545,0.01602,0.01012,pulse:2:0.240,68.8109,68.8545,0.0436,0.1235,guidance,0,5
166.905,68.9320,0.01568,0.00957,pulse:2:0.160,69.1835,68.9320,-0.2514,0.1778,guidance,0,5
167.003,69.0239,0.01643,0.00945,pulse:2:0.160,69.1835,69.0239,-0.1596,0.1612,guidance,0,5
167.107,69.1246,0.01603,0.00998,pulse:2:0.160,69.1835,69.1246,-0.0589,0.2641,guidance,0,5
167.206,69.2236,0.01562,0.00937,pulse:2:0.160,69.1835,69.2236,0.0401,0.2459,guidance,0,5
167.308,69.3023,0.01568,0.00973,pulse:2:0.160,69.1835,69.3023,0.1188,0.1659,guidance,0,5
167.407,69.3658,0.01608,0.00926,pulse:2:0.160,69.6238,69.3658,-0.2579,0.2505,guidance,0,5
167.504,69.4611,0.01569,0.01026,pulse:2:0.160,69.6238,69.4611,-0.1626,0.1575,guidance,0,5
167.607,69.5609,0.01583,0.00932,pulse:2:0.160,69.6238,69.5609,-0.0629,0.2139,guidance,0,5
167.707,69.6383,0.01675,0.00894,pulse:2:0.160,69.6238,69.6383,0.0145,0.2542,guidance,0,5
167.807,69.7310,0.01592,0.00854,pulse:2:0.160,69.6238,69.7310,0.1072,0.1883,guidance,0,5
167.907,69.8183,0.01592,0.00916,pulse:2:0.160,69.6238,69.8183,0.1945,0.2181,guidance,0,5
168.004,69.9069,0.01606,0.00908,pulse:2:0.160,70.1644,69.9069,-0.2575,0.2154,guidance,0,5
168.108,69.9992,0.01641,0.00909,pulse:2:0.160,70.1644,69.9992,-0.1652,0.1791,guidance,0,5
168.206,70.0975,0.01620,0.00889,pulse:2:0.160,70.1644,70.0975,-0.0670,0.1195,guidance,0,5
168.303,70.1941,0.01661,0.00822,pulse:2:0.160,70.1644,70.1941,0.0297,0.0950,guidance,0,5
168.407,70.2814,0.01530,0.00756,pulse:2:0.160,70.1644,70.2814,0.1170,0.1281,guidance,0,5
168.503,70.3712,0.01588,0.00854,pulse:2:0.160,70.1644,70.3712,0.2068,0.1847,guidance,0,5
168.604,70.4452,0.01609,0.00865,pulse:2:0.160,70.7032,70.4452,-0.2580,0.1451,guidance,0,5
168.706,70.5278,0.01539,0.00773,pulse:2:0.160,70.7032,70.5278,-0.1754,0.2339,guidance,0,5
168.807,70.6216,0.01535,0.00768,pulse:2:0.160,70.7032,70.6216,-0.0816,0.1083,guidance,0,5
168.906,70.7117,0.01553,0.00714,pulse:2:0.160,70.7032,70.7117,0.0085,0.1950,guidance,0,5
169.003,70.8153,0.01583,0.00685,pulse:2:0.160,70.7032,70.8153,0.1121,0.2291,guidance,0,5
169.106,70.9184,0.01510,0.00686,pulse:2:0.160,71.1605,70.9184,-0.2421,0.1182,guidance,0,5
169.203,71.0119,0.01584,0.00729,pulse:2:0.160,71.1605,71.0119,-0.1485,0.2330,guidance,0,5
169.304,71.1123,0.01557,0.00670,pulse:2:0.160,71.1605,71.1123,-0.0482,0.1946,guidance,0,5
169.403,71.1961,0.01494,0.00667,pulse:2:0.160,71.1605,71.1961,0.0356,0.1626,guidance,0,5
169.503,71.2770,0.01513,0.00584,pulse:2:0.160,71.1605,71.2770,0.1165,0.0940,guidance,0,5
169.603,71.3546,0.01523,0.00587,pulse:2:0.160,71.1605,71.3546,0.1941,0.1633,guidance,0,5
169.706,71.4551,0.01526,0.00641,pulse:2:0.160,71.6997,71.4551,-0.2446,0.1904,guidance,0,5
169.807,71.5382,0.01503,0.00697,pulse:2:0.160,71.6997,71.5382,-0.1615,0.2177,guidance,0,5
169.906,71.6238,0.01496,0.00610,pulse:2:0.160,71.6997,71.6238,-0.0758,0.1377,guidance,0,5
170.005,71.7089,0.01477,0.00557,pulse:2:0.160,71.6997,71.7089,0.0092,0.1943,guidance,0,5
170.106,71.8122,0.01506,0.00585,pulse:2:0.160,71.6997,71.8122,0.1125,0.1023,guidance,0,5
170.204,71.8941,0.01513,0.00534,pulse:2:0.160,71.6997,71.8941,0.1944,0.0735,guidance,0,5
170.307,71.9730,0.01522,0.00593,pulse:2:0.240,72.2861,71.9730,-0.3131,0.1281,guidance,0,5
170.408,72.0597,0.01508,0.00595,pulse:2:0.240,72.2861,72.0597,-0.2265,0.0904,guidance,0,5
170.503,72.1485,0.01466,0.00603,pulse:2:0.240,72.2861,72.1485,-0.1377,0.2255,guidance,0,5
170.602,72.2223,0.01489,0.00639,pulse:2:0.240,72.2861,72.2223,-0.0639,0.2293,guidance,0,5
170.706,72.3256,0.01527,0.00631,pulse:2:0.240,72.2861,72.3256,0.0395,0.2278,guidance,0,5
170.755,72.3900,0.01527,0.00672,pulse:2:0.240,72.2861,72.3900,0.1038,0.2389,guidance,0,5
170.905,72.4996,0.01491,0.00641,pulse:2:0.240,72.8064,72.4996,-0.3068,0.2227,guidance,0,5
171.003,72.5987,0.01552,0.00664,pulse:2:0.240,72.8064,72.5987,-0.2077,0.1307,guidance,0,5
171.107,72.6941,0.01526,0.00666,pulse:2:0.240,72.8064,72.6941,-0.1123,0.1729,guidance,0,5
171.202,72.7645,0.01531,0.00670,pulse:2:0.240,72.8064,72.7645,-0.0419,0.1831,guidance,0,5
171.304,72.8517,0.01467,0.00764,pulse:2:0.240,72.8064,72.8517,0.0453,0.2176,guidance,0,5
171.408,72.9355,0.01508,0.00723,pulse:2:0.320,73.3142,72.9355,-0.3787,0.1536,guidance,0,5
171.502,73.0323,0.01516,0.00791,pulse:2:0.320,73.3142,73.0323,-0.2819,0.2009,guidance,0,5
171.607,73.1256,0.01521,0.00766,pulse:2:0.320,73.3142,73.1256,-0.1886,0.2280,guidance,0,5
171.706,73.2138,0.01516,0.00806,pulse:2:0.320,73.3142,73.2138,-0.1003,0.2469,guidance,0,5
171.804,73.3037,0.01485,0.00843,pulse:2:0.320,73.3142,73.3037,-0.0104,0.1876,guidance,0,5
171.903,73.3955,0.01451,0.00921,pulse:2:0.320,73.3142,73.3955,0.0814,0.1300,guidance,0,5
172.007,73.4913,0.01453,0.00905,coast:0.040,73.3142,73.4913,0.1771,0.0658,fallback,0,5
172.105,73.5834,0.01485,0.00942,coast:0.040,73.3142,73.5834,0.2693,0.1437,fallback,0,5
172.208,73.6568,0.01544,0.00887,coast:0.040,73.3142,73.6568,0.3427,0.1206,fallback,0,5
172.303,73.7576,0.01521,0.00914,coast:0.040,73.3142,73.7576,0.4435,0.0887,fallback,0,5
172.407,73.8417,0.01526,0.00945,coast:0.040,73.3142,73.8417,0.5275,0.1667,fallback,0,5
172.505,73.9093,0.01536,0.00880,coast:0.040,73.3142,73.9093,0.5951,0.1439,fallback,0,5
172.607,73.9965,0.01514,0.00943,coast:0.040,73.3142,73.9965,0.6823,0.0663,fallback,0,5
172.708,74.0659,0.01488,0.00927,coast:0.040,73.3142,74.0659,0.7517,0.1458,fallback,0,5
172.806,74.1547,0.01455,0.00899,coast:0.040,73.3142,74.1547,0.8405,0.1036,fallback,0,5
172.905,74.2461,0.01454,0.00938,coast:0.040,73.3142,74.2461,0.9320,0.2152,fallback,0,5
173.006,74.3377,0.01400,0.00960,coast:0.040,73.3142,74.3377,1.0235,0.0931,fallback,0,5
173.102,74.4255,0.01495,0.00879,coast:0.040,73.3142,74.4255,1.1113,0.1544,fallback,0,5
173.205,74.5011,0.01493,0.00902,pulse:1+2:0.320,74.8751,74.5011,-0.3740,0.1654,guidance,0,5
173.305,74.5772,0.01433,0.00959,pulse:1+2:0.320,74.8751,74.5772,-0.2979,0.1379,guidance,0,5
173.406,74.6492,0.01465,0.00927,pulse:1+2:0.320,74.8751,74.6492,-0.2259,0.0916,guidance,0,5
173.507,74.7340,0.01472,0.01038,pulse:1+2:0.320,74.8751,74.7340,-0.1411,0.0897,guidance,0,5
173.607,74.8049,0.01452,0.01132,pulse:1+2:0.320,74.8751,74.8049,-0.0702,0.0767,guidance,0,5
173.707,74.8768,0.01391,0.01117,coast:0.160,75.1001,74.8768,-0.2233,0.0808,guidance,0,5
173.803,74.9806,0.01426,0.01134,coast:0.160,75.1001,74.9806,-0.1195,0.0922,guidance,0,5
173.905,75.0713,0.01443,0.01120,coast:0.160,75.1001,75.0713,-0.0288,0.1054,guidance,0,5
174.007,75.1695,0.01437,0.01066,coast:0.160,75.1001,75.1695,0.0694,0.0594,guidance,0,5
174.107,75.2490,0.01459,0.01094,coast:0.160,75.1001,75.2490,0.1490,0.1897,guidance,0,5
174.203,75.3308,0.01441,0.01159,coast:0.160,75.1001,75.3308,0.2307,0.1731,guidance,0,5
174.307,75.4154,0.01419,0.01126,pulse:1+2:0.320,75.7709,75.4154,-0.3555,0.1560,guidance,0,5
174.403,75.5030,0.01396,0.01139,pulse:1+2:0.320,75.7709,75.5030,-0.2679,0.1942,guidance,0,5
174.502,75.5713,0.01442,0.01195,pulse:1+2:0.320,75.7709,75.5713,-0.1996,0.1731,guidance,0,5
174.607,75.6295,0.01421,0.01336,pulse:1+2:0.320,75.7709,75.6295,-0.1414,0.1057,guidance,0,5
174.702,75.7076,0.01396,0.01439,pulse:1+2:0.320,75.7709,75.7076,-0.0633,0.1134,guidance,0,5
174.804,75.7840,0.01335,0.01431,pulse:1+2:0.320,75.7709,75.7840,0.0131,0.1774,guidance,0,5
174.902,75.8846,0.01437,0.01511,pulse:1+2:0.160,76.1150,75.8846,-0.2304,0.1845,guidance,0,5
175.007,75.9873,0.01389,0.01472,pulse:1+2:0.160,76.1150,75.9873,-0.1277,0.1516,guidance,0,5
175.103,76.0627,0.01376,0.01588,pulse:1+2:0.160,76.1150,76.0627,-0.0522,0.1478,guidance,0,5
175.202,76.1527,0.01349,0.01745,pulse:1+2:0.160,76.1150,76.1527,0.0378,0.1846,guidance,0,5
175.303,76.2216,0.01346,0.01707,pulse:1+2:0.160,76.1150,76.2216,0.1066,0.1433,guidance,0,5
175.406,76.2963,0.01406,0.01639,coast:0.040,76.1150,76.2963,0.1813,0.0527,fallback,0,5
175.505,76.3707,0.01410,0.01693,coast:0.040,76.1150,76.3707,0.2557,0.0552,fallback,0,5
175.607,76.4643,0.01392,0.01616,coast:0.040,76.1150,76.4643,0.3493,0.1427,fallback,0,5
175.703,76.5443,0.01399,0.01595,coast:0.040,76.1150,76.5443,0.4293,0.1767,fallback,0,5
175.804,76.6134,0.01414,0.01537,coast:0.040,76.1150,76.6134,0.4985,0.0610,fallback,0,5
175.906,76.6792,0.01351,0.01590,coast:0.040,76.1150,76.6792,0.5642,0.1005,fallback,0,5
176.006,76.7700,0.01354,0.01538,pulse:1+2:0.160,76.9871,76.7700,-0.2171,0.1744,guidance,0,5
176.107,76.8422,0.01420,0.01580,pulse:1+2:0.160,76.9871,76.8422,-0.1449,0.0724,guidance,0,5
176.206,76.9252,0.01368,0.01652,pulse:1+2:0.160,76.9871,76.9252,-0.0619,0.0485,guidance,0,5
176.302,77.0270,0.01417,0.01726,pulse:1+2:0.160,76.9871,77.0270,0.0399,0.1521,guidance,0,5
176.404,77.1117,0.01381,0.01758,pulse:1+2:0.160,76.9871,77.1117,0.1247,0.0603,guidance,0,5
176.504,77.1844,0.01452,0.01739,pulse:1+2:0.160,76.9871,77.1844,0.1974,0.1244,guidance,0,5
176.605,77.2781,0.01400,0.01755,pulse:1+2:0.160,77.5029,77.2781,-0.2247,0.1442,guidance,0,5
176.704,77.3503,0.01393,0.01720,pulse:1+2:0.160,77.5029,77.3503,-0.1526,0.0667,guidance,0,5
176.807,77.4352,0.01417,0.01855,pulse:1+2:0.160,77.5029,77.4352,-0.0676,0.1692,guidance,0,5
176.902,77.5184,0.01389,0.02002,pulse:1+2:0.160,77.5029,77.5184,0.0156,0.0775,guidance,0,5
177.003,77.5988,0.01388,0.01933,pulse:1+2:0.160,77.5029,77.5988,0.0959,0.1598,guidance,0,5
177.105,77.6661,0.01442,0.01974,pulse:1+2:0.160,77.8975,77.6661,-0.2315,0.1153,guidance,0,5
177.204,77.7503,0.01443,0.01989,pulse:1+2:0.160,77.8975,77.7503,-0.1472,0.1380,guidance,0,5
177.304,77.8310,0.01460,0.02055,pulse:1+2:0.160,77.8975,77.8310,-0.0665,0.1824,guidance,0,5
177.403,77.8931,0.01362,0.02195,pulse:1+2:0.160,77.8975,77.8931,-0.0044,0.1703,guidance,0,5
177.504,77.9651,0.01407,0.02219,pulse:1+2:0.160,77.8975,77.9651,0.0676,0.0471,guidance,0,5
177.605,78.0517,0.01399,0.02216,pulse:1+2:0.160,78.2764,78.0517,-0.2247,0.1623,guidance,0,5
177.704,78.1187,0.01352,0.02231,pulse:1+2:0.160,78.2764,78.1187,-0.1577,0.0545,guidance,0,5
177.808,78.1978,0.01314,0.02347,pulse:1+2:0.160,78.2764,78.1978,-0.0786,0.0214,guidance,0,5
177.906,78.2691,0.01328,0.02482,pulse:1+2:0.160,78.2764,78.2691,-0.0073,0.1357,guidance,0,5
178.008,78.3451,0.01392,0.02488,pulse:1+2:0.160,78.2764,78.3451,0.0688,0.1677,guidance,0,5
178.103,78.4146,0.01368,0.02425,pulse:1+2:0.160,78.2764,78.4146,0.1382,0.1058,guidance,0,5
178.206,78.4909,0.01313,0.02479,coast:0.040,78.2764,78.4909,0.2145,0.0619,fallback,0,5
178.302,78.5786,0.01382,0.02461,coast:0.040,78.2764,78.5786,0.3022,0.0184,fallback,0,5
178.405,78.6503,0.01332,0.02483,coast:0.040,78.2764,78.6503,0.3739,0.1216,fallback,0,5
178.508,78.7261,0.01301,0.02511,coast:0.040,78.2764,78.7261,0.4497,0.0474,fallback,0,5
178.608,78.8186,0.01316,0.02435,coast:0.040,78.2764,78.8186,0.5423,-0.0015,fallback,0,5
178.704,78.8928,0.01232,0.02421,coast:0.040,78.2764,78.8928,0.6164,0.0275,fallback,0,5
178.803,78.9915,0.01347,0.02407,coast:0.040,78.2764,78.9915,0.7151,-0.0129,fallback,0,5
178.908,79.0632,0.01324,0.02417,coast:0.040,78.2764,79.0632,0.7868,-0.0151,fallback,0,5
179.007,79.1633,0.01400,0.02444,coast:0.040,78.2764,79.1633,0.8869,-0.0058,fallback,0,5
179.107,79.2503,0.01348,0.02377,coast:0.040,78.2764,79.2503,0.9739,0.1071,fallback,0,5
179.204,79.3169,0.01417,0.02368,coast:0.040,78.2764,79.3169,1.0406,0.1518,fallback,0,5
179.307,79.3988,0.01379,0.02378,pulse:1+2:0.160,79.6204,79.3988,-0.2216,0.1133,guidance,0,5
179.403,79.4842,0.01380,0.02395,pulse:1+2:0.160,79.6204,79.4842,-0.1361,0.1019,guidance,0,5
179.503,79.5784,0.01449,0.02492,pulse:1+2:0.160,79.6204,79.5784,-0.0420,0.0921,guidance,0,5
179.603,79.6388,0.01468,0.02759,pulse:1+2:0.160,79.6204,79.6388,0.0184,0.1270,guidance,0,5
179.707,79.7213,0.01435,0.02658,pulse:1+2:0.160,79.6204,79.7213,0.1010,0.0386,guidance,0,5
179.806,79.8090,0.01493,0.02665,pulse:1+2:0.160,79.6204,79.8090,0.1886,0.0896,guidance,0,5
179.906,79.8859,0.01519,0.02644,coast:0.040,79.6204,79.8859,0.2655,-0.0033,fallback,0,5
