t,attDeg,wParallel,wPerp,primitive,predAtt,actualAtt,predMinusActual,fuelMargin,phase,reachable,fdir
0.001,63.9900,0.21160,0.03735,pulse:0+5:0.160,67.3804,63.9900,-3.3904,2.3237,guidance,0,
0.098,71.8276,0.22372,0.03987,pulse:0+5:0.160,67.3804,71.8276,4.4472,2.1611,guidance,0,
0.199,75.2550,0.22410,0.04330,pulse:0+5:0.160,67.3804,75.2550,7.8746,2.1057,guidance,0,
0.299,77.6750,0.22241,0.04644,pulse:0+5:0.160,67.3804,77.6750,10.2946,2.0582,guidance,0,
0.401,79.6285,0.22275,0.05068,pulse:0+5:0.160,67.3804,79.6285,12.2481,2.2749,guidance,0,
0.500,81.2235,0.22261,0.05298,pulse:0+5:0.160,67.3804,81.2235,13.8431,2.0804,guidance,0,
0.601,82.7645,0.22190,0.05524,pulse:0+5:0.160,86.3211,82.7645,-3.5566,2.0555,guidance,0,
0.700,84.2034,0.22079,0.05608,pulse:0+5:0.160,86.3211,84.2034,-2.1176,2.0474,guidance,0,
0.800,85.5447,0.21796,0.05708,pulse:0+5:0.160,86.3211,85.5447,-0.7764,2.0482,guidance,0,
0.897,86.8475,0.21565,0.05671,pulse:0+5:0.160,86.3211,86.8475,0.5264,2.1577,guidance,0,
1.000,88.1841,0.21460,0.05561,pulse:0+5:0.160,86.3211,88.1841,1.8631,2.1548,guidance,0,
1.097,89.4274,0.21407,0.05363,pulse:0+5:0.160,86.3211,89.4274,3.1063,2.0913,guidance,0,
1.202,90.7256,0.21309,0.05224,pulse:0+5:0.160,94.1402,90.7256,-3.4146,2.1955,guidance,0,
1.302,91.9630,0.21264,0.04918,pulse:0+5:0.160,94.1402,91.9630,-2.1772,2.1931,guidance,0,
1.403,93.1685,0.21054,0.04630,pulse:0+5:0.160,94.1402,93.1685,-0.9717,2.2983,guidance,0,
1.501,94.3411,0.20819,0.04320,pulse:0+5:0.160,94.1402,94.3411,0.2009,2.1405,guidance,0,
1.602,95.5331,0.20813,0.03961,pulse:0+5:0.160,94.1402,95.5331,1.3928,2.1298,guidance,0,
1.702,96.6994,0.20870,0.03759,pulse:0+5:0.320,101.9310,96.6994,-5.2316,2.0402,guidance,0,
1.801,97.8464,0.20942,0.03483,pulse:0+5:0.320,101.9310,97.8464,-4.0846,2.2569,guidance,0,
1.901,99.0084,0.20947,0.03248,pulse:0+5:0.320,101.9310,99.0084,-2.9226,2.1572,guidance,0,
2.001,100.1473,0.20876,0.03127,pulse:0+5:0.320,101.9310,100.1473,-1.7838,2.2996,guidance,0,
2.099,101.2703,0.20890,0.02917,pulse:0+5:0.320,101.9310,101.2703,-0.6607,2.3079,guidance,0,
2.202,102.4569,0.21080,0.02856,pulse:0+5:0.320,101.9310,102.4569,0.5259,2.2313,guidance,0,
2.302,103.6231,0.21333,0.02670,pulse:0+5:0.160,107.0394,103.6231,-3.4163,2.0566,guidance,0,
2.399,104.7526,0.21676,0.02398,pulse:0+5:0.160,107.0394,104.7526,-2.2868,2.0266,guidance,0,
2.497,105.8985,0.21827,0.02223,pulse:0+5:0.160,107.0394,105.8985,-1.1410,2.0437,guidance,0,
2.600,107.1431,0.22031,0.02051,pulse:0+5:0.160,107.0394,107.1431,0.1037,2.1713,guidance,0,
2.698,108.3242,0.22305,0.01761,pulse:0+5:0.160,107.0394,108.3242,1.2848,2.2488,guidance,0,
2.797,109.5323,0.22721,0.01512,pulse:0+5:0.160,107.0394,109.5323,2.4929,2.0665,guidance,0,
2.900,110.8045,0.23047,0.01324,pulse:0+5:0.160,114.4949,110.8045,-3.6904,2.0732,guidance,0,
2.998,112.0341,0.23475,0.01128,pulse:0+5:0.160,114.4949,112.0341,-2.4608,2.0145,guidance,0,
3.098,113.3026,0.23625,0.01154,pulse:0+5:0.160,114.4949,113.3026,-1.1923,2.0601,guidance,0,
3.201,114.6030,0.23715,0.01219,pulse:0+5:0.160,114.4949,114.6030,0.1081,2.1328,guidance,0,
3.301,115.8828,0.24007,0.01464,pulse:0+5:0.160,114.4949,115.8828,1.3879,2.0963,guidance,0,
3.399,117.1454,0.24121,0.01711,pulse:0+5:0.160,114.4949,117.1454,2.6505,2.2119,guidance,0,
3.497,118.4304,0.24302,0.02020,pulse:0+5:0.160,122.3214,118.4304,-3.8910,2.1488,guidance,0,
3.599,119.7543,0.24332,0.02265,pulse:0+5:0.160,122.3214,119.7543,-2.5671,2.2847,guidance,0,
3.702,121.0919,0.24187,0.02491,pulse:0+5:0.160,122.3214,121.0919,-1.2295,2.1890,guidance,0,
3.802,122.3666,0.24058,0.02570,pulse:0+5:0.160,122.3214,122.3666,0.0452,2.0829,guidance,0,
3.898,123.6111,0.23955,0.02771,pulse:0+5:0.160,122.3214,123.6111,1.2897,1.9898,guidance,0,
4.003,124.9222,0.23690,0.02788,pulse:0+5:0.160,128.7150,124.9222,-3.7928,2.1436,guidance,0,
4.100,126.1389,0.23452,0.02858,pulse:0+5:0.160,128.7150,126.1389,-2.5760,2.2689,guidance,0,
4.202,127.4063,0.23071,0.02765,pulse:0+5:0.160,128.7150,127.4063,-1.3087,2.2877,guidance,0,
4.297,128.5489,0.22584,0.02677,pulse:0+5:0.160,128.7150,128.5489,-0.1661,2.0777,guidance,0,
4.400,129.7486,0.22162,0.02603,pulse:0+5:0.160,128.7150,129.7486,1.0337,2.1769,guidance,0,
4.500,130.9044,0.21789,0.02467,pulse:0+5:0.160,128.7150,130.9044,2.1894,2.0605,guidance,0,
4.597,132.0003,0.21381,0.02357,pulse:0+5:0.160,135.4231,132.0003,-3.4227,2.1856,guidance,0,
4.703,133.1876,0.20974,0.02228,pulse:0+5:0.160,135.4231,133.1876,-2.2355,2.2698,guidance,0,
4.801,134.2393,0.20392,0.02074,pulse:0+5:0.160,135.4231,134.2393,-1.1837,2.1841,guidance,0,
4.898,135.2484,0.19861,0.01996,pulse:0+5:0.160,135.4231,135.2484,-0.1747,2.1098,guidance,0,
5.000,136.2804,0.19486,0.01898,pulse:0+5:0.160,135.4231,136.2804,0.8573,1.9938,guidance,0,
5.102,137.3090,0.19138,0.01841,pulse:0+5:0.160,140.3721,137.3090,-3.0630,2.0046,guidance,0,
5.202,138.3150,0.18862,0.01801,pulse:0+5:0.160,140.3721,138.3150,-2.0570,2.1279,guidance,0,
5.299,139.2509,0.18505,0.01784,pulse:0+5:0.160,140.3721,139.2509,-1.1212,2.0033,guidance,0,
5.398,140.2158,0.18174,0.01772,pulse:0+5:0.160,140.3721,140.2158,-0.1562,1.9620,guidance,0,
5.501,141.1993,0.17972,0.01799,pulse:0+5:0.160,140.3721,141.1993,0.8272,1.9593,guidance,0,
5.599,142.1304,0.17876,0.01823,pulse:0+5:0.160,140.3721,142.1304,1.7583,2.1482,guidance,0,
5.698,143.0899,0.17973,0.01865,pulse:0+5:0.160,145.9659,143.0899,-2.8761,2.0153,guidance,0,
5.799,144.0559,0.18018,0.02005,pulse:0+5:0.160,145.9659,144.0559,-1.9100,2.0171,guidance,0,
5.902,145.0172,0.17949,0.02050,pulse:0+5:0.160,145.9659,145.0172,-0.9488,1.9670,guidance,0,
5.997,145.9338,0.18014,0.02192,pulse:0+5:0.160,145.9659,145.9338,-0.0322,2.2075,guidance,0,
6.099,146.9100,0.18194,0.02426,pulse:0+5:0.160,145.9659,146.9100,0.9441,2.2152,guidance,0,
6.202,147.9247,0.18437,0.02623,pulse:0+5:0.160,150.8750,147.9247,-2.9503,2.1696,guidance,0,
6.300,148.8939,0.18720,0.02832,pulse:0+5:0.160,150.8750,148.8939,-1.9811,2.1808,guidance,0,
6.400,149.9105,0.18929,0.03006,pulse:0+5:0.160,150.8750,149.9105,-0.9645,2.0253,guidance,0,
6.503,150.9596,0.19083,0.03130,pulse:0+5:0.160,150.8750,150.9596,0.0846,2.1203,guidance,0,
6.600,151.9632,0.19419,0.03299,pulse:0+5:0.160,150.8750,151.9632,1.0882,2.0592,guidance,0,
6.702,153.0409,0.19764,0.03463,pulse:0+5:0.160,156.2037,153.0409,-3.1628,2.0596,guidance,0,
6.799,154.0866,0.20161,0.03581,pulse:0+5:0.160,156.2037,154.0866,-2.1171,2.0869,guidance,0,
6.902,155.1865,0.20275,0.03505,pulse:0+5:0.160,156.2037,155.1865,-1.0172,2.0611,guidance,0,
6.999,156.2533,0.20353,0.03464,pulse:0+5:0.160,156.2037,156.2533,0.0496,1.9827,guidance,0,
7.099,157.3510,0.20560,0.03346,pulse:0+5:0.160,156.2037,157.3510,1.1473,2.1004,guidance,0,
7.202,158.4779,0.20774,0.03225,pulse:0+5:0.160,161.8025,158.4779,-3.3246,2.1358,guidance,0,
7.302,159.6094,0.20973,0.03002,pulse:0+5:0.160,161.8025,159.6094,-2.1932,1.9723,guidance,0,
7.400,160.7340,0.21031,0.02796,pulse:0+5:0.160,161.8025,160.7340,-1.0686,2.1291,guidance,0,
7.503,161.8733,0.20912,0.02504,pulse:0+5:0.160,161.8025,161.8733,0.0707,2.0777,guidance,0,
7.600,162.9589,0.20912,0.02275,pulse:0+5:0.160,161.8025,162.9589,1.1564,2.1244,guidance,0,
7.698,164.0736,0.20955,0.01971,pulse:0+5:0.160,161.8025,164.0736,2.2711,2.0769,guidance,0,
7.802,165.2608,0.20861,0.01690,pulse:0+5:0.160,168.5994,165.2608,-3.3386,2.1474,guidance,0,
7.900,166.3770,0.20735,0.01443,pulse:0+5:0.160,168.5994,166.3770,-2.2224,2.2384,guidance,0,
7.999,167.4765,0.20525,0.01191,pulse:0+5:0.160,168.5994,167.4765,-1.1229,2.0309,guidance,0,
8.098,168.5595,0.20305,0.00914,pulse:0+5:0.160,168.5994,168.5595,-0.0400,1.9570,guidance,0,
8.202,169.6841,0.20109,0.00838,pulse:0+5:0.160,168.5994,169.6841,1.0846,2.0863,guidance,0,
8.302,170.7709,0.19915,0.00798,pulse:0+5:0.160,168.5994,170.7709,2.1715,2.0336,guidance,0,
8.398,171.7985,0.19736,0.00857,coast:0.320,176.7731,171.7985,-4.9746,2.0237,guidance,0,
8.500,172.8809,0.19547,0.00877,coast:0.320,176.7731,172.8809,-3.8922,1.9796,guidance,0,
8.598,173.9154,0.19317,0.00922,coast:0.320,176.7731,173.9154,-2.8576,2.0915,guidance,0,
8.699,174.9606,0.19105,0.00861,coast:0.320,176.7731,174.9606,-1.8124,2.0387,guidance,0,
8.801,176.0292,0.18940,0.00981,coast:0.320,176.7731,176.0292,-0.7439,2.0029,guidance,0,
8.901,177.0405,0.18743,0.00957,coast:0.320,178.2354,177.0405,-1.1949,2.2026,guidance,0,
8.999,178.0235,0.18624,0.01123,coast:0.320,178.2354,178.0235,-0.2119,2.0749,guidance,0,
9.100,179.0488,0.18504,0.01265,coast:0.320,178.2354,179.0488,0.8134,1.9313,guidance,0,
9.203,179.9284,-0.18300,0.01506,coast:0.320,178.2354,179.9284,1.6930,2.0297,guidance,0,
9.301,178.9477,-0.18242,0.01806,coast:0.320,178.2354,178.9477,0.7123,2.0003,guidance,0,
9.403,177.9433,-0.18132,0.02072,coast:0.320,173.3740,177.9433,4.5693,2.1396,guidance,0,
9.501,176.9772,-0.18039,0.02491,coast:0.320,173.3740,176.9772,3.6032,2.1683,guidance,0,
9.602,175.9684,-0.18041,0.02831,coast:0.320,173.3740,175.9684,2.5944,2.0743,guidance,0,
9.698,175.0193,-0.17964,0.03151,coast:0.320,173.3740,175.0193,1.6453,2.0490,guidance,0,
9.803,173.9876,-0.17910,0.03428,coast:0.320,173.3740,173.9876,0.6136,2.1912,guidance,0,
9.902,173.0062,-0.17895,0.03729,coast:0.320,173.3740,173.0062,-0.3679,2.2225,guidance,0,
10.003,172.0271,-0.17914,0.03937,coast:0.320,167.5141,172.0271,4.5130,2.1478,guidance,0,
10.101,171.0487,-0.17877,0.04162,coast:0.320,167.5141,171.0487,3.5346,2.2217,guidance,0,
10.202,170.0531,-0.17924,0.04290,coast:0.320,167.5141,170.0531,2.5390,1.9807,guidance,0,
10.303,169.0638,-0.17893,0.04308,coast:0.320,167.5141,169.0638,1.5497,1.9844,guidance,0,
10.403,168.0841,-0.17877,0.04306,coast:0.320,167.5141,168.0841,0.5700,1.9292,guidance,0,
10.501,167.0989,-0.17864,0.04289,coast:0.320,167.5141,167.0989,-0.4152,2.0473,guidance,0,
10.598,166.1631,-0.17863,0.04169,coast:0.320,161.6631,166.1631,4.5000,2.0603,guidance,0,
10.703,165.1461,-0.17897,0.03992,coast:0.320,161.6631,165.1461,3.4831,2.0849,guidance,0,
10.798,164.2133,-0.17869,0.03746,coast:0.320,161.6631,164.2133,2.5502,2.0430,guidance,0,
10.899,163.2301,-0.17877,0.03449,coast:0.320,161.6631,163.2301,1.5671,2.1195,guidance,0,
11.002,162.2105,-0.17858,0.03249,coast:0.320,161.6631,162.2105,0.5474,2.1459,guidance,0,
11.100,161.2450,-0.17980,0.02946,coast:0.320,156.7146,161.2450,4.5304,2.2331,guidance,0,
11.200,160.2662,-0.17898,0.02659,coast:0.320,156.7146,160.2662,3.5516,2.1708,guidance,0,
11.302,159.2810,-0.17982,0.02404,coast:0.320,156.7146,159.2810,2.5664,2.1599,guidance,0,
11.398,158.3200,-0.17963,0.02277,coast:0.320,156.7146,158.3200,1.6054,2.0277,guidance,0,
11.501,157.2983,-0.18029,0.02001,coast:0.320,156.7146,157.2983,0.5837,2.1256,guidance,0,
11.601,156.2891,-0.18146,0.01964,coast:0.320,151.7165,156.2891,4.5726,2.0858,guidance,0,
11.702,155.2813,-0.18181,0.01992,coast:0.320,151.7165,155.2813,3.5648,2.1754,guidance,0,
11.803,154.2608,-0.18246,0.02017,coast:0.320,151.7165,154.2608,2.5443,2.1422,guidance,0,
11.902,153.2616,-0.18353,0.02111,coast:0.320,151.7165,153.2616,1.5451,2.1734,guidance,0,
12.002,152.2480,-0.18478,0.02190,coast:0.320,151.7165,152.2480,0.5315,2.1551,guidance,0,
12.098,151.2798,-0.18506,0.02323,coast:0.320,151.7165,151.2798,-0.4367,2.0886,guidance,0,
12.199,150.2366,-0.18676,0.02435,coast:0.320,145.5313,150.2366,4.7054,2.1329,guidance,0,
12.299,149.1924,-0.18728,0.02572,coast:0.320,145.5313,149.1924,3.6612,2.1087,guidance,0,
12.402,148.0914,-0.18900,0.02769,coast:0.320,145.5313,148.0914,2.5601,1.9758,guidance,0,
12.498,147.0696,-0.18944,0.02909,coast:0.320,145.5313,147.0696,1.5384,2.1727,guidance,0,
12.598,146.0085,-0.19092,0.03091,coast:0.320,145.5313,146.0085,0.4773,2.1911,guidance,0,
12.700,144.9112,-0.19134,0.03267,pulse:0:0.320,140.1079,144.9112,4.8033,2.1998,guidance,0,
12.802,143.8079,-0.19181,0.03488,pulse:0:0.320,140.1079,143.8079,3.7000,2.1933,guidance,0,
12.897,142.7969,-0.19171,0.03655,pulse:0:0.320,140.1079,142.7969,2.6890,1.9819,guidance,0,
13.000,141.7139,-0.19122,0.03789,pulse:0:0.320,140.1079,141.7139,1.6060,2.0812,guidance,0,
13.102,140.6111,-0.18982,0.03929,pulse:0:0.320,140.1079,140.6111,0.5032,1.9543,guidance,0,
13.201,139.5616,-0.18908,0.04004,pulse:0:0.320,134.8167,139.5616,4.7449,1.9957,guidance,0,
13.297,138.5478,-0.18936,0.04204,pulse:0:0.320,134.8167,138.5478,3.7311,1.9239,guidance,0,
13.397,137.4969,-0.18672,0.04254,pulse:0:0.320,134.8167,137.4969,2.6802,2.1105,guidance,0,
13.502,136.4275,-0.18489,0.04328,pulse:0:0.320,134.8167,136.4275,1.6108,2.1374,guidance,0,
13.598,135.4564,-0.18295,0.04352,pulse:0:0.320,134.8167,135.4564,0.6397,2.0363,guidance,0,
13.697,134.4405,-0.18064,0.04429,pulse:0:0.320,134.8167,134.4405,-0.3762,2.0056,guidance,0,
13.802,133.4028,-0.17950,0.04427,pulse:0:0.320,128.9000,133.4028,4.5028,2.1000,guidance,0,
13.898,132.4432,-0.17867,0.04371,pulse:0:0.320,128.9000,132.4432,3.5432,2.1873,guidance,0,
13.999,131.4366,-0.17491,0.04300,pulse:0:0.320,128.9000,131.4366,2.5366,2.2286,guidance,0,
14.103,130.4286,-0.17254,0.04236,pulse:0:0.320,128.9000,130.4286,1.5285,2.0104,guidance,0,
14.200,129.4850,-0.17010,0.04136,pulse:0:0.320,128.9000,129.4850,0.5849,1.9082,guidance,0,
14.298,128.5494,-0.16713,0.03977,pulse:0:0.320,128.9000,128.5494,-0.3506,2.0213,guidance,0,
14.403,127.5686,-0.16484,0.03875,pulse:0:0.320,123.4341,127.5686,4.1345,2.1728,guidance,0,
14.500,126.6731,-0.16429,0.03682,pulse:0:0.320,123.4341,126.6731,3.2390,2.0461,guidance,0,
14.600,125.7463,-0.16134,0.03598,pulse:0:0.320,123.4341,125.7463,2.3122,1.9945,guidance,0,
14.697,124.8839,-0.15914,0.03447,pulse:0:0.320,123.4341,124.8839,1.4498,2.0837,guidance,0,
14.801,123.9756,-0.15749,0.03308,pulse:0:0.320,123.4341,123.9756,0.5415,2.1019,guidance,0,
14.901,123.1018,-0.15617,0.03378,pulse:0:0.320,123.4341,123.1018,-0.3323,2.0538,guidance,0,
14.998,122.2454,-0.15511,0.03302,pulse:0:0.320,118.3550,122.2454,3.8904,2.1036,guidance,0,
15.097,121.3706,-0.15562,0.03307,pulse:0:0.320,118.3550,121.3706,3.0155,2.0718,guidance,0,
15.200,120.4630,-0.15560,0.03331,pulse:0:0.320,118.3550,120.4630,2.1080,1.9080,guidance,0,
15.301,119.6021,-0.15557,0.03366,pulse:0:0.320,118.3550,119.6021,1.2470,1.8905,guidance,0,
15.402,118.7075,-0.15427,0.03455,pulse:0:0.320,118.3550,118.7075,0.3525,2.0518,guidance,0,
15.499,117.8566,-0.15525,0.03517,coast:0.320,113.9480,117.8566,3.9087,1.9704,guidance,0,
15.602,116.9475,-0.15678,0.03700,coast:0.320,113.9480,116.9475,2.9995,2.1360,guidance,0,
15.698,116.0935,-0.15873,0.03823,coast:0.320,113.9480,116.0935,2.1456,1.9335,guidance,0,
15.801,115.1600,-0.16076,0.04030,coast:0.320,113.9480,115.1600,1.2121,2.1276,guidance,0,
15.900,114.2550,-0.16276,0.04141,coast:0.320,113.9480,114.2550,0.3070,2.1535,guidance,0,
16.003,113.3203,-0.16534,0.04385,pulse:0:0.320,109.1746,113.3203,4.1457,2.0945,guidance,0,
16.097,112.4296,-0.16649,0.04561,pulse:0:0.320,109.1746,112.4296,3.2549,1.9862,guidance,0,
16.201,111.4377,-0.16748,0.04737,pulse:0:0.320,109.1746,111.4377,2.2631,2.0043,guidance,0,
16.297,110.5256,-0.16822,0.04837,pulse:0:0.320,109.1746,110.5256,1.3510,2.0773,guidance,0,
16.400,109.5359,-0.16846,0.04932,pulse:0:0.320,109.1746,109.5359,0.3613,2.0173,guidance,0,
16.498,108.6231,-0.17033,0.05115,pulse:0:0.320,109.1746,108.6231,-0.5515,2.1287,guidance,0,
16.600,107.6508,-0.17077,0.05226,pulse:0:0.320,103.3712,107.6508,4.2796,2.0071,guidance,0,
16.699,106.6824,-0.17119,0.05314,pulse:0:0.320,103.3712,106.6824,3.3112,2.0613,guidance,0,
16.802,105.6884,-0.17069,0.05353,pulse:0:0.320,103.3712,105.6884,2.3172,2.0341,guidance,0,
16.903,104.7176,-0.17015,0.05366,pulse:0:0.320,103.3712,104.7176,1.3464,1.9988,guidance,0,
17.002,103.7531,-0.16981,0.05426,pulse:0:0.320,103.3712,103.7531,0.3819,1.9099,guidance,0,
17.101,102.8262,-0.16870,0.05390,pulse:0:0.320,98.5999,102.8262,4.2263,2.1252,guidance,0,
17.197,101.9028,-0.16812,0.05413,pulse:0:0.320,98.5999,101.9028,3.3028,2.1812,guidance,0,
17.299,100.9554,-0.16603,0.05368,pulse:0:0.320,98.5999,100.9554,2.3554,1.9514,guidance,0,
17.400,100.0373,-0.16429,0.05286,pulse:0:0.320,98.5999,100.0373,1.4374,1.8612,guidance,0,
17.498,99.1458,-0.16181,0.05241,pulse:0:0.320,98.5999,99.1458,0.5459,1.8743,guidance,0,
17.599,98.2261,-0.15977,0.05176,pulse:0:0.320,98.5999,98.2261,-0.3739,1.9079,guidance,0,
17.699,97.3474,-0.15818,0.05176,pulse:0:0.320,93.3858,97.3474,3.9616,2.0723,guidance,0,
17.803,96.4298,-0.15652,0.05196,pulse:0:0.320,93.3858,96.4298,3.0440,2.0637,guidance,0,
17.902,95.5673,-0.15456,0.05161,pulse:0:0.320,93.3858,95.5673,2.1815,2.0655,guidance,0,
17.998,94.7473,-0.15159,0.05053,pulse:0:0.320,93.3858,94.7473,1.3615,1.9703,guidance,0,
18.102,93.8622,-0.14880,0.05035,pulse:0:0.320,93.3858,93.8622,0.4764,2.1434,guidance,0,
18.200,93.0475,-0.14713,0.05035,pulse:0:0.320,89.3639,93.0475,3.6837,1.9299,guidance,0,
18.297,92.2496,-0.14570,0.05037,pulse:0:0.320,89.3639,92.2496,2.8857,2.0295,guidance,0,
18.403,91.3789,-0.14502,0.05077,pulse:0:0.320,89.3639,91.3789,2.0151,1.8737,guidance,0,
18.500,90.5750,-0.14268,0.05060,pulse:0:0.320,89.3639,90.5750,1.2111,1.9178,guidance,0,
18.603,89.7346,-0.14118,0.05133,pulse:0:0.320,89.3639,89.7346,0.3707,1.9812,guidance,0,
18.701,88.9434,-0.13976,0.05193,pulse:0:0.320,85.4462,88.9434,3.4972,2.0024,guidance,0,
18.801,88.1524,-0.13947,0.05342,pulse:0:0.320,85.4462,88.1524,2.7062,1.9749,guidance,0,
18.898,87.3789,-0.13848,0.05408,pulse:0:0.320,85.4462,87.3789,1.9327,1.9108,guidance,0,
19.000,86.5931,-0.13761,0.05489,pulse:0:0.320,85.4462,86.5931,1.1469,2.0608,guidance,0,
19.102,85.8039,-0.13625,0.05591,pulse:0:0.320,85.4462,85.8039,0.3577,2.0743,guidance,0,
19.198,85.0330,-0.13714,0.05696,pulse:0:0.320,85.4462,85.0330,-0.4132,1.8902,guidance,0,
19.298,84.2698,-0.13712,0.05876,pulse:5:0.320,80.8399,84.2698,3.4299,2.0046,guidance,0,
19.397,83.4931,-0.13809,0.06111,pulse:5:0.320,80.8399,83.4931,2.6532,1.9705,guidance,0,
19.503,82.6593,-0.13822,0.06144,pulse:5:0.320,80.8399,82.6593,1.8194,1.9136,guidance,0,
19.601,81.8803,-0.13816,0.06230,pulse:5:0.320,80.8399,81.8803,1.0404,2.0663,guidance,0,
19.703,81.0839,-0.13834,0.06335,pulse:5:0.320,80.8399,81.0839,0.2440,1.9496,guidance,0,
19.797,80.3551,-0.13848,0.06492,pulse:5:0.320,80.8399,80.3551,-0.4848,1.9466,guidance,0,
19.901,79.5172,-0.13900,0.06531,pulse:5:0.320,76.0443,79.5172,3.4729,1.9373,guidance,0,
20.002,78.7113,-0.13925,0.06573,pulse:5:0.320,76.0443,78.7113,2.6670,1.8812,guidance,0,
20.099,77.9385,-0.14001,0.06634,pulse:5:0.320,76.0443,77.9385,1.8942,1.9878,guidance,0,
20.199,77.1563,-0.13916,0.06702,pulse:5:0.320,76.0443,77.1563,1.1120,2.0757,guidance,0,
20.298,76.3873,-0.13836,0.06645,pulse:5:0.320,76.0443,76.3873,0.3430,2.0205,guidance,0,
20.402,75.5737,-0.13817,0.06711,pulse:3+5:0.240,72.7428,75.5737,2.8308,1.9195,guidance,0,
20.500,74.7998,-0.13798,0.06720,pulse:3+5:0.240,72.7428,74.7998,2.0570,1.9352,guidance,0,
20.602,73.9995,-0.13728,0.06659,pulse:3+5:0.240,72.7428,73.9995,1.2567,1.8702,guidance,0,
20.703,73.2122,-0.13619,0.06659,pulse:3+5:0.240,72.7428,73.2122,0.4694,1.8290,guidance,0,
20.800,72.4643,-0.13546,0.06594,pulse:3+5:0.240,72.7428,72.4643,-0.2786,2.0402,guidance,0,
20.902,71.6902,-0.13458,0.06650,pulse:3+5:0.240,72.7428,71.6902,-1.0526,2.0206,guidance,0,
21.001,70.9216,-0.13429,0.06680,pulse:0+3:0.240,68.1718,70.9216,2.7498,1.8690,guidance,0,
21.103,70.1734,-0.13349,0.06782,pulse:0+3:0.240,68.1718,70.1734,2.0017,1.9398,guidance,0,
21.199,69.4497,-0.13163,0.06735,pulse:0+3:0.240,68.1718,69.4497,1.2779,1.9430,guidance,0,
21.300,68.6998,-0.13087,0.06619,pulse:0+3:0.240,68.1718,68.6998,0.5281,1.8239,guidance,0,
21.401,67.9469,-0.12886,0.06699,pulse:0+3:0.240,68.1718,67.9469,-0.2249,2.0451,guidance,0,
21.500,67.2309,-0.12853,0.06788,pulse:0+3:0.240,68.1718,67.2309,-0.9409,2.0982,guidance,0,
21.601,66.4920,-0.12790,0.06899,pulse:0+3:0.240,63.8754,66.4920,2.6166,1.9510,guidance,0,
21.697,65.7764,-0.12780,0.06991,pulse:0+3:0.240,63.8754,65.7764,1.9010,2.0334,guidance,0,
21.799,65.0563,-0.12648,0.07021,pulse:0+3:0.240,63.8754,65.0563,1.1810,1.8353,guidance,0,
21.898,64.3560,-0.12551,0.06957,pulse:0+3:0.240,63.8754,64.3560,0.4807,1.8699,guidance,0,
21.999,63.6394,-0.12498,0.07012,pulse:0+3:0.240,63.8754,63.6394,-0.2359,1.9702,guidance,0,
22.099,62.9350,-0.12424,0.07178,pulse:0+3:0.240,63.8754,62.9350,-0.9403,1.9526,guidance,0,
22.153,62.5648,-0.12402,0.07218,pulse:0+3:0.240,60.0304,62.5648,2.5344,1.9023,guidance,0,
22.301,61.5348,-0.12413,0.07440,pulse:0+3:0.240,60.0304,61.5348,1.5044,2.0252,guidance,0,
22.397,60.8625,-0.12361,0.07472,pulse:0+3:0.240,60.0304,60.8625,0.8321,1.8634,guidance,0,
22.499,60.1477,-0.12221,0.07463,pulse:0+3:0.240,60.0304,60.1477,0.1173,1.8007,guidance,0,
22.599,59.4457,-0.12136,0.07458,pulse:0+3:0.240,60.0304,59.4457,-0.5847,1.8801,guidance,0,
22.701,58.7352,-0.12108,0.07589,pulse:3+5:0.240,56.2648,58.7352,2.4704,1.8386,guidance,0,
22.801,58.0510,-0.12039,0.07759,pulse:3+5:0.240,56.2648,58.0510,1.7863,1.9381,guidance,0,
22.900,57.3711,-0.12002,0.07770,pulse:3+5:0.240,56.2648,57.3711,1.1064,1.8988,guidance,0,
23.000,56.6899,-0.11932,0.07812,pulse:3+5:0.240,56.2648,56.6899,0.4251,2.0318,guidance,0,
23.100,56.0000,-0.11836,0.07779,pulse:3+5:0.240,56.2648,56.0000,-0.2648,2.0690,guidance,0,
23.198,55.3453,-0.11775,0.07949,pulse:3+5:0.240,56.2648,55.3453,-0.9195,2.0666,guidance,0,
23.299,54.6705,-0.11679,0.08004,pulse:0+5:0.320,51.7899,54.6705,2.8806,1.8309,guidance,0,
23.397,54.0331,-0.11562,0.08046,pulse:0+5:0.320,51.7899,54.0331,2.2431,1.9219,guidance,0,
23.498,53.3827,-0.11377,0.08053,pulse:0+5:0.320,51.7899,53.3827,1.5928,1.7873,guidance,0,
23.600,52.7452,-0.11137,0.07958,pulse:0+5:0.320,51.7899,52.7452,0.9553,1.8154,guidance,0,
23.698,52.1573,-0.10836,0.07853,pulse:0+5:0.320,51.7899,52.1573,0.3673,1.8922,guidance,0,
23.802,51.5244,-0.10593,0.07854,pulse:3+5:0.240,49.3704,51.5244,2.1541,1.8857,guidance,0,
23.898,50.9484,-0.10510,0.07884,pulse:3+5:0.240,49.3704,50.9484,1.5780,1.8448,guidance,0,
23.998,50.3583,-0.10381,0.07800,pulse:3+5:0.240,49.3704,50.3583,0.9879,2.0032,guidance,0,
24.097,49.7595,-0.10294,0.07741,pulse:3+5:0.240,49.3704,49.7595,0.3892,1.9019,guidance,0,
24.199,49.1630,-0.10078,0.07752,pulse:3+5:0.240,49.3704,49.1630,-0.2074,1.8550,guidance,0,
24.301,48.5965,-0.10010,0.07801,pulse:3+5:0.240,49.3704,48.5965,-0.7739,1.7744,guidance,0,
24.398,48.0446,-0.09929,0.07871,pulse:0+5:0.320,45.6072,48.0446,2.4375,1.7783,guidance,0,
24.498,47.4951,-0.09769,0.08018,pulse:0+5:0.320,45.6072,47.4951,1.8879,1.7643,guidance,0,
24.603,46.9063,-0.09675,0.08061,pulse:0+5:0.320,45.6072,46.9063,1.2991,1.7455,guidance,0,
24.701,46.3626,-0.09468,0.08030,pulse:0+5:0.320,45.6072,46.3626,0.7554,1.8671,guidance,0,
24.802,45.8256,-0.09189,0.08028,pulse:0+5:0.320,45.6072,45.8256,0.2185,1.8461,guidance,0,
24.899,45.3392,-0.09054,0.08170,pulse:0+3:0.240,43.5060,45.3392,1.8331,1.9096,guidance,0,
25.003,44.7999,-0.09022,0.08324,pulse:0+3:0.240,43.5060,44.7999,1.2939,1.8461,guidance,0,
25.102,44.2880,-0.09000,0.08435,pulse:0+3:0.240,43.5060,44.2880,0.7820,1.9831,guidance,0,
25.197,43.7889,-0.08896,0.08387,pulse:0+3:0.240,43.5060,43.7889,0.2828,1.8529,guidance,0,
25.297,43.2718,-0.08903,0.08530,pulse:0+3:0.240,43.5060,43.2718,-0.2343,1.7297,guidance,0,
25.403,42.7398,-0.08833,0.08730,pulse:0+5:0.320,40.5932,42.7398,2.1466,1.9584,guidance,0,
25.454,42.4845,-0.08787,0.08841,pulse:0+5:0.320,40.5932,42.4845,1.8913,1.8865,guidance,0,
25.556,41.9754,-0.08773,0.09032,pulse:0+5:0.320,40.5932,41.9754,1.3823,1.8178,guidance,0,
25.657,41.4715,-0.08563,0.09132,pulse:0+5:0.320,40.5932,41.4715,0.8783,1.7482,guidance,0,
25.754,41.0147,-0.08427,0.09216,pulse:0+5:0.320,40.5932,41.0147,0.4215,1.7601,guidance,0,
25.853,40.5446,-0.08241,0.09216,pulse:0+5:0.320,40.5932,40.5446,-0.0486,1.7745,guidance,0,
25.957,40.0842,-0.08150,0.09422,pulse:0+5:0.320,38.1229,40.0842,1.9613,1.9567,guidance,0,
26.106,39.3827,-0.08034,0.09805,pulse:0+5:0.320,38.1229,39.3827,1.2598,1.8881,guidance,0,
26.208,38.9284,-0.07874,0.09844,pulse:0+5:0.320,38.1229,38.9284,0.8055,1.8518,guidance,0,
26.306,38.4946,-0.07618,0.09814,pulse:0+5:0.320,38.1229,38.4946,0.3717,1.8795,guidance,0,
26.404,38.0774,-0.07458,0.09760,pulse:0+5:0.320,38.1229,38.0774,-0.0455,1.8186,guidance,0,
26.504,37.6557,-0.07245,0.09879,pulse:0+5:0.320,35.9331,37.6557,1.7227,1.8757,guidance,0,
26.605,37.2516,-0.07077,0.09930,pulse:0+5:0.320,35.9331,37.2516,1.3185,1.8361,guidance,0,
26.702,36.8723,-0.06841,0.09913,pulse:0+5:0.320,35.9331,36.8723,0.9392,1.7006,guidance,0,
26.804,36.4654,-0.06552,0.09855,pulse:0+5:0.320,35.9331,36.4654,0.5323,1.7911,guidance,0,
26.908,36.0782,-0.06227,0.09704,pulse:0+5:0.320,35.9331,36.0782,0.1451,1.9370,guidance,0,
27.003,35.7484,-0.06050,0.09661,pulse:0+5:0.320,35.9331,35.7484,-0.1847,1.8810,guidance,0,
27.104,35.4022,-0.05891,0.09712,pulse:0+5:0.320,34.0204,35.4022,1.3819,1.7124,guidance,0,
27.204,35.0650,-0.05658,0.09781,pulse:0+5:0.320,34.0204,35.0650,1.0447,1.8631,guidance,0,
27.306,34.7596,-0.05418,0.09660,pulse:0+5:0.320,34.0204,34.7596,0.7393,1.9160,guidance,0,
27.405,34.4505,-0.05076,0.09502,pulse:0+5:0.320,34.0204,34.4505,0.4302,1.8956,guidance,0,
27.505,34.1688,-0.04848,0.09417,pulse:0+5:0.320,34.0204,34.1688,0.1484,1.7251,guidance,0,
27.606,33.8900,-0.04652,0.09331,pulse:0+5:0.320,32.8145,33.8900,1.0755,1.8648,guidance,0,
27.702,33.6372,-0.04422,0.09302,pulse:0+5:0.320,32.8145,33.6372,0.8227,1.7696,guidance,0,
27.804,33.3810,-0.04238,0.09279,pulse:0+5:0.320,32.8145,33.3810,0.5666,1.6956,guidance,0,
27.906,33.1543,-0.04031,0.09108,pulse:0+5:0.320,32.8145,33.1543,0.3399,1.8685,guidance,0,
28.006,32.9459,-0.03745,0.08980,pulse:0+5:0.320,32.8145,32.9459,0.1314,1.9327,guidance,0,
28.106,32.7169,-0.03609,0.08990,pulse:0+5:0.320,32.8145,32.7169,-0.0975,1.9154,guidance,0,
28.203,32.5249,-0.03396,0.09045,pulse:0+5:0.320,31.7610,32.5249,0.7640,1.8209,guidance,0,
28.306,32.3325,-0.03221,0.09088,pulse:0+5:0.320,31.7610,32.3325,0.5716,1.7678,guidance,0,
28.405,32.1637,-0.03128,0.09129,pulse:0+5:0.320,31.7610,32.1637,0.4027,1.6936,guidance,0,
28.505,31.9845,-0.02960,0.08971,pulse:0+5:0.320,31.7610,31.9845,0.2236,1.8195,guidance,0,
28.606,31.8105,-0.02796,0.08971,pulse:0+5:0.320,31.7610,31.8105,0.0495,1.6595,guidance,0,
28.705,31.6714,-0.02655,0.09006,pulse:0+5:0.320,31.0930,31.6714,0.5784,1.7852,guidance,0,
28.803,31.5379,-0.02538,0.09164,pulse:0+5:0.320,31.0930,31.5379,0.4449,1.9111,guidance,0,
28.903,31.3921,-0.02349,0.09130,pulse:0+5:0.320,31.0930,31.3921,0.2991,1.8359,guidance,0,
29.008,31.2536,-0.02267,0.09092,pulse:0+5:0.320,31.0930,31.2536,0.1606,1.8820,guidance,0,
29.107,31.1242,-0.02058,0.09087,pulse:0+5:0.320,31.0930,31.1242,0.0312,1.7763,guidance,0,
29.207,31.0137,-0.01879,0.09093,pulse:0+5:0.320,30.6317,31.0137,0.3820,1.7498,guidance,0,
29.305,30.8945,-0.01784,0.09265,pulse:0+5:0.320,30.6317,30.8945,0.2628,1.6596,guidance,0,
29.407,30.8040,-0.01605,0.09258,pulse:0+5:0.320,30.6317,30.8040,0.1723,1.7363,guidance,0,
29.503,30.7124,-0.01440,0.09168,pulse:0+5:0.320,30.6317,30.7124,0.0807,1.6821,guidance,0,
29.608,30.6323,-0.01233,0.09067,pulse:0+5:0.320,30.6317,30.6323,0.0006,1.7878,guidance,0,
29.706,30.5692,-0.01091,0.09085,pulse:0+5:0.320,30.6317,30.5692,-0.0625,1.7028,guidance,0,
29.805,30.5177,-0.00923,0.09159,pulse:0+5:0.320,30.3761,30.5177,0.1416,1.6959,guidance,0,
29.903,30.4734,-0.00678,0.09187,pulse:0+5:0.320,30.3761,30.4734,0.0973,1.6292,guidance,0,
30.003,30.4491,-0.00455,0.09049,pulse:0+5:0.320,30.3761,30.4491,0.0730,1.7286,guidance,0,
30.103,30.4225,-0.00370,0.08928,pulse:0+5:0.320,30.3761,30.4225,0.0464,1.6083,guidance,0,
30.206,30.4200,-0.00196,0.08667,pulse:0+5:0.320,30.3761,30.4200,0.0439,1.6410,guidance,0,
30.306,30.4115,-0.00079,0.08639,pulse:0+5:0.320,30.4706,30.4115,-0.0590,1.7213,guidance,0,
30.407,30.4417,0.00160,0.08582,pulse:0+5:0.320,30.4706,30.4417,-0.0289,1.6937,guidance,0,
30.503,30.4585,0.00320,0.08466,pulse:0+5:0.320,30.4706,30.4585,-0.0120,1.8373,guidance,0,
30.602,30.4816,0.00424,0.08219,pulse:0+5:0.320,30.4706,30.4816,0.0111,1.7663,guidance,0,
30.705,30.5050,0.00632,0.08043,pulse:0+5:0.320,30.4706,30.5050,0.0344,1.6398,guidance,0,
30.805,30.5558,0.00715,0.07914,pulse:0+5:0.320,30.4706,30.5558,0.0852,1.6708,guidance,0,
30.904,30.6091,0.00992,0.07864,pulse:0+3:0.240,30.8465,30.6091,-0.2375,1.7274,guidance,0,
31.004,30.6599,0.01084,0.07852,pulse:0+3:0.240,30.8465,30.6599,-0.1866,1.8391,guidance,0,
31.106,30.7498,0.01059,0.07685,pulse:0+3:0.240,30.8465,30.7498,-0.0967,1.8045,guidance,0,
31.205,30.8172,0.01083,0.07607,pulse:0+3:0.240,30.8465,30.8172,-0.0293,1.6963,guidance,0,
31.303,30.8835,0.01072,0.07504,pulse:0+3:0.240,30.8465,30.8835,0.0370,1.7775,guidance,0,
31.404,30.9226,0.01180,0.07458,pulse:0+5:0.320,31.2732,30.9226,-0.3506,1.7228,guidance,0,
31.506,30.9886,0.01318,0.07497,pulse:0+5:0.320,31.2732,30.9886,-0.2846,1.7382,guidance,0,
31.606,31.0759,0.01378,0.07365,pulse:0+5:0.320,31.2732,31.0759,-0.1973,1.7929,guidance,0,
31.708,31.1427,0.01415,0.07186,pulse:0+5:0.320,31.2732,31.1427,-0.1305,1.8289,guidance,0,
31.802,31.2113,0.01453,0.07000,pulse:0+5:0.320,31.2732,31.2113,-0.0619,1.8375,guidance,0,
31.904,31.2959,0.01532,0.06948,pulse:0+5:0.320,31.2732,31.2959,0.0227,1.7570,guidance,0,
32.003,31.3784,0.01616,0.07052,pulse:0+5:0.160,31.6565,31.3784,-0.2781,1.6662,guidance,0,
32.102,31.4433,0.01676,0.07075,pulse:0+5:0.160,31.6565,31.4433,-0.2132,1.6990,guidance,0,
32.202,31.5426,0.01716,0.06888,pulse:0+5:0.160,31.6565,31.5426,-0.1139,1.7179,guidance,0,
32.305,31.6534,0.01791,0.06816,pulse:0+5:0.160,31.6565,31.6534,-0.0031,1.6817,guidance,0,
32.408,31.7434,0.01820,0.06859,pulse:0+5:0.160,31.6565,31.7434,0.0869,1.6222,guidance,0,
32.505,31.8509,0.01926,0.06877,pulse:0+5:0.160,32.1770,31.8509,-0.3260,1.6038,guidance,0,
32.604,31.9503,0.01966,0.06898,pulse:0+5:0.160,32.1770,31.9503,-0.2266,1.6356,guidance,0,
32.705,32.0474,0.01967,0.06783,pulse:0+5:0.160,32.1770,32.0474,-0.1296,1.5711,guidance,0,
32.804,32.1664,0.01983,0.06594,pulse:0+5:0.160,32.1770,32.1664,-0.0106,1.5847,guidance,0,
32.904,32.2729,0.02114,0.06632,pulse:0+5:0.160,32.1770,32.2729,0.0959,1.5356,guidance,0,
33.004,32.3921,0.02154,0.06592,pulse:0+5:0.160,32.1770,32.3921,0.2152,1.5362,guidance,0,
33.105,32.5198,0.02224,0.06533,pulse:0+3:0.160,32.8862,32.5198,-0.3664,1.7336,guidance,0,
33.206,32.6629,0.02351,0.06550,pulse:0+3:0.160,32.8862,32.6629,-0.2233,1.7136,guidance,0,
33.305,32.7911,0.02196,0.06372,pulse:0+3:0.160,32.8862,32.7911,-0.0951,1.5919,guidance,0,
33.408,32.9213,0.02153,0.06296,pulse:0+3:0.160,32.8862,32.9213,0.0351,1.6083,guidance,0,
33.502,33.0385,0.02257,0.06222,pulse:0+3:0.160,32.8862,33.0385,0.1524,1.5304,guidance,0,
33.605,33.1730,0.02302,0.06127,pulse:0+3:0.160,33.5494,33.1730,-0.3764,1.7639,guidance,0,
33.703,33.3055,0.02356,0.06042,pulse:0+3:0.160,33.5494,33.3055,-0.2439,1.6824,guidance,0,
33.808,33.4620,0.02372,0.05976,pulse:0+3:0.160,33.5494,33.4620,-0.0874,1.5655,guidance,0,
33.906,33.6044,0.02336,0.05864,pulse:0+3:0.160,33.5494,33.6044,0.0550,1.6570,guidance,0,
34.007,33.7478,0.02384,0.05731,pulse:0+3:0.160,33.5494,33.7478,0.1984,1.5359,guidance,0,
34.105,33.8816,0.02483,0.05711,pulse:0+3:0.160,33.5494,33.8816,0.3323,1.7427,guidance,0,
34.202,34.0222,0.02530,0.05683,pulse:0+3:0.160,34.4327,34.0222,-0.4106,1.5817,guidance,0,
34.305,34.1632,0.02636,0.05671,pulse:0+3:0.160,34.4327,34.1632,-0.2695,1.7340,guidance,0,
34.406,34.3218,0.02615,0.05641,pulse:0+3:0.160,34.4327,34.3218,-0.1109,1.6025,guidance,0,
34.500,34.4578,0.02499,0.05467,pulse:0+3:0.160,34.4327,34.4578,0.0251,1.6935,guidance,0,
34.598,34.5995,0.02565,0.05464,pulse:0+3:0.160,34.4327,34.5995,0.1668,1.7336,guidance,0,
34.700,34.7558,0.02709,0.05540,pulse:0+3:0.160,34.4327,34.7558,0.3231,1.7217,guidance,0,
34.799,34.9076,0.02726,0.05511,pulse:0+3:0.160,35.3484,34.9076,-0.4408,1.5514,guidance,0,
34.898,35.0579,0.02751,0.05540,pulse:0+3:0.160,35.3484,35.0579,-0.2905,1.6888,guidance,0,
34.998,35.2235,0.02802,0.05510,pulse:0+3:0.160,35.3484,35.2235,-0.1250,1.5266,guidance,0,
35.099,35.3978,0.02652,0.05487,pulse:0+3:0.160,35.3484,35.3978,0.0494,1.5169,guidance,0,
35.201,35.5692,0.02822,0.05550,pulse:0+3:0.160,35.3484,35.5692,0.2208,1.5442,guidance,0,
35.298,35.7481,0.02822,0.05596,pulse:0+3:0.160,35.3484,35.7481,0.3997,1.7456,guidance,0,
35.400,35.9068,0.02842,0.05648,pulse:0+3:0.160,36.3663,35.9068,-0.4596,1.7193,guidance,0,
35.499,36.0618,0.02994,0.05651,pulse:0+3:0.160,36.3663,36.0618,-0.3046,1.5372,guidance,0,
35.602,36.2386,0.02897,0.05645,pulse:0+3:0.160,36.3663,36.2386,-0.1277,1.6474,guidance,0,
35.701,36.3765,0.02796,0.05667,pulse:0+3:0.160,36.3663,36.3765,0.0101,1.6634,guidance,0,
35.800,36.5140,0.02906,0.05701,pulse:0+3:0.160,36.3663,36.5140,0.1476,1.5192,guidance,0,
35.900,36.6847,0.03005,0.05665,pulse:0+3:0.160,36.3663,36.6847,0.3184,1.4751,guidance,0,
36.000,36.8642,0.03018,0.05724,pulse:0+3:0.160,37.3518,36.8642,-0.4876,1.6059,guidance,0,
36.052,36.9719,0.03012,0.05685,pulse:0+3:0.160,37.3518,36.9719,-0.3798,1.5004,guidance,0,
36.199,37.1996,0.02937,0.05672,pulse:0+3:0.160,37.3518,37.1996,-0.1522,1.6189,guidance,0,
36.298,37.3484,0.02814,0.05552,pulse:0+3:0.160,37.3518,37.3484,-0.0034,1.5642,guidance,0,
36.401,37.5135,0.02922,0.05541,pulse:0+3:0.160,37.3518,37.5135,0.1617,1.5895,guidance,0,
36.499,37.6798,0.02905,0.05409,pulse:0+3:0.160,37.3518,37.6798,0.3280,1.5255,guidance,0,
36.603,37.8594,0.02946,0.05381,pulse:0+3:0.160,38.3340,37.8594,-0.4746,1.6598,guidance,0,
36.698,38.0119,0.02961,0.05335,pulse:0+3:0.160,38.3340,38.0119,-0.3221,1.7378,guidance,0,
36.800,38.1770,0.02806,0.05298,pulse:0+3:0.160,38.3340,38.1770,-0.1570,1.7767,guidance,0,
36.900,38.3286,0.02709,0.05138,pulse:0+3:0.160,38.3340,38.3286,-0.0055,1.7612,guidance,0,
36.999,38.4791,0.02657,0.05144,pulse:0+3:0.160,38.3340,38.4791,0.1450,1.5981,guidance,0,
37.098,38.6304,0.02741,0.05040,pulse:0+3:0.160,38.3340,38.6304,0.2964,1.7069,guidance,0,
37.200,38.8095,0.02745,0.04952,pulse:0+3:0.160,39.2501,38.8095,-0.4406,1.6330,guidance,0,
37.299,38.9781,0.02754,0.04855,pulse:0+3:0.160,39.2501,38.9781,-0.2720,1.7507,guidance,0,
37.400,39.1360,0.02593,0.04839,pulse:0+3:0.160,39.2501,39.1360,-0.1141,1.7019,guidance,0,
37.500,39.2856,0.02505,0.04801,pulse:0+3:0.160,39.2501,39.2856,0.0355,1.5608,guidance,0,
37.601,39.4461,0.02508,0.04774,pulse:0+3:0.160,39.2501,39.4461,0.1960,1.5771,guidance,0,
37.703,39.5708,0.02649,0.04699,pulse:0+3:0.160,39.9950,39.5708,-0.4242,1.6537,guidance,0,
37.802,39.7018,0.02625,0.04752,pulse:0+3:0.160,39.9950,39.7018,-0.2932,1.6213,guidance,0,
37.899,39.8460,0.02535,0.04763,pulse:0+3:0.160,39.9950,39.8460,-0.1490,1.6225,guidance,0,
37.998,39.9869,0.02323,0.04717,pulse:0+3:0.160,39.9950,39.9869,-0.0081,1.5156,guidance,0,
38.100,40.1317,0.02484,0.04775,pulse:0+3:0.160,39.9950,40.1317,0.1367,1.4516,guidance,0,
38.200,40.2726,0.02518,0.04746,pulse:0+3:0.160,39.9950,40.2726,0.2776,1.6023,guidance,0,
38.297,40.4195,0.02602,0.04819,pulse:0+5:0.160,40.8391,40.4195,-0.4196,1.5260,guidance,0,
38.400,40.5550,0.02671,0.04833,pulse:0+5:0.160,40.8391,40.5550,-0.2841,1.6074,guidance,0,
38.498,40.7159,0.02621,0.04773,pulse:0+5:0.160,40.8391,40.7159,-0.1232,1.6763,guidance,0,
38.599,40.8543,0.02581,0.04669,pulse:0+5:0.160,40.8391,40.8543,0.0152,1.5312,guidance,0,
38.697,41.0167,0.02615,0.04673,pulse:0+5:0.160,40.8391,41.0167,0.1776,1.6331,guidance,0,
38.799,41.1838,0.02733,0.04775,pulse:0+5:0.160,41.6238,41.1838,-0.4400,1.4808,guidance,0,
38.897,41.3384,0.02784,0.04835,pulse:0+5:0.160,41.6238,41.3384,-0.2854,1.6150,guidance,0,
39.001,41.5072,0.02698,0.04664,pulse:0+5:0.160,41.6238,41.5072,-0.1166,1.6503,guidance,0,
39.101,41.6497,0.02655,0.04671,pulse:0+5:0.160,41.6238,41.6497,0.0259,1.7294,guidance,0,
39.202,41.8136,0.02737,0.04644,pulse:0+5:0.160,41.6238,41.8136,0.1898,1.5860,guidance,0,
39.301,41.9662,0.02822,0.04638,pulse:0+5:0.160,42.4199,41.9662,-0.4537,1.5419,guidance,0,
39.400,42.1357,0.02909,0.04582,pulse:0+5:0.160,42.4199,42.1357,-0.2842,1.5356,guidance,0,
39.498,42.2959,0.02790,0.04487,pulse:0+5:0.160,42.4199,42.2959,-0.1240,1.6577,guidance,0,
39.600,42.4427,0.02769,0.04461,pulse:0+5:0.160,42.4199,42.4427,0.0228,1.5952,guidance,0,
39.699,42.6052,0.02817,0.04348,pulse:0+5:0.160,42.4199,42.6052,0.1853,1.5288,guidance,0,
39.799,42.7626,0.02806,0.04359,pulse:0+5:0.160,42.4199,42.7626,0.3427,1.5325,guidance,0,
39.901,42.9243,0.02859,0.04320,pulse:0+5:0.160,43.3827,42.9243,-0.4584,1.4810,guidance,0,
39.999,43.0846,0.02895,0.04239,pulse:0+5:0.160,43.3827,43.0846,-0.2981,1.6329,guidance,0,
40.098,43.2687,0.02787,0.04027,pulse:0+5:0.160,43.3827,43.2687,-0.1140,1.6013,guidance,0,
40.198,43.4252,0.02677,0.03975,pulse:0+5:0.160,43.3827,43.4252,0.0425,1.6122,guidance,0,
40.303,43.5977,0.02710,0.03915,pulse:0+5:0.160,43.3827,43.5977,0.2150,1.4681,guidance,0,
40.402,43.7565,0.02697,0.03890,pulse:0+5:0.160,44.1878,43.7565,-0.4313,1.4350,guidance,0,
40.503,43.9364,0.02818,0.03832,pulse:0+5:0.160,44.1878,43.9364,-0.2514,1.5185,guidance,0,
40.603,44.0696,0.02632,0.03690,pulse:0+5:0.160,44.1878,44.0696,-0.1183,1.5574,guidance,0,
40.702,44.1983,0.02425,0.03665,pulse:0+5:0.160,44.1878,44.1983,0.0105,1.6544,guidance,0,
40.803,44.3474,0.02492,0.03585,pulse:0+5:0.160,44.1878,44.3474,0.1595,1.5742,guidance,0,
40.899,44.4781,0.02569,0.03555,pulse:0+5:0.160,44.1878,44.4781,0.2903,1.6178,guidance,0,
41.000,44.6112,0.02547,0.03525,pulse:0+5:0.160,45.0175,44.6112,-0.4063,1.6902,guidance,0,
41.100,44.7715,0.02567,0.03597,pulse:0+5:0.160,45.0175,44.7715,-0.2460,1.7227,guidance,0,
41.200,44.9090,0.02467,0.03561,pulse:0+5:0.160,45.0175,44.9090,-0.1085,1.6097,guidance,0,
41.302,45.0373,0.02309,0.03429,pulse:0+5:0.160,45.0175,45.0373,0.0198,1.4976,guidance,0,
41.398,45.1475,0.02406,0.03494,pulse:0+5:0.160,45.0175,45.1475,0.1300,1.5760,guidance,0,
41.498,45.2796,0.02397,0.03525,pulse:0+5:0.160,45.0175,45.2796,0.2621,1.5212,guidance,0,
41.598,45.4316,0.02390,0.03467,pulse:0+5:0.160,45.8123,45.4316,-0.3806,1.4919,guidance,0,
41.701,45.5662,0.02420,0.03558,pulse:0+5:0.160,45.8123,45.5662,-0.2461,1.6021,guidance,0,
41.801,45.7031,0.02327,0.03510,pulse:0+5:0.160,45.8123,45.7031,-0.1092,1.4420,guidance,0,
41.900,45.8294,0.02255,0.03431,pulse:0+5:0.160,45.8123,45.8294,0.0171,1.5320,guidance,0,
42.000,45.9590,0.02303,0.03442,pulse:0+5:0.160,45.8123,45.9590,0.1468,1.6746,guidance,0,
42.102,46.1000,0.02320,0.03554,pulse:0+5:0.160,46.4695,46.1000,-0.3695,1.6682,guidance,0,
42.197,46.2249,0.02326,0.03498,pulse:0+5:0.160,46.4695,46.2249,-0.2446,1.5512,guidance,0,
42.301,46.3505,0.02209,0.03491,pulse:0+5:0.160,46.4695,46.3505,-0.1190,1.4910,guidance,0,
42.402,46.4933,0.02164,0.03387,pulse:0+5:0.160,46.4695,46.4933,0.0238,1.6284,guidance,0,
42.501,46.6230,0.02168,0.03434,pulse:0+5:0.160,46.4695,46.6230,0.1535,1.6871,guidance,0,
42.598,46.7340,0.02236,0.03405,pulse:0+5:0.160,46.4695,46.7340,0.2645,1.5332,guidance,0,
42.701,46.8629,0.02171,0.03389,pulse:0+5:0.160,47.2081,46.8629,-0.3452,1.4310,guidance,0,
42.800,46.9863,0.02204,0.03377,pulse:0+5:0.160,47.2081,46.9863,-0.2218,1.4938,guidance,0,
42.900,47.1108,0.02111,0.03319,pulse:0+5:0.160,47.2081,47.1108,-0.0973,1.6558,guidance,0,
42.999,47.2217,0.02013,0.03184,pulse:0+5:0.160,47.2081,47.2217,0.0136,1.5171,guidance,0,
43.101,47.3393,0.02025,0.03157,pulse:0+5:0.160,47.2081,47.3393,0.1312,1.6568,guidance,0,
43.198,47.4481,0.02027,0.03121,pulse:0+5:0.160,47.2081,47.4481,0.2400,1.4951,guidance,0,
43.298,47.5520,0.02081,0.03054,pulse:0+5:0.160,47.8819,47.5520,-0.3299,1.6206,guidance,0,
43.398,47.6749,0.02120,0.03085,pulse:0+5:0.160,47.8819,47.6749,-0.2070,1.6729,guidance,0,
43.499,47.8012,0.01985,0.02950,pulse:0+5:0.160,47.8819,47.8012,-0.0807,1.4832,guidance,0,
43.597,47.9047,0.01902,0.02865,pulse:0+5:0.160,47.8819,47.9047,0.0228,1.4532,guidance,0,
43.703,48.0195,0.01884,0.02802,pulse:0+5:0.160,47.8819,48.0195,0.1376,1.6200,guidance,0,
43.802,48.1204,0.01929,0.02783,pulse:0+5:0.160,48.4254,48.1204,-0.3050,1.6488,guidance,0,
43.903,48.2361,0.01912,0.02719,pulse:0+5:0.160,48.4254,48.2361,-0.1893,1.6361,guidance,0,
44.001,48.3417,0.01880,0.02663,pulse:0+5:0.160,48.4254,48.3417,-0.0837,1.4868,guidance,0,
44.101,48.4388,0.01750,0.02542,pulse:0+5:0.160,48.4254,48.4388,0.0134,1.5297,guidance,0,
44.202,48.5524,0.01853,0.02625,pulse:0+5:0.160,48.4254,48.5524,0.1270,1.4308,guidance,0,
44.298,48.6702,0.01807,0.02506,pulse:0+5:0.160,48.4254,48.6702,0.2447,1.4491,guidance,0,
44.403,48.7543,0.01808,0.02534,pulse:0+5:0.160,49.0396,48.7543,-0.2852,1.4338,guidance,0,
44.498,48.8580,0.01939,0.02551,pulse:0+5:0.160,49.0396,48.8580,-0.1816,1.5644,guidance,0,
44.599,48.9595,0.01826,0.02515,pulse:0+5:0.160,49.0396,48.9595,-0.0801,1.5213,guidance,0,
44.697,49.0413,0.01663,0.02505,pulse:0+5:0.160,49.0396,49.0413,0.0017,1.5162,guidance,0,
44.798,49.1227,0.01649,0.02517,pulse:0+5:0.160,49.0396,49.1227,0.0831,1.4805,guidance,0,
44.898,49.2254,0.01724,0.02587,pulse:0+5:0.160,49.0396,49.2254,0.1859,1.6059,guidance,0,
44.999,49.3232,0.01760,0.02543,pulse:0+5:0.160,49.6007,49.3232,-0.2775,1.4616,guidance,0,
45.102,49.4380,0.01761,0.02612,pulse:0+5:0.160,49.6007,49.4380,-0.1627,1.5876,guidance,0,
45.201,49.5369,0.01687,0.02645,pulse:0+5:0.160,49.6007,49.5369,-0.0638,1.6044,guidance,0,
45.300,49.6350,0.01592,0.02537,pulse:0+5:0.160,49.6007,49.6350,0.0343,1.4082,guidance,0,
45.401,49.7149,0.01616,0.02554,pulse:0+5:0.160,49.6007,49.7149,0.1142,1.5928,guidance,0,
45.501,49.8149,0.01650,0.02532,pulse:0+5:0.160,50.0747,49.8149,-0.2598,1.6226,guidance,0,
45.602,49.9219,0.01604,0.02708,pulse:0+5:0.160,50.0747,49.9219,-0.1528,1.5478,guidance,0,
45.702,49.9912,0.01581,0.02582,pulse:0+5:0.160,50.0747,49.9912,-0.0835,1.4487,guidance,0,
45.798,50.0588,0.01398,0.02487,pulse:0+5:0.160,50.0747,50.0588,-0.0159,1.5533,guidance,0,
45.899,50.1269,0.01392,0.02549,pulse:0+5:0.160,50.0747,50.1269,0.0521,1.5241,guidance,0,
45.997,50.2028,0.01366,0.02506,pulse:0+5:0.160,50.0747,50.2028,0.1281,1.5068,guidance,0,
46.100,50.2839,0.01431,0.02481,pulse:0+5:0.160,50.5084,50.2839,-0.2245,1.5240,guidance,0,
46.203,50.3577,0.01439,0.02478,pulse:0+5:0.160,50.5084,50.3577,-0.1507,1.4655,guidance,0,
46.298,50.4382,0.01230,0.02396,pulse:0+5:0.160,50.5084,50.4382,-0.0702,1.4512,guidance,0,
46.402,50.5077,0.01164,0.02295,pulse:0+5:0.160,50.5084,50.5077,-0.0007,1.4512,guidance,0,
46.500,50.5838,0.01117,0.02354,pulse:0+5:0.160,50.5084,50.5838,0.0754,1.3719,guidance,0,
46.600,50.6255,0.01073,0.02280,pulse:0+5:0.320,50.8680,50.6255,-0.2425,1.3329,guidance,0,
46.698,50.6982,0.01088,0.02287,pulse:0+5:0.320,50.8680,50.6982,-0.1698,1.5517,guidance,0,
46.799,50.7682,0.00937,0.02158,pulse:0+5:0.320,50.8680,50.7682,-0.0998,1.4358,guidance,0,
46.901,50.8032,0.00825,0.02062,pulse:0+5:0.320,50.8680,50.8032,-0.0648,1.3715,guidance,0,
46.997,50.8346,0.00637,0.01978,pulse:0+5:0.320,50.8680,50.8346,-0.0334,1.4306,guidance,0,
47.098,50.8744,0.00596,0.01974,pulse:0+5:0.320,50.8680,50.8744,0.0064,1.5805,guidance,0,
47.202,50.9159,0.00582,0.01950,pulse:0+5:0.320,51.0338,50.9159,-0.1179,1.4284,guidance,0,
47.298,50.9276,0.00569,0.01948,pulse:0+5:0.320,51.0338,50.9276,-0.1062,1.4236,guidance,0,
47.403,50.9598,0.00445,0.01900,pulse:0+5:0.320,51.0338,50.9598,-0.0740,1.5503,guidance,0,
47.500,50.9725,0.00341,0.01866,pulse:0+5:0.320,51.0338,50.9725,-0.0613,1.4972,guidance,0,
47.598,50.9754,0.00167,0.01804,pulse:0+5:0.320,51.0338,50.9754,-0.0584,1.4219,guidance,0,
47.699,51.0101,0.00113,0.01709,pulse:0+5:0.320,51.0338,51.0101,-0.0237,1.4349,guidance,0,
47.798,51.0266,0.00228,0.01802,pulse:0+5:0.320,51.0547,51.0266,-0.0281,1.4361,guidance,0,
47.898,51.0478,0.00291,0.01810,pulse:0+5:0.320,51.0547,51.0478,-0.0069,1.5543,guidance,0,
48.003,51.0788,0.00257,0.01767,pulse:0+5:0.320,51.0547,51.0788,0.0241,1.5573,guidance,0,
48.099,51.0772,0.00072,0.01727,pulse:0+5:0.320,51.0547,51.0772,0.0225,1.4379,guidance,0,
48.200,51.0804,-0.00051,0.01723,pulse:0+5:0.320,51.0547,51.0804,0.0257,1.3265,guidance,0,
48.302,51.0853,-0.00042,0.01652,pulse:0+5:0.320,51.0449,51.0853,0.0404,1.4156,guidance,0,
48.399,51.0754,0.00009,0.01778,pulse:0+5:0.320,51.0449,51.0754,0.0305,1.5169,guidance,0,
48.501,51.0649,-0.00120,0.01752,pulse:0+5:0.320,51.0449,51.0649,0.0200,1.3652,guidance,0,
48.603,51.0347,-0.00205,0.01689,pulse:0+5:0.320,51.0449,51.0347,-0.0102,1.4522,guidance,0,
48.702,51.0273,-0.00347,0.01617,pulse:0+5:0.320,51.0449,51.0273,-0.0176,1.5347,guidance,0,
48.802,51.0215,-0.00370,0.01589,pulse:5:0.320,50.9189,51.0215,0.1026,1.5762,guidance,0,
48.901,51.0236,-0.00309,0.01668,pulse:5:0.320,50.9189,51.0236,0.1047,1.3699,guidance,0,
48.999,51.0076,-0.00256,0.01560,pulse:5:0.320,50.9189,51.0076,0.0888,1.3649,guidance,0,
49.097,51.0128,-0.00292,0.01472,pulse:5:0.320,50.9189,51.0128,0.0939,1.4483,guidance,0,
49.200,51.0111,-0.00333,0.01401,pulse:5:0.320,50.9189,51.0111,0.0922,1.3873,guidance,0,
49.302,50.9996,-0.00355,0.01339,pulse:0:0.320,50.8905,50.9996,0.1092,1.5190,guidance,0,
49.403,50.9750,-0.00272,0.01349,pulse:0:0.320,50.8905,50.9750,0.0845,1.4722,guidance,0,
49.502,50.9428,-0.00393,0.01343,pulse:0:0.320,50.8905,50.9428,0.0524,1.3192,guidance,0,
49.599,50.8986,-0.00515,0.01370,pulse:0:0.320,50.8905,50.8986,0.0082,1.3270,guidance,0,
49.699,50.8722,-0.00624,0.01372,pulse:0:0.320,50.8905,50.8722,-0.0182,1.3473,guidance,0,
49.803,50.8364,-0.00672,0.01380,pulse:0:0.320,50.6474,50.8364,0.1890,1.4831,guidance,0,
49.901,50.7900,-0.00681,0.01338,pulse:0:0.320,50.6474,50.7900,0.1426,1.4722,guidance,0,
49.999,50.7558,-0.00816,0.01322,pulse:0:0.320,50.6474,50.7558,0.1084,1.5182,guidance,0,
50.099,50.7100,-0.00892,0.01270,pulse:0:0.320,50.6474,50.7100,0.0626,1.4848,guidance,0,
50.200,50.6594,-0.01025,0.01320,pulse:0:0.320,50.6474,50.6594,0.0120,1.4184,guidance,0,
50.298,50.6205,-0.01084,0.01364,pulse:0:0.320,50.6474,50.6205,-0.0269,1.3749,guidance,0,
50.399,50.5445,-0.01102,0.01277,pulse:5:0.320,50.2565,50.5445,0.2881,1.4657,guidance,0,
50.500,50.4844,-0.01087,0.01309,pulse:5:0.320,50.2565,50.4844,0.2279,1.3808,guidance,0,
50.598,50.4116,-0.01097,0.01268,pulse:5:0.320,50.2565,50.4116,0.1552,1.2780,guidance,0,
50.698,50.3365,-0.01207,0.01172,pulse:5:0.320,50.2565,50.3365,0.0800,1.2694,guidance,0,
50.802,50.2621,-0.01229,0.01078,pulse:5:0.320,50.2565,50.2621,0.0056,1.2875,guidance,0,
50.902,50.1885,-0.01221,0.01076,pulse:0:0.320,49.8606,50.1885,0.3279,1.4260,guidance,0,
51.001,50.1214,-0.01237,0.01127,pulse:0:0.320,49.8606,50.1214,0.2608,1.3387,guidance,0,
51.102,50.0393,-0.01310,0.01149,pulse:0:0.320,49.8606,50.0393,0.1788,1.3346,guidance,0,
51.203,49.9453,-0.01482,0.01258,pulse:0:0.320,49.8606,49.9453,0.0847,1.4774,guidance,0,
51.302,49.8518,-0.01595,0.01250,pulse:0:0.320,49.8606,49.8518,-0.0088,1.4445,guidance,0,
51.402,49.7332,-0.01611,0.01293,pulse:0:0.320,49.8606,49.7332,-0.1274,1.4799,guidance,0,
51.497,49.6507,-0.01489,0.01357,pulse:5:0.320,49.2649,49.6507,0.3857,1.3389,guidance,0,
51.599,49.5518,-0.01592,0.01378,pulse:5:0.320,49.2649,49.5518,0.2869,1.3975,guidance,0,
51.700,49.4536,-0.01562,0.01401,pulse:5:0.320,49.2649,49.4536,0.1887,1.4884,guidance,0,
51.799,49.3787,-0.01571,0.01333,pulse:5:0.320,49.2649,49.3787,0.1137,1.2873,guidance,0,
51.897,49.2878,-0.01634,0.01202,pulse:5:0.320,49.2649,49.2878,0.0228,1.2944,guidance,0,
51.997,49.1837,-0.01603,0.01274,pulse:5:0.320,49.2649,49.1837,-0.0812,1.2537,guidance,0,
52.099,49.0851,-0.01605,0.01264,pulse:5:0.320,48.6697,49.0851,0.4154,1.3712,guidance,0,
52.202,48.9947,-0.01635,0.01268,pulse:5:0.320,48.6697,48.9947,0.3251,1.4599,guidance,0,
52.303,48.9045,-0.01612,0.01218,pulse:5:0.320,48.6697,48.9045,0.2348,1.4068,guidance,0,
52.402,48.8170,-0.01673,0.01184,pulse:5:0.320,48.6697,48.8170,0.1473,1.4319,guidance,0,
52.503,48.7228,-0.01788,0.01138,pulse:5:0.320,48.6697,48.7228,0.0531,1.3722,guidance,0,
52.602,48.6490,-0.01728,0.00974,pulse:5:0.320,48.2020,48.6490,0.4469,1.4815,guidance,0,
52.698,48.5462,-0.01680,0.01000,pulse:5:0.320,48.2020,48.5462,0.3441,1.3826,guidance,0,
52.800,48.4400,-0.01798,0.00943,pulse:5:0.320,48.2020,48.4400,0.2380,1.3440,guidance,0,
52.901,48.3382,-0.01763,0.00802,pulse:5:0.320,48.2020,48.3382,0.1361,1.2803,guidance,0,
53.002,48.2226,-0.01838,0.00733,pulse:5:0.320,48.2020,48.2226,0.0206,1.3364,guidance,0,
53.098,48.1246,-0.01903,0.00648,pulse:5:0.320,48.2020,48.1246,-0.0775,1.3969,guidance,0,
53.198,48.0136,-0.01907,0.00583,pulse:0:0.320,47.5127,48.0136,0.5010,1.5007,guidance,0,
53.302,47.9063,-0.01901,0.00614,pulse:0:0.320,47.5127,47.9063,0.3936,1.3963,guidance,0,
53.397,47.7976,-0.02061,0.00596,pulse:0:0.320,47.5127,47.7976,0.2849,1.2515,guidance,0,
53.502,47.6666,-0.02082,0.00635,pulse:0:0.320,47.5127,47.6666,0.1539,1.2432,guidance,0,
53.599,47.5334,-0.02262,0.00644,pulse:0:0.320,47.5127,47.5334,0.0207,1.3963,guidance,0,
53.697,47.4110,-0.02302,0.00593,pulse:0:0.320,47.5127,47.4110,-0.1017,1.3082,guidance,0,
53.800,47.2534,-0.02268,0.00668,pulse:0:0.320,46.6614,47.2534,0.5920,1.2506,guidance,0,
53.900,47.1001,-0.02325,0.00576,pulse:0:0.320,46.6614,47.1001,0.4388,1.3075,guidance,0,
54.000,46.9718,-0.02346,0.00687,pulse:0:0.320,46.6614,46.9718,0.3105,1.3409,guidance,0,
54.102,46.8177,-0.02477,0.00792,pulse:0:0.320,46.6614,46.8177,0.1564,1.3108,guidance,0,
54.198,46.6700,-0.02604,0.00762,pulse:0:0.320,46.6614,46.6700,0.0086,1.3753,guidance,0,
54.303,46.5173,-0.02618,0.00760,pulse:5:0.320,45.8457,46.5173,0.6716,1.2470,guidance,0,
54.402,46.3661,-0.02625,0.00813,pulse:5:0.320,45.8457,46.3661,0.5204,1.3424,guidance,0,
54.499,46.2173,-0.02611,0.00835,pulse:5:0.320,45.8457,46.2173,0.3715,1.2375,guidance,0,
54.602,46.0481,-0.02630,0.00727,pulse:5:0.320,45.8457,46.0481,0.2023,1.4168,guidance,0,
54.697,45.9078,-0.02678,0.00740,pulse:5:0.320,45.8457,45.9078,0.0621,1.4032,guidance,0,
54.799,45.7712,-0.02636,0.00704,pulse:5:0.320,45.8457,45.7712,-0.0745,1.4774,guidance,0,
54.899,45.6154,-0.02622,0.00689,pulse:5:0.320,44.9425,45.6154,0.6728,1.4669,guidance,0,
55.000,45.4811,-0.02561,0.00693,pulse:5:0.320,44.9425,45.4811,0.5385,1.3128,guidance,0,
55.098,45.3500,-0.02572,0.00743,pulse:5:0.320,44.9425,45.3500,0.4075,1.4241,guidance,0,
55.202,45.2127,-0.02585,0.00662,pulse:5:0.320,44.9425,45.2127,0.2702,1.2656,guidance,0,
55.298,45.0688,-0.02673,0.00580,pulse:5:0.320,44.9425,45.0688,0.1262,1.2684,guidance,0,
55.398,44.9138,-0.02656,0.00548,pulse:5:0.320,44.9425,44.9138,-0.0288,1.3596,guidance,0,
55.502,44.7490,-0.02635,0.00520,pulse:0:0.320,44.0647,44.7490,0.6844,1.2230,guidance,0,
55.602,44.5905,-0.02631,0.00520,pulse:0:0.320,44.0647,44.5905,0.5258,1.2525,guidance,0,
55.700,44.4322,-0.02735,0.00633,pulse:0:0.320,44.0647,44.4322,0.3675,1.2170,guidance,0,
55.800,44.2608,-0.02876,0.00660,pulse:0:0.320,44.0647,44.2608,0.1961,1.3304,guidance,0,
55.899,44.0934,-0.02971,0.00616,pulse:0:0.320,44.0647,44.0934,0.0288,1.4015,guidance,0,
56.002,43.9309,-0.03084,0.00680,pulse:5:0.320,43.1415,43.9309,0.7893,1.2390,guidance,0,
56.098,43.7488,-0.03059,0.00606,pulse:5:0.320,43.1415,43.7488,0.6073,1.3034,guidance,0,
56.202,43.5574,-0.03123,0.00568,pulse:5:0.320,43.1415,43.5574,0.4158,1.3689,guidance,0,
56.299,43.3567,-0.03189,0.00440,pulse:5:0.320,43.1415,43.3567,0.2151,1.4601,guidance,0,
56.397,43.1669,-0.03271,0.00363,pulse:5:0.320,43.1415,43.1669,0.0254,1.2710,guidance,0,
56.502,42.9484,-0.03278,0.00315,pulse:5:0.320,43.1415,42.9484,-0.1932,1.3611,guidance,0,
56.598,42.7806,-0.03299,0.00356,pulse:0:0.320,41.9286,42.7806,0.8520,1.3844,guidance,0,
56.702,42.5947,-0.03316,0.00284,pulse:0:0.320,41.9286,42.5947,0.6661,1.4559,guidance,0,
56.801,42.3952,-0.03415,0.00270,pulse:0:0.320,41.9286,42.3952,0.4667,1.2711,guidance,0,
56.897,42.1945,-0.03399,0.00282,pulse:0:0.320,41.9286,42.1945,0.2659,1.3654,guidance,0,
57.003,42.0018,-0.03306,0.00259,pulse:0:0.320,41.9286,42.0018,0.0732,1.3426,guidance,0,
57.097,41.8174,-0.03285,0.00264,pulse:0:0.320,41.9286,41.8174,-0.1111,1.3155,guidance,0,
57.199,41.6418,-0.03283,0.00279,pulse:0+5:0.320,40.7815,41.6418,0.8603,1.3170,guidance,0,
57.300,41.4621,-0.03186,0.00225,pulse:0+5:0.320,40.7815,41.4621,0.6806,1.4316,guidance,0,
57.399,41.2779,-0.03255,0.00311,pulse:0+5:0.320,40.7815,41.2779,0.4965,1.3208,guidance,0,
57.499,41.1009,-0.03222,0.00277,pulse:0+5:0.320,40.7815,41.1009,0.3194,1.4244,guidance,0,5
57.600,40.9245,-0.03192,0.00394,pulse:0+5:0.320,40.7815,40.9245,0.1430,1.4388,guidance,0,5
57.699,40.7349,-0.03190,0.00446,pulse:0:0.320,39.9103,40.7349,0.8246,1.3695,guidance,0,5
57.797,40.5672,-0.03142,0.00467,pulse:0:0.320,39.9103,40.5672,0.6570,1.4091,guidance,0,5
57.898,40.3780,-0.03252,0.00538,pulse:0:0.320,39.9103,40.3780,0.4677,1.4383,guidance,0,5
58.001,40.1761,-0.03322,0.00565,pulse:0:0.320,39.9103,40.1761,0.2659,1.2303,guidance,0,5
58.097,40.0047,-0.03488,0.00686,pulse:0:0.320,39.9103,40.0047,0.0944,1.2197,guidance,0,5
58.198,39.8059,-0.03483,0.00727,pulse:0:0.320,39.9103,39.8059,-0.1043,1.2486,guidance,0,5
58.302,39.5969,-0.03498,0.00720,pulse:0:0.320,38.6949,39.5969,0.9020,1.1667,guidance,0,5
58.402,39.3804,-0.03480,0.00726,pulse:0:0.320,38.6949,39.3804,0.6855,1.2997,guidance,0,5
58.497,39.1906,-0.03574,0.00741,pulse:0:0.320,38.6949,39.1906,0.4957,1.3149,guidance,0,5
58.598,38.9918,-0.03664,0.00775,pulse:0:0.320,38.6949,38.9918,0.2968,1.2550,guidance,0,5
58.697,38.7667,-0.03791,0.00904,pulse:0:0.320,38.6949,38.7667,0.0718,1.2763,guidance,0,5
58.802,38.5636,-0.03862,0.00908,pulse:0:0.320,37.5701,38.5636,0.9934,1.3448,guidance,0,5
58.898,38.3402,-0.03826,0.00917,pulse:0:0.320,37.5701,38.3402,0.7701,1.2350,guidance,0,5
59.001,38.1045,-0.03913,0.00937,pulse:0:0.320,37.5701,38.1045,0.5344,1.2966,guidance,0,5
59.101,37.8735,-0.03981,0.00999,pulse:0:0.320,37.5701,37.8735,0.3034,1.2900,guidance,0,5
59.201,37.6434,-0.04073,0.01063,pulse:0:0.320,37.5701,37.6434,0.0732,1.3183,guidance,0,5
59.300,37.4207,-0.04120,0.01008,pulse:0:0.320,37.5701,37.4207,-0.1495,1.4044,guidance,0,5
59.400,37.2086,-0.04084,0.01010,pulse:0:0.320,36.1596,37.2086,1.0490,1.2984,guidance,0,5
59.500,36.9762,-0.04067,0.00965,pulse:0:0.320,36.1596,36.9762,0.8166,1.2854,guidance,0,5
59.601,36.7347,-0.04101,0.01058,pulse:0:0.320,36.1596,36.7347,0.5750,1.2138,guidance,0,5
59.700,36.4938,-0.04209,0.01108,pulse:0:0.320,36.1596,36.4938,0.3342,1.2952,guidance,0,5
59.801,36.2351,-0.04295,0.01117,pulse:0:0.320,36.1596,36.2351,0.0755,1.1685,guidance,0,5
59.899,35.9742,-0.04310,0.01068,pulse:0:0.320,36.1596,35.9742,-0.1854,1.2471,guidance,0,5
60.002,35.7173,-0.04304,0.01077,pulse:0:0.320,34.6130,35.7173,1.1043,1.2018,guidance,0,5
60.102,35.4882,-0.04196,0.01080,pulse:0:0.320,34.6130,35.4882,0.8752,1.3744,guidance,0,5
60.199,35.2469,-0.04248,0.01057,pulse:0:0.320,34.6130,35.2469,0.6339,1.4035,guidance,0,5
60.303,34.9874,-0.04410,0.01114,pulse:0:0.320,34.6130,34.9874,0.3744,1.2381,guidance,0,5
60.403,34.7273,-0.04503,0.01173,pulse:0:0.320,34.6130,34.7273,0.1143,1.2196,guidance,0,5
60.497,34.4896,-0.04498,0.01159,pulse:0:0.320,34.6130,34.4896,-0.1234,1.3174,guidance,0,5
60.600,34.2067,-0.04454,0.01235,pulse:0+3:0.320,33.0558,34.2067,1.1509,1.3402,guidance,0,5
60.701,33.9470,-0.04350,0.01196,pulse:0+3:0.320,33.0558,33.9470,0.8913,1.2712,guidance,0,5
60.797,33.6956,-0.04472,0.01251,pulse:0+3:0.320,33.0558,33.6956,0.6399,1.2180,guidance,0,5
60.897,33.4385,-0.04626,0.01304,pulse:0+3:0.320,33.0558,33.4385,0.3828,1.1673,guidance,0,5
60.998,33.1450,-0.04806,0.01463,pulse:0+3:0.320,33.0558,33.1450,0.0892,1.3576,guidance,0,5
61.099,32.8677,-0.04780,0.01446,pulse:0+3:0.320,33.0558,32.8677,-0.1880,1.2314,guidance,0,5
61.203,32.5894,-0.04758,0.01487,coast:0.320,31.3920,32.5894,1.1974,1.3628,guidance,0,5
61.303,32.3201,-0.04727,0.01524,coast:0.320,31.3920,32.3201,0.9281,1.3016,guidance,0,5
61.402,32.0731,-0.04700,0.01474,coast:0.320,31.3920,32.0731,0.6811,1.3663,guidance,0,5
61.498,31.8328,-0.04642,0.01480,coast:0.320,31.3920,31.8328,0.4408,1.4061,guidance,0,5
61.602,31.5455,-0.04628,0.01551,coast:0.320,31.3920,31.5455,0.1535,1.4107,guidance,0,5
61.700,31.3019,-0.04671,0.01538,coast:0.320,31.3920,31.3019,-0.0901,1.3339,guidance,0,5
61.801,31.0128,-0.04637,0.01572,coast:0.320,29.8464,31.0128,1.1665,1.2111,guidance,0,5
61.898,30.7637,-0.04651,0.01582,coast:0.320,29.8464,30.7637,0.9173,1.2980,guidance,0,5
62.003,30.4898,-0.04644,0.01598,coast:0.320,29.8464,30.4898,0.6434,1.2200,guidance,0,5
62.098,30.2366,-0.04636,0.01645,coast:0.320,29.8464,30.2366,0.3903,1.1327,guidance,0,5
62.198,29.9572,-0.04670,0.01592,coast:0.320,29.8464,29.9572,0.1108,1.2529,guidance,0,5
62.300,29.6851,-0.04694,0.01612,coast:0.320,29.8464,29.6851,-0.1613,1.2702,guidance,0,5
62.400,29.3926,-0.04740,0.01654,pulse:2:0.320,28.2094,29.3926,1.1832,1.2479,guidance,0,5
62.502,29.1355,-0.04707,0.01692,pulse:2:0.320,28.2094,29.1355,0.9261,1.1391,guidance,0,5
62.602,28.8688,-0.04650,0.01677,pulse:2:0.320,28.2094,28.8688,0.6594,1.1846,guidance,0,5
62.700,28.6009,-0.04670,0.01644,pulse:2:0.320,28.2094,28.6009,0.3915,1.2528,guidance,0,5
62.799,28.3519,-0.04653,0.01581,pulse:2:0.320,28.2094,28.3519,0.1425,1.2359,guidance,0,5
62.901,28.0982,-0.04684,0.01590,coast:0.320,26.9204,28.0982,1.1778,1.3123,guidance,0,5
62.998,27.8351,-0.04699,0.01595,coast:0.320,26.9204,27.8351,0.9147,1.3138,guidance,0,5
63.102,27.5456,-0.04681,0.01672,coast:0.320,26.9204,27.5456,0.6252,1.2578,guidance,0,5
63.200,27.2917,-0.04732,0.01781,coast:0.320,26.9204,27.2917,0.3712,1.3596,guidance,0,5
63.302,26.9964,-0.04696,0.01730,coast:0.320,26.9204,26.9964,0.0760,1.1672,guidance,0,5
63.398,26.7255,-0.04774,0.01757,coast:0.320,26.9204,26.7255,-0.1949,1.3327,guidance,0,5
63.503,26.4565,-0.04779,0.01765,coast:0.320,25.2554,26.4565,1.2010,1.2640,guidance,0,5
63.600,26.1887,-0.04764,0.01807,coast:0.320,25.2554,26.1887,0.9333,1.1339,guidance,0,5
63.701,25.8901,-0.04800,0.01899,coast:0.320,25.2554,25.8901,0.6347,1.1488,guidance,0,5
63.798,25.6039,-0.04806,0.01858,coast:0.320,25.2554,25.6039,0.3485,1.3319,guidance,0,5
63.899,25.3272,-0.04755,0.01863,coast:0.320,25.2554,25.3272,0.0718,1.2553,guidance,0,5
63.948,25.1628,-0.04812,0.01976,coast:0.320,25.2554,25.1628,-0.0926,1.3288,guidance,0,5
64.102,24.7557,-0.04758,0.01895,pulse:1+2:0.320,23.5881,24.7557,1.1677,1.1823,guidance,0,5
64.202,24.5082,-0.04706,0.02039,pulse:1+2:0.320,23.5881,24.5082,0.9202,1.3342,guidance,0,5
64.302,24.2488,-0.04533,0.01979,pulse:1+2:0.320,23.5881,24.2488,0.6608,1.1534,guidance,0,5
64.397,23.9998,-0.04373,0.01888,pulse:1+2:0.320,23.5881,23.9998,0.4117,1.1137,guidance,0,5
64.498,23.7587,-0.04189,0.01854,pulse:1+2:0.320,23.5881,23.7587,0.1707,1.1830,guidance,0,5
64.600,23.5227,-0.04145,0.01805,pulse:1+2:0.320,23.5881,23.5227,-0.0654,1.1419,guidance,0,5
64.701,23.2679,-0.04154,0.01873,pulse:2:0.320,22.2338,23.2679,1.0341,1.1104,guidance,0,5
64.798,23.0147,-0.04124,0.01887,pulse:2:0.320,22.2338,23.0147,0.7809,1.2748,guidance,0,5
64.900,22.7726,-0.04147,0.01888,pulse:2:0.320,22.2338,22.7726,0.5388,1.2516,guidance,0,5
64.997,22.5616,-0.04058,0.01820,pulse:2:0.320,22.2338,22.5616,0.3278,1.1458,guidance,0,5
65.097,22.3259,-0.04024,0.01869,pulse:2:0.320,22.2338,22.3259,0.0921,1.1323,guidance,0,5
65.200,22.0860,-0.03983,0.01836,pulse:2:0.320,22.2338,22.0860,-0.1478,1.1849,guidance,0,5
65.299,21.8601,-0.04013,0.01820,pulse:1:0.320,20.8714,21.8601,0.9887,1.2900,guidance,0,5
65.398,21.6328,-0.03997,0.01961,pulse:1:0.320,20.8714,21.6328,0.7614,1.2647,guidance,0,5
65.499,21.4100,-0.03852,0.01811,pulse:1:0.320,20.8714,21.4100,0.5386,1.1742,guidance,0,5
65.599,21.1713,-0.03757,0.01721,pulse:1:0.320,20.8714,21.1713,0.2999,1.1051,guidance,0,5
65.702,20.9559,-0.03644,0.01735,pulse:1:0.320,20.8714,20.9559,0.0845,1.2566,guidance,0,5
65.802,20.7576,-0.03603,0.01709,pulse:3:0.320,19.8466,20.7576,0.9110,1.1713,guidance,0,5
65.903,20.5315,-0.03677,0.01634,pulse:3:0.320,19.8466,20.5315,0.6850,1.2475,guidance,0,5
65.998,20.3290,-0.03726,0.01698,pulse:3:0.320,19.8466,20.3290,0.4824,1.1341,guidance,0,5
66.102,20.1097,-0.03718,0.01746,pulse:3:0.320,19.8466,20.1097,0.2631,1.1699,guidance,0,5
66.200,19.8927,-0.03791,0.01789,pulse:3:0.320,19.8466,19.8927,0.0462,1.1521,guidance,0,5
66.298,19.6607,-0.03852,0.01757,pulse:3:0.320,19.8466,19.6607,-0.1858,1.0797,guidance,0,5
66.398,19.4483,-0.03916,0.01830,pulse:1:0.320,18.4840,19.4483,0.9644,1.2798,guidance,0,5
66.497,19.2492,-0.03865,0.01823,pulse:1:0.320,18.4840,19.2492,0.7653,1.3444,guidance,0,5
66.599,19.0594,-0.03705,0.01823,pulse:1:0.320,18.4840,19.0594,0.5754,1.2383,guidance,0,5
66.697,18.8358,-0.03687,0.01839,pulse:1:0.320,18.4840,18.8358,0.3519,1.2397,guidance,0,5
66.800,18.6212,-0.03543,0.01737,pulse:1:0.320,18.4840,18.6212,0.1373,1.0974,guidance,0,5
66.899,18.4141,-0.03499,0.01815,pulse:1:0.320,17.5546,18.4141,0.8595,1.0887,guidance,0,5
67.000,18.1699,-0.03516,0.01854,pulse:1:0.320,17.5546,18.1699,0.6153,1.1749,guidance,0,5
67.097,17.9804,-0.03466,0.01774,pulse:1:0.320,17.5546,17.9804,0.4258,1.1960,guidance,0,5
67.200,17.7992,-0.03333,0.01733,pulse:1:0.320,17.5546,17.7992,0.2445,1.0820,guidance,0,5
67.297,17.6153,-0.03212,0.01679,pulse:1:0.320,17.5546,17.6153,0.0607,1.2584,guidance,0,5
67.401,17.4308,-0.03198,0.01678,pulse:1:0.320,16.6462,17.4308,0.7845,1.2037,guidance,0,5
67.501,17.2659,-0.03198,0.01852,pulse:1:0.320,16.6462,17.2659,0.6196,1.2366,guidance,0,5
67.597,17.1056,-0.03080,0.01725,pulse:1:0.320,16.6462,17.1056,0.4593,1.1258,guidance,0,5
67.700,16.9247,-0.03016,0.01722,pulse:1:0.320,16.6462,16.9247,0.2785,1.0614,guidance,0,5
67.803,16.7404,-0.02940,0.01735,pulse:1:0.320,16.6462,16.7404,0.0942,1.1819,guidance,0,5
67.900,16.5656,-0.02890,0.01714,pulse:1:0.320,16.6462,16.5656,-0.0806,1.1860,guidance,0,5
68.003,16.4026,-0.02985,0.01762,pulse:1:0.320,15.6720,16.4026,0.7306,1.2763,guidance,0,5
68.098,16.2493,-0.02913,0.01738,pulse:1:0.320,15.6720,16.2493,0.5773,1.2601,guidance,0,5
68.198,16.0699,-0.02869,0.01776,pulse:1:0.320,15.6720,16.0699,0.3980,1.1208,guidance,0,5
68.302,15.9071,-0.02763,0.01680,pulse:1:0.320,15.6720,15.9071,0.2351,1.1284,guidance,0,5
68.401,15.7438,-0.02667,0.01661,pulse:1:0.320,15.6720,15.7438,0.0718,1.1103,guidance,0,5
68.500,15.5909,-0.02733,0.01609,pulse:1:0.320,15.6720,15.5909,-0.0811,1.1682,guidance,0,5
68.601,15.4260,-0.02748,0.01656,pulse:1:0.320,14.7542,15.4260,0.6717,1.1426,guidance,0,5
68.699,15.2634,-0.02693,0.01642,pulse:1:0.320,14.7542,15.2634,0.5092,1.2064,guidance,0,5
68.750,15.1730,-0.02709,0.01664,pulse:1:0.320,14.7542,15.1730,0.4188,1.2333,guidance,0,5
68.901,14.9463,-0.02602,0.01581,pulse:1:0.320,14.7542,14.9463,0.1921,1.1265,guidance,0,5
68.948,14.9133,-0.02517,0.01500,pulse:1:0.320,14.7542,14.9133,0.1591,1.2330,guidance,0,5
69.098,14.7001,-0.02512,0.01447,pulse:1:0.320,14.7542,14.7001,-0.0541,1.2810,guidance,0,5
69.150,14.6271,-0.02542,0.01441,pulse:1:0.320,14.0056,14.6271,0.6215,1.0914,guidance,0,5
69.303,14.4170,-0.02541,0.01462,pulse:1:0.320,14.0056,14.4170,0.4114,1.1298,guidance,0,5
69.402,14.2856,-0.02465,0.01410,pulse:1:0.320,14.0056,14.2856,0.2800,1.2311,guidance,0,5
69.500,14.1552,-0.02353,0.01384,pulse:1:0.320,14.0056,14.1552,0.1496,1.2768,guidance,0,5
69.599,14.0183,-0.02324,0.01334,pulse:1:0.320,14.0056,14.0183,0.0127,1.2265,guidance,0,5
69.702,13.8814,-0.02271,0.01268,pulse:1+3:0.320,13.3210,13.8814,0.5604,1.2359,guidance,0,5
69.800,13.7493,-0.02279,0.01300,pulse:1+3:0.320,13.3210,13.7493,0.4283,1.0994,guidance,0,5
69.901,13.6185,-0.02245,0.01279,pulse:1+3:0.320,13.3210,13.6185,0.2975,1.0459,guidance,0,5
69.998,13.4963,-0.02141,0.01187,pulse:1+3:0.320,13.3210,13.4963,0.1753,1.0963,guidance,0,5
70.098,13.3537,-0.02056,0.01222,pulse:1+3:0.320,13.3210,13.3537,0.0327,1.2569,guidance,0,5
70.200,13.2119,-0.02111,0.01193,pulse:1+3:0.320,13.3210,13.2119,-0.1091,1.2070,guidance,0,5
70.300,13.0721,-0.02056,0.01242,pulse:1:0.320,12.5711,13.0721,0.5010,1.1223,guidance,0,5
70.401,12.9336,-0.02090,0.01245,pulse:1:0.320,12.5711,12.9336,0.3625,1.1202,guidance,0,5
70.500,12.8118,-0.02031,0.01143,pulse:1:0.320,12.5711,12.8118,0.2406,1.2155,guidance,0,5
70.601,12.6873,-0.01952,0.01081,pulse:1:0.320,12.5711,12.6873,0.1162,1.2717,guidance,0,5
70.700,12.5729,-0.01829,0.01063,pulse:1:0.320,12.5711,12.5729,0.0018,1.1399,guidance,0,5
70.802,12.4756,-0.01771,0.00975,pulse:2:0.320,12.0370,12.4756,0.4386,1.0836,guidance,0,5
70.902,12.3675,-0.01786,0.00937,pulse:2:0.320,12.0370,12.3675,0.3305,1.1634,guidance,0,5
70.998,12.2792,-0.01786,0.01018,pulse:2:0.320,12.0370,12.2792,0.2422,1.2605,guidance,0,5
71.099,12.1972,-0.01704,0.01037,pulse:2:0.320,12.0370,12.1972,0.1602,1.2600,guidance,0,5
71.203,12.0912,-0.01769,0.01004,pulse:2:0.320,12.0370,12.0912,0.0542,1.2410,guidance,0,5
71.298,11.9935,-0.01770,0.01001,pulse:2:0.320,12.0370,11.9935,-0.0435,1.0971,guidance,0,5
71.400,11.8960,-0.01778,0.01022,pulse:0:0.160,11.6092,11.8960,0.2868,1.0287,terminal,0,5
71.501,11.8011,-0.01732,0.01057,pulse:0:0.160,11.6092,11.8011,0.1919,1.1489,terminal,0,5
71.600,11.7114,-0.01813,0.01162,pulse:0:0.160,11.6092,11.7114,0.1022,1.2470,terminal,0,5
71.700,11.5996,-0.01889,0.01213,pulse:1:0.240,11.2192,11.5996,0.3804,1.0683,guidance,0,5
71.798,11.4722,-0.01962,0.01269,pulse:1:0.240,11.2192,11.4722,0.2530,1.0826,guidance,0,5
71.899,11.3612,-0.01836,0.01187,pulse:1:0.240,11.2192,11.3612,0.1420,1.2213,guidance,0,5
71.998,11.2655,-0.01761,0.01083,pulse:1:0.240,11.2192,11.2655,0.0463,1.0442,guidance,0,5
72.100,11.1765,-0.01707,0.01046,pulse:1:0.240,11.2192,11.1765,-0.0427,1.1897,guidance,0,5
72.200,11.0731,-0.01719,0.01066,pulse:1:0.240,11.2192,11.0731,-0.1461,1.1726,guidance,0,5
72.299,10.9851,-0.01682,0.01094,pulse:0:0.160,10.7141,10.9851,0.2709,1.1479,terminal,0,5
72.401,10.8948,-0.01705,0.01064,pulse:0:0.160,10.7141,10.8948,0.1807,1.1775,terminal,0,5
72.501,10.7822,-0.01710,0.01213,pulse:0:0.160,10.7141,10.7822,0.0680,1.1210,terminal,0,5
72.602,10.6775,-0.01807,0.01309,pulse:1:0.240,10.3143,10.6775,0.3631,1.1251,guidance,0,5
72.699,10.5684,-0.01764,0.01306,pulse:1:0.240,10.3143,10.5684,0.2541,1.2057,guidance,0,5
72.801,10.4717,-0.01687,0.01176,pulse:1:0.240,10.3143,10.4717,0.1574,1.0528,guidance,0,5
72.902,10.3779,-0.01700,0.01079,pulse:1:0.240,10.3143,10.3779,0.0636,1.1620,guidance,0,5
73.000,10.2651,-0.01583,0.01086,pulse:1:0.240,10.3143,10.2651,-0.0492,1.0894,guidance,0,5
73.101,10.1917,-0.01589,0.01082,pulse:1:0.240,10.3143,10.1917,-0.1226,1.0050,guidance,0,5
73.202,10.0979,-0.01572,0.01036,pulse:0:0.160,9.8449,10.0979,0.2530,1.0853,terminal,0,5
73.299,9.9924,-0.01537,0.01047,pulse:0:0.160,9.8449,9.9924,0.1475,1.1603,terminal,0,5
73.399,9.9137,-0.01534,0.01161,pulse:0:0.160,9.8449,9.9137,0.0688,1.1952,terminal,0,5
73.503,9.8422,-0.01592,0.01304,pulse:1:0.240,9.5231,9.8422,0.3191,1.0433,guidance,0,5
73.600,9.7572,-0.01629,0.01273,pulse:1:0.240,9.5231,9.7572,0.2341,1.1143,guidance,0,5
73.700,9.6504,-0.01562,0.01235,pulse:1:0.240,9.5231,9.6504,0.1273,1.1219,guidance,0,5
73.800,9.5559,-0.01535,0.01091,pulse:1:0.240,9.5231,9.5559,0.0329,1.2117,guidance,0,5
73.898,9.4812,-0.01446,0.01016,pulse:1:0.240,9.5231,9.4812,-0.0419,1.1690,guidance,0,5
74.002,9.4093,-0.01433,0.01060,pulse:1:0.240,9.5231,9.4093,-0.1138,1.0953,guidance,0,5
74.102,9.3260,-0.01420,0.01052,pulse:0:0.160,9.0978,9.3260,0.2282,1.1914,terminal,0,5
74.202,9.2430,-0.01388,0.01074,pulse:0:0.160,9.0978,9.2430,0.1452,1.2262,terminal,0,5
74.299,9.1765,-0.01469,0.01054,pulse:0:0.160,9.0978,9.1765,0.0787,1.1672,terminal,0,5
74.402,9.0961,-0.01436,0.01248,pulse:1:0.240,8.8084,9.0961,0.2877,1.1878,guidance,0,5
74.498,8.9956,-0.01546,0.01242,pulse:1:0.240,8.8084,8.9956,0.1873,1.2047,guidance,0,5
74.602,8.9109,-0.01456,0.01193,pulse:1:0.240,8.8084,8.9109,0.1025,1.1903,guidance,0,5
74.701,8.8283,-0.01426,0.01069,pulse:1:0.240,8.8084,8.8283,0.0199,1.1736,guidance,0,5
74.803,8.7468,-0.01369,0.00989,pulse:1:0.240,8.8084,8.7468,-0.0616,1.0770,guidance,0,5
74.898,8.6765,-0.01348,0.01006,pulse:1:0.240,8.8084,8.6765,-0.1319,1.0471,guidance,0,5
75.002,8.5833,-0.01346,0.00988,pulse:0:0.160,8.3672,8.5833,0.2161,1.0090,terminal,0,5
75.101,8.5157,-0.01413,0.01093,pulse:0:0.160,8.3672,8.5157,0.1485,1.1352,terminal,0,5
75.202,8.4289,-0.01402,0.01172,pulse:0:0.160,8.3672,8.4289,0.0618,1.0909,terminal,0,5
75.299,8.3631,-0.01408,0.01289,pulse:1+3:0.240,8.0790,8.3631,0.2841,1.1130,guidance,0,5
75.400,8.2662,-0.01452,0.01355,pulse:1+3:0.240,8.0790,8.2662,0.1873,1.1714,guidance,0,5
75.497,8.1906,-0.01417,0.01321,pulse:1+3:0.240,8.0790,8.1906,0.1116,1.1345,guidance,0,5
75.598,8.1094,-0.01362,0.01190,pulse:1+3:0.240,8.0790,8.1094,0.0304,1.0642,guidance,0,5
75.703,8.0282,-0.01273,0.01212,pulse:1+3:0.240,8.0790,8.0282,-0.0507,1.1295,guidance,0,5
75.800,7.9680,-0.01268,0.01160,pulse:0:0.160,7.7655,7.9680,0.2025,0.9929,terminal,0,5
75.899,7.8813,-0.01270,0.01146,pulse:0:0.160,7.7655,7.8813,0.1158,1.0682,terminal,0,5
75.998,7.8019,-0.01290,0.01360,pulse:0:0.160,7.7655,7.8019,0.0364,1.1310,terminal,0,5
76.097,7.7335,-0.01307,0.01411,pulse:0:0.160,7.5259,7.7335,0.2076,1.1803,terminal,0,5
76.199,7.6475,-0.01331,0.01428,pulse:0:0.160,7.5259,7.6475,0.1216,1.0420,terminal,0,5
76.301,7.5851,-0.01318,0.01568,pulse:0:0.160,7.5259,7.5851,0.0592,0.9543,terminal,0,5
76.400,7.5152,-0.01339,0.01687,pulse:0:0.160,7.3043,7.5152,0.2109,1.1055,terminal,0,5
76.501,7.4410,-0.01367,0.01768,pulse:0:0.160,7.3043,7.4410,0.1367,1.0991,terminal,0,5
76.603,7.3504,-0.01372,0.01848,pulse:0:0.160,7.3043,7.3504,0.0461,1.0908,terminal,0,5
76.700,7.2717,-0.01337,0.01941,pulse:0:0.160,7.0632,7.2717,0.2085,1.0257,terminal,0,5
76.799,7.2072,-0.01248,0.01967,pulse:0:0.160,7.0632,7.2072,0.1440,1.0659,terminal,0,5
76.901,7.1119,-0.01323,0.02081,pulse:0:0.160,7.0632,7.1119,0.0486,1.0635,terminal,0,5
76.998,7.0344,-0.01261,0.02159,pulse:0:0.160,6.8404,7.0344,0.1941,1.0746,terminal,0,5
77.101,6.9671,-0.01165,0.02120,pulse:0:0.160,6.8404,6.9671,0.1267,1.1413,terminal,0,5
77.202,6.9067,-0.01160,0.02228,pulse:0:0.160,6.8404,6.9067,0.0663,1.1802,terminal,0,5
77.302,6.8391,-0.01103,0.02322,pulse:1:0.160,6.6729,6.8391,0.1662,1.0472,terminal,0,5
77.398,6.7704,-0.01110,0.02370,pulse:1:0.160,6.6729,6.7704,0.0975,1.1565,terminal,0,5
77.502,6.7140,-0.00992,0.02238,pulse:1:0.160,6.6729,6.7140,0.0411,1.1974,terminal,0,5
77.599,6.6544,-0.00936,0.02129,pulse:1:0.160,6.5132,6.6544,0.1411,1.1611,terminal,0,5
77.699,6.6147,-0.00894,0.02067,pulse:1:0.160,6.5132,6.6147,0.1015,1.0754,terminal,0,5
77.800,6.5712,-0.00862,0.01946,pulse:1:0.160,6.5132,6.5712,0.0580,0.9995,terminal,0,5
77.899,6.5288,-0.00831,0.01783,pulse:1:0.160,6.4017,6.5288,0.1271,0.9765,terminal,0,5
77.997,6.4997,-0.00817,0.01783,pulse:1:0.160,6.4017,6.4997,0.0981,1.1264,terminal,0,5
78.097,6.4520,-0.00749,0.01682,pulse:1:0.160,6.4017,6.4520,0.0503,0.9758,terminal,0,5
78.197,6.4086,-0.00748,0.01588,pulse:1:0.160,6.2934,6.4086,0.1152,0.9290,terminal,0,5
78.301,6.3514,-0.00710,0.01597,pulse:1:0.160,6.2934,6.3514,0.0581,1.0906,terminal,0,5
78.402,6.2906,-0.00742,0.01532,pulse:1:0.160,6.2934,6.2906,-0.0028,1.0793,terminal,0,5
78.500,6.2577,-0.00735,0.01411,pulse:1:0.160,6.1435,6.2577,0.1142,0.9784,terminal,0,5
78.603,6.2602,-0.00749,0.01397,pulse:1:0.160,6.1435,6.2602,0.1168,1.0031,terminal,0,5
78.699,6.2051,-0.00786,0.01307,pulse:1:0.160,6.1435,6.2051,0.0617,0.9276,terminal,0,5
78.798,6.1550,-0.00778,0.01241,pulse:1:0.160,6.0328,6.1550,0.1222,0.9959,terminal,0,5
78.899,6.1168,-0.00755,0.01270,pulse:1:0.160,6.0328,6.1168,0.0840,1.0250,terminal,0,5
79.002,6.0774,-0.00837,0.01281,pulse:1:0.160,6.0328,6.0774,0.0446,1.1017,terminal,0,5
79.100,6.0339,-0.00746,0.01105,pulse:1:0.160,5.9161,6.0339,0.1178,0.9589,terminal,0,5
79.202,5.9803,-0.00782,0.01269,pulse:1:0.160,5.9161,5.9803,0.0642,0.9854,terminal,0,5
79.302,5.9433,-0.00776,0.01289,pulse:1:0.160,5.9161,5.9433,0.0273,1.0058,terminal,0,5
79.399,5.8901,-0.00775,0.01228,pulse:1:0.160,5.7681,5.8901,0.1220,1.0759,terminal,0,5
79.498,5.8540,-0.00701,0.01239,pulse:1:0.160,5.7681,5.8540,0.0858,1.0412,terminal,0,5
79.599,5.8047,-0.00744,0.01227,pulse:1:0.160,5.7681,5.8047,0.0366,1.0641,terminal,0,5
79.699,5.7759,-0.00713,0.01172,pulse:1:0.160,5.6634,5.7759,0.1125,0.9319,terminal,0,5
79.797,5.7208,-0.00662,0.01225,pulse:1:0.160,5.6634,5.7208,0.0574,1.0064,terminal,0,5
79.902,5.6761,-0.00692,0.01185,pulse:1:0.160,5.6634,5.6761,0.0127,1.0956,terminal,0,5
80.002,5.6481,-0.00682,0.01183,pulse:1:0.160,5.5406,5.6481,0.1075,0.9749,terminal,0,5
80.098,5.6215,-0.00599,0.01265,pulse:1:0.160,5.5406,5.6215,0.0809,1.0156,terminal,0,5
80.203,5.5953,-0.00519,0.01211,pulse:1:0.160,5.5406,5.5953,0.0547,1.0089,terminal,0,5
80.299,5.5728,-0.00561,0.01140,pulse:1:0.160,5.4843,5.5728,0.0885,1.1141,terminal,0,5
80.398,5.5459,-0.00440,0.01212,pulse:1:0.160,5.4843,5.5459,0.0615,0.9708,terminal,0,5
80.499,5.5186,-0.00430,0.01201,pulse:1:0.160,5.4843,5.5186,0.0343,0.9501,terminal,0,5
80.600,5.4996,-0.00439,0.01093,pulse:1:0.160,5.4304,5.4996,0.0692,0.9843,terminal,0,5
80.698,5.4647,-0.00410,0.01123,pulse:1:0.160,5.4304,5.4647,0.0342,1.1135,terminal,0,5
80.800,5.4387,-0.00363,0.01095,pulse:1:0.160,5.4304,5.4387,0.0083,1.1063,terminal,0,5
80.902,5.4197,-0.00361,0.01013,pulse:1:0.160,5.3624,5.4197,0.0573,0.9444,terminal,0,5
81.000,5.3990,-0.00360,0.01043,pulse:1:0.160,5.3624,5.3990,0.0365,0.9707,terminal,0,5
81.103,5.3622,-0.00383,0.00952,pulse:1:0.160,5.3624,5.3622,-0.0003,0.9651,terminal,0,5
81.202,5.3511,-0.00367,0.00850,pulse:1:0.160,5.2921,5.3511,0.0591,0.9828,terminal,0,5
81.300,5.3215,-0.00395,0.00859,pulse:1:0.160,5.2921,5.3215,0.0294,1.0970,terminal,0,5
81.402,5.2949,-0.00450,0.00835,pulse:1:0.160,5.2921,5.2949,0.0028,1.0357,terminal,0,5
81.499,5.2616,-0.00385,0.00723,pulse:1:0.160,5.1991,5.2616,0.0626,0.9895,terminal,0,5
81.599,5.2366,-0.00457,0.00784,pulse:1:0.160,5.1991,5.2366,0.0375,1.0505,terminal,0,5
81.703,5.2172,-0.00470,0.00682,pulse:1:0.160,5.1991,5.2172,0.0181,0.9364,terminal,0,5
81.800,5.1627,-0.00576,0.00578,pulse:1:0.160,5.0691,5.1627,0.0936,1.0775,terminal,0,5
81.901,5.1285,-0.00582,0.00604,pulse:1:0.160,5.0691,5.1285,0.0593,1.1232,terminal,0,5
82.003,5.0845,-0.00632,0.00550,pulse:1:0.160,5.0691,5.0845,0.0154,0.9881,terminal,0,5
82.101,5.0394,-0.00724,0.00482,pulse:1:0.160,4.9216,5.0394,0.1178,0.9503,terminal,0,5
82.200,5.0108,-0.00753,0.00488,pulse:1:0.160,4.9216,5.0108,0.0892,1.0361,terminal,0,5
82.303,4.9879,-0.00817,0.00417,pulse:1:0.160,4.9216,4.9879,0.0662,1.0141,terminal,0,5
82.401,4.9242,-0.00906,0.00425,pulse:1:0.160,4.7772,4.9242,0.1470,0.9864,terminal,0,5
82.498,4.8685,-0.00950,0.00463,pulse:1:0.160,4.7772,4.8685,0.0912,0.9591,terminal,0,5
82.599,4.7837,-0.00985,0.00442,pulse:1:0.160,4.7772,4.7837,0.0065,1.0988,terminal,0,5
82.700,4.7333,-0.01095,0.00429,pulse:1:0.160,4.5559,4.7333,0.1774,0.9245,terminal,0,5
82.801,4.6747,-0.01053,0.00521,pulse:1:0.160,4.5559,4.6747,0.1188,1.0281,terminal,0,5
82.898,4.6246,-0.01094,0.00527,pulse:1:0.160,4.5559,4.6246,0.0687,1.0275,terminal,0,5
83.000,4.5506,-0.01185,0.00545,pulse:1:0.160,4.3592,4.5506,0.1913,0.9125,terminal,0,5
83.102,4.4840,-0.01127,0.00577,pulse:1:0.160,4.3592,4.4840,0.1248,0.8947,terminal,0,5
83.200,4.4237,-0.01177,0.00599,pulse:1:0.160,4.3592,4.4237,0.0644,0.9753,terminal,0,5
83.300,4.3524,-0.01203,0.00749,pulse:1:0.160,4.1592,4.3524,0.1932,0.9110,terminal,0,5
83.399,4.2803,-0.01207,0.00755,pulse:1:0.160,4.1592,4.2803,0.1211,0.8899,terminal,0,5
83.499,4.2126,-0.01194,0.00793,pulse:1:0.160,4.1592,4.2126,0.0534,0.9842,terminal,0,5
83.599,4.1456,-0.01158,0.00852,pulse:1:0.160,3.9604,4.1456,0.1852,0.9011,terminal,0,5
83.648,4.1086,-0.01221,0.00863,pulse:1:0.160,3.9604,4.1086,0.1483,0.8745,terminal,0,5
83.802,3.9987,-0.01182,0.00885,pulse:1:0.160,3.9604,3.9987,0.0383,0.9554,terminal,0,5
83.903,3.9170,-0.01213,0.01020,pulse:1:0.160,3.7244,3.9170,0.1926,0.9204,terminal,0,5
84.005,3.8417,-0.01172,0.00968,pulse:1:0.160,3.7244,3.8417,0.1173,0.9350,terminal,0,5
84.103,3.7795,-0.01093,0.00970,pulse:1:0.160,3.7244,3.7795,0.0551,0.9603,terminal,0,5
84.206,3.7262,-0.01156,0.01066,pulse:1:0.160,3.5433,3.7262,0.1828,0.9115,terminal,0,5
84.305,3.6718,-0.01072,0.01081,pulse:1:0.160,3.5433,3.6718,0.1284,1.0121,terminal,0,5
84.403,3.6016,-0.01043,0.01133,pulse:1:0.160,3.5433,3.6016,0.0582,0.9149,terminal,0,5
84.503,3.5326,-0.01018,0.01151,pulse:3:0.160,3.3736,3.5326,0.1590,0.8527,terminal,0,5
84.606,3.4760,-0.01002,0.01167,pulse:3:0.160,3.3736,3.4760,0.1025,0.9440,terminal,0,5
84.705,3.4079,-0.00968,0.01121,pulse:3:0.160,3.3736,3.4079,0.0343,1.0667,terminal,0,5
84.805,3.3529,-0.00950,0.01001,pulse:3:0.160,3.2036,3.3529,0.1493,0.9193,terminal,0,5
84.907,3.3211,-0.00911,0.01026,pulse:3:0.160,3.2036,3.3211,0.1175,0.9727,terminal,0,5
85.007,3.2773,-0.00971,0.00898,pulse:3:0.160,3.2036,3.2773,0.0737,0.9543,terminal,0,5
85.107,3.2277,-0.00921,0.00845,pulse:3:0.160,3.0818,3.2277,0.1459,0.9810,terminal,0,5
85.203,3.1734,-0.00914,0.00756,pulse:3:0.160,3.0818,3.1734,0.0916,0.9726,terminal,0,5
85.304,3.1317,-0.00887,0.00719,pulse:3:0.160,3.0818,3.1317,0.0498,1.0270,terminal,0,5
85.406,3.0841,-0.00932,0.00608,pulse:3:0.160,2.9349,3.0841,0.1491,0.8667,terminal,0,5
85.505,3.0415,-0.00901,0.00614,pulse:3:0.160,2.9349,3.0415,0.1066,0.9938,terminal,0,5
85.606,2.9894,-0.00880,0.00560,pulse:3:0.160,2.9349,2.9894,0.0545,0.9125,terminal,0,5
85.704,2.9337,-0.00912,0.00539,pulse:3:0.120,2.8087,2.9337,0.1250,1.0386,terminal,0,5
85.803,2.8754,-0.00957,0.00578,pulse:3:0.120,2.8087,2.8754,0.0667,1.0799,terminal,0,5
85.903,2.8235,-0.00919,0.00562,pulse:3:0.120,2.8087,2.8235,0.0149,1.0708,terminal,0,5
86.008,2.7535,-0.00969,0.00566,pulse:3:0.120,2.6207,2.7535,0.1328,1.0648,terminal,0,5
86.107,2.7131,-0.00994,0.00551,pulse:3:0.120,2.6207,2.7131,0.0924,0.8826,terminal,0,5
86.206,2.6567,-0.00997,0.00585,pulse:3:0.120,2.6207,2.6567,0.0360,0.8280,terminal,0,5
86.257,2.6465,-0.00988,0.00562,pulse:3:0.120,2.5111,2.6465,0.1353,0.9420,terminal,0,5
86.407,2.5376,-0.00974,0.00629,pulse:3:0.120,2.5111,2.5376,0.0265,0.9726,terminal,0,5
86.508,2.4668,-0.01025,0.00753,pulse:3:0.120,2.3275,2.4668,0.1393,0.8743,terminal,0,5
86.605,2.4191,-0.01018,0.00734,pulse:3:0.120,2.3275,2.4191,0.0916,0.9030,terminal,0,5
86.703,2.3844,-0.00992,0.00809,pulse:3:0.120,2.3275,2.3844,0.0569,1.0153,terminal,0,5
86.804,2.3385,-0.00982,0.00820,pulse:4:0.120,2.2080,2.3385,0.1305,0.9253,terminal,0,5
86.904,2.2938,-0.00913,0.00952,pulse:4:0.120,2.2080,2.2938,0.0858,0.8760,terminal,0,5
87.006,2.2275,-0.00874,0.01062,pulse:4:0.120,2.2080,2.2275,0.0195,0.8526,terminal,0,5
87.106,2.1716,-0.00819,0.01132,pulse:0:0.120,2.0645,2.1716,0.1071,0.8480,terminal,0,5
87.204,2.1275,-0.00760,0.01228,pulse:0:0.120,2.0645,2.1275,0.0630,0.8594,terminal,0,5
87.308,2.0883,-0.00680,0.01182,pulse:0:0.120,2.0645,2.0883,0.0238,0.9433,terminal,0,5
87.404,2.0466,-0.00652,0.01185,pulse:0:0.120,1.9630,2.0466,0.0836,1.0118,terminal,0,5
87.504,2.0248,-0.00607,0.01207,pulse:0:0.120,1.9630,2.0248,0.0617,0.8545,terminal,0,5
87.604,1.9761,-0.00622,0.01254,pulse:0:0.120,1.9630,1.9761,0.0131,0.8864,terminal,0,5
87.705,1.9420,-0.00623,0.01177,pulse:0:0.120,1.8625,1.9420,0.0796,0.8792,terminal,0,5
87.804,1.9065,-0.00561,0.01229,pulse:0:0.120,1.8625,1.9065,0.0441,0.9185,terminal,0,5
87.905,1.8545,-0.00618,0.01110,pulse:0:0.120,1.8625,1.8545,-0.0080,0.8333,terminal,0,5
88.003,1.8192,-0.00566,0.01155,pulse:0:0.120,1.7474,1.8192,0.0718,0.8237,terminal,0,5
88.106,1.7957,-0.00535,0.01170,pulse:0:0.120,1.7474,1.7957,0.0483,0.9195,terminal,0,5
88.203,1.7548,-0.00576,0.01109,pulse:0:0.120,1.7474,1.7548,0.0073,0.8617,terminal,0,5
88.308,1.7217,-0.00572,0.00996,pulse:0:0.120,1.6474,1.7217,0.0743,0.8846,terminal,0,5
88.407,1.7012,-0.00557,0.01127,pulse:0:0.120,1.6474,1.7012,0.0538,1.0162,terminal,0,5
88.507,1.6794,-0.00530,0.00993,pulse:0:0.120,1.6474,1.6794,0.0320,0.9592,terminal,0,5
88.603,1.6453,-0.00588,0.00998,pulse:0:0.120,1.5689,1.6453,0.0764,0.9638,terminal,0,5
88.655,1.6177,-0.00585,0.00957,pulse:0:0.120,1.5689,1.6177,0.0488,0.8596,terminal,0,5
88.805,1.5737,-0.00525,0.00861,pulse:0:0.120,1.5689,1.5737,0.0048,0.9657,terminal,0,5
88.904,1.5395,-0.00624,0.00795,pulse:0:0.120,1.4561,1.5395,0.0834,0.9750,terminal,0,5
89.004,1.5102,-0.00580,0.00875,pulse:0:0.120,1.4561,1.5102,0.0540,0.9415,terminal,0,5
89.105,1.4631,-0.00621,0.00866,pulse:0:0.120,1.4561,1.4631,0.0070,0.8632,terminal,0,5
89.208,1.4313,-0.00619,0.00727,pulse:2:0.120,1.3508,1.4313,0.0805,0.9309,terminal,0,5
89.304,1.3914,-0.00636,0.00739,pulse:2:0.120,1.3508,1.3914,0.0405,0.9523,terminal,0,5
89.403,1.3545,-0.00577,0.00773,pulse:2:0.120,1.3508,1.3545,0.0036,0.8276,terminal,0,5
89.503,1.3144,-0.00490,0.00735,pulse:0:0.120,1.2490,1.3144,0.0653,0.8125,terminal,0,5
89.607,1.2865,-0.00479,0.00698,pulse:0:0.120,1.2490,1.2865,0.0374,0.9535,terminal,0,5
89.707,1.2505,-0.00530,0.00714,pulse:0:0.120,1.2490,1.2505,0.0015,0.8403,terminal,0,5
89.806,1.2576,-0.00533,0.00724,pulse:2:0.120,1.1894,1.2576,0.0683,0.9027,terminal,0,5
89.904,1.2139,-0.00457,0.00747,pulse:2:0.120,1.1894,1.2139,0.0246,1.0089,terminal,0,5
90.003,1.1851,-0.00380,0.00662,pulse:2:0.120,1.1894,1.1851,-0.0043,0.9010,terminal,0,5
90.105,1.1524,-0.00398,0.00698,pulse:0:0.080,1.1089,1.1524,0.0435,0.8764,terminal,1,5
90.205,1.1541,-0.00360,0.00741,pulse:0:0.080,1.1089,1.1541,0.0452,0.8654,terminal,1,5
90.306,1.1244,-0.00365,0.00773,pulse:0:0.080,1.1089,1.1244,0.0155,0.9671,terminal,1,5
90.405,1.1076,-0.00364,0.00737,pulse:0:0.120,1.0601,1.1076,0.0475,0.9694,terminal,0,5
90.505,1.1012,-0.00371,0.00776,pulse:0:0.120,1.0601,1.1012,0.0411,0.8573,terminal,0,5
90.606,1.0772,-0.00345,0.00752,pulse:0:0.120,1.0601,1.0772,0.0170,0.9225,terminal,0,5
90.706,1.0710,-0.00345,0.00812,pulse:0:0.120,1.0275,1.0710,0.0435,0.9549,terminal,0,5
90.806,1.0555,-0.00284,0.00823,pulse:0:0.120,1.0275,1.0555,0.0280,1.0053,terminal,0,5
90.903,1.0536,-0.00295,0.00886,pulse:0:0.120,1.0275,1.0536,0.0261,0.8699,terminal,0,5
91.003,1.0355,-0.00257,0.00871,pulse:0+2:0.040,1.0151,1.0355,0.0205,0.8755,terminal,0,5
91.106,1.0250,-0.00179,0.00881,pulse:0+2:0.040,1.0151,1.0250,0.0099,1.0059,terminal,0,5
91.206,1.0059,-0.00152,0.00925,pulse:0+2:0.040,1.0151,1.0059,-0.0092,0.8776,terminal,0,5
91.304,0.9984,-0.00150,0.00950,pulse:0:0.120,0.9844,0.9984,0.0140,0.8832,terminal,0,5
91.403,1.0057,-0.00064,0.00916,pulse:0:0.120,0.9844,1.0057,0.0212,0.9084,terminal,0,5
91.504,0.9995,-0.00010,0.01009,pulse:0:0.120,0.9844,0.9995,0.0151,1.0069,terminal,0,5
91.606,1.0032,0.00017,0.00978,pulse:0:0.120,1.0127,1.0032,-0.0095,0.8289,terminal,0,5
91.703,1.0020,0.00060,0.00958,pulse:0:0.120,1.0127,1.0020,-0.0106,0.8566,terminal,0,5
91.802,1.0035,0.00053,0.00977,pulse:0:0.120,1.0127,1.0035,-0.0092,0.9979,terminal,0,5
91.905,1.0078,0.00090,0.01055,pulse:0:0.120,1.0289,1.0078,-0.0210,0.8371,terminal,0,5
92.005,1.0213,0.00263,0.00919,pulse:0:0.120,1.0289,1.0213,-0.0076,0.9186,terminal,0,5
92.103,1.0232,0.00214,0.01050,pulse:0:0.120,1.0289,1.0232,-0.0057,1.0097,terminal,0,5
92.204,1.0322,0.00342,0.01047,pulse:0:0.120,1.0875,1.0322,-0.0553,0.9578,terminal,0,5
92.308,1.0484,0.00415,0.00989,pulse:0:0.120,1.0875,1.0484,-0.0390,0.8687,terminal,0,5
92.406,1.0754,0.00353,0.01007,pulse:0:0.120,1.0875,1.0754,-0.0121,0.8138,terminal,0,5
92.504,1.1026,0.00454,0.00994,pulse:2:0.120,1.1720,1.1026,-0.0694,0.7630,terminal,0,5
92.604,1.1192,0.00456,0.00976,pulse:2:0.120,1.1720,1.1192,-0.0527,0.7924,terminal,0,5
92.708,1.1316,0.00491,0.00954,pulse:2:0.120,1.1720,1.1316,-0.0404,0.9231,terminal,0,5
92.807,1.1557,0.00567,0.00813,pulse:2:0.120,1.2377,1.1557,-0.0819,0.7892,terminal,0,5
92.905,1.1607,0.00496,0.00770,pulse:2:0.120,1.2377,1.1607,-0.0770,0.9316,terminal,0,5
93.003,1.1987,0.00556,0.00753,pulse:2:0.120,1.2377,1.1987,-0.0390,0.8061,terminal,0,5
93.107,1.2127,0.00523,0.00788,pulse:2:0.120,1.2880,1.2127,-0.0752,0.8906,terminal,0,5
93.203,1.2361,0.00560,0.00700,pulse:2:0.120,1.2880,1.2361,-0.0519,0.7929,terminal,0,5
93.304,1.2600,0.00507,0.00651,pulse:2:0.120,1.2880,1.2600,-0.0279,0.9531,terminal,0,5
93.405,1.2883,0.00483,0.00631,pulse:4:0.120,1.3569,1.2883,-0.0686,0.9147,terminal,0,5
93.508,1.3228,0.00510,0.00658,pulse:4:0.120,1.3569,1.3228,-0.0341,0.9320,terminal,0,5
93.607,1.3436,0.00498,0.00609,pulse:4:0.120,1.3569,1.3436,-0.0134,0.8255,terminal,0,5
93.707,1.3768,0.00456,0.00613,pulse:2:0.120,1.4408,1.3768,-0.0640,0.9111,terminal,0,5
93.808,1.4053,0.00498,0.00560,pulse:2:0.120,1.4408,1.4053,-0.0355,0.9952,terminal,0,5
93.907,1.4139,0.00517,0.00621,pulse:2:0.120,1.4408,1.4139,-0.0268,0.9827,terminal,0,5
94.008,1.4353,0.00473,0.00612,pulse:4:0.120,1.5018,1.4353,-0.0665,0.9550,terminal,0,5
94.057,1.4350,0.00452,0.00612,pulse:4:0.120,1.5018,1.4350,-0.0668,0.9351,terminal,0,5
94.206,1.4876,0.00477,0.00601,pulse:4:0.120,1.5018,1.4876,-0.0142,0.7821,terminal,0,5
94.303,1.5062,0.00504,0.00560,pulse:4:0.120,1.5763,1.5062,-0.0701,0.8580,terminal,0,5
94.402,1.5247,0.00514,0.00573,pulse:4:0.120,1.5763,1.5247,-0.0516,0.9097,terminal,0,5
94.504,1.5546,0.00517,0.00565,pulse:4:0.120,1.5763,1.5546,-0.0217,0.7822,terminal,0,5
94.603,1.5893,0.00554,0.00534,pulse:4:0.120,1.6661,1.5893,-0.0768,0.7983,terminal,0,5
94.703,1.6009,0.00484,0.00531,pulse:4:0.120,1.6661,1.6009,-0.0652,0.7533,terminal,0,5
94.808,1.6547,0.00462,0.00538,pulse:4:0.120,1.6661,1.6547,-0.0114,0.7701,terminal,0,5
94.902,1.6822,0.00452,0.00543,pulse:4:0.120,1.7448,1.6822,-0.0627,0.9178,terminal,0,5
95.004,1.7059,0.00506,0.00540,pulse:4:0.120,1.7448,1.7059,-0.0389,0.8586,terminal,0,5
95.103,1.7319,0.00518,0.00495,pulse:4:0.120,1.7448,1.7319,-0.0129,0.8314,terminal,0,5
95.207,1.7686,0.00526,0.00460,pulse:2:0.120,1.8408,1.7686,-0.0721,0.9050,terminal,0,5
95.305,1.7912,0.00462,0.00560,pulse:2:0.120,1.8408,1.7912,-0.0496,0.9406,terminal,0,5
95.404,1.8105,0.00468,0.00404,pulse:2:0.120,1.8408,1.8105,-0.0303,0.9125,terminal,0,5
95.506,1.8326,0.00397,0.00483,pulse:2:0.120,1.8871,1.8326,-0.0545,0.8882,terminal,0,5
95.604,1.8446,0.00439,0.00432,pulse:2:0.120,1.8871,1.8446,-0.0425,0.9162,terminal,0,5
95.702,1.8602,0.00363,0.00373,pulse:2:0.120,1.8871,1.8602,-0.0269,0.9670,terminal,0,5
95.805,1.8925,0.00354,0.00298,pulse:4:0.120,1.9405,1.8925,-0.0479,0.9212,terminal,0,5
95.908,1.9354,0.00352,0.00339,pulse:4:0.120,1.9405,1.9354,-0.0050,0.8298,terminal,0,5
96.005,1.9598,0.00373,0.00270,pulse:4:0.120,1.9405,1.9598,0.0194,0.8755,terminal,0,5
96.104,1.9693,0.00317,0.00214,pulse:4:0.120,2.0120,1.9693,-0.0426,0.7590,terminal,0,5
96.203,1.9893,0.00288,0.00237,pulse:4:0.120,2.0120,1.9893,-0.0227,0.8186,terminal,0,5
96.305,2.0025,0.00225,0.00238,pulse:4:0.120,2.0120,2.0025,-0.0094,0.9209,terminal,0,5
96.407,2.0257,0.00215,0.00176,pulse:2:0.120,2.0541,2.0257,-0.0285,0.9226,terminal,0,5
96.503,2.0510,0.00198,0.00184,pulse:2:0.120,2.0541,2.0510,-0.0032,0.8290,terminal,0,5
96.608,2.0554,0.00180,0.00125,pulse:2:0.120,2.0541,2.0554,0.0013,0.8649,terminal,0,5
96.708,2.0655,0.00108,0.00095,pulse:2:0.120,2.0791,2.0655,-0.0135,0.8146,terminal,0,5
96.803,2.0506,0.00151,0.00036,pulse:2:0.120,2.0791,2.0506,-0.0284,0.8193,terminal,0,5
96.906,2.0481,0.00131,0.00056,pulse:2:0.120,2.0791,2.0481,-0.0309,0.9158,terminal,0,5
97.008,2.0515,0.00050,0.00045,pulse:2:0.120,2.0571,2.0515,-0.0056,0.8545,terminal,0,5
97.103,2.0555,0.00095,0.00047,pulse:2:0.120,2.0571,2.0555,-0.0016,0.8472,terminal,0,5
97.204,2.0441,0.00039,0.00108,pulse:2:0.120,2.0571,2.0441,-0.0129,0.9340,terminal,0,5
97.305,2.0567,0.00047,0.00203,pulse:4:0.120,2.0621,2.0567,-0.0054,0.8526,terminal,0,5
97.407,2.0660,0.00015,0.00216,pulse:4:0.120,2.0621,2.0660,0.0039,0.9236,terminal,0,5
97.506,2.0655,-0.00001,0.00182,pulse:4:0.120,2.0621,2.0655,0.0034,0.8970,terminal,0,5
97.606,2.0711,0.00016,0.00149,pulse:4:0.120,2.0721,2.0711,-0.0011,0.8044,terminal,0,5
97.703,2.0792,0.00033,0.00171,pulse:4:0.120,2.0721,2.0792,0.0071,0.8293,terminal,0,5
97.805,2.0840,0.00004,0.00127,pulse:4:0.120,2.0721,2.0840,0.0119,0.9060,terminal,0,5
97.903,2.0765,-0.00039,0.00104,pulse:4:0.120,2.0700,2.0765,0.0065,0.7886,terminal,0,5
98.006,2.0712,0.00005,0.00142,pulse:4:0.120,2.0700,2.0712,0.0012,0.9343,terminal,0,5
98.103,2.0646,-0.00051,0.00080,pulse:4:0.120,2.0700,2.0646,-0.0054,0.8711,terminal,0,5
98.207,2.0794,-0.00073,0.00146,pulse:4:0.120,2.0682,2.0794,0.0112,0.7503,terminal,0,5
98.303,2.0566,-0.00047,0.00092,pulse:4:0.120,2.0682,2.0566,-0.0116,0.7646,terminal,0,5
98.407,2.0327,-0.00104,0.00134,pulse:4:0.120,2.0682,2.0327,-0.0356,0.8012,terminal,0,5
98.508,2.0269,-0.00153,0.00191,pulse:2:0.120,2.0048,2.0269,0.0222,0.8635,terminal,0,5
98.606,2.0029,-0.00121,0.00175,pulse:2:0.120,2.0048,2.0029,-0.0019,0.8311,terminal,0,5
98.706,1.9989,-0.00131,0.00095,pulse:2:0.120,2.0048,1.9989,-0.0059,0.8849,terminal,0,5
98.806,1.9953,-0.00212,0.00074,pulse:4:0.120,1.9650,1.9953,0.0303,0.9193,terminal,0,5
98.904,2.0003,-0.00177,0.00136,pulse:4:0.120,1.9650,2.0003,0.0353,0.8869,terminal,0,5
99.004,1.9804,-0.00262,0.00132,pulse:4:0.120,1.9650,1.9804,0.0154,0.9432,terminal,0,5
99.102,1.9617,-0.00282,0.00232,pulse:2:0.120,1.9219,1.9617,0.0398,0.9187,terminal,0,5
99.207,1.9440,-0.00276,0.00292,pulse:2:0.120,1.9219,1.9440,0.0220,0.9459,terminal,0,5
99.303,1.9151,-0.00307,0.00241,pulse:2:0.120,1.9219,1.9151,-0.0069,0.7495,terminal,0,5
99.407,1.9017,-0.00352,0.00121,pulse:2:0.120,1.8521,1.9017,0.0496,0.7472,terminal,0,5
99.503,1.8902,-0.00289,0.00226,pulse:2:0.120,1.8521,1.8902,0.0381,0.8423,terminal,0,5
99.603,1.8863,-0.00384,0.00158,pulse:2:0.120,1.8521,1.8863,0.0343,0.8554,terminal,0,5
99.702,1.8786,-0.00448,0.00179,pulse:2:0.120,1.8158,1.8786,0.0628,0.8383,terminal,0,5
99.802,1.8648,-0.00346,0.00167,pulse:2:0.120,1.8158,1.8648,0.0491,0.9287,terminal,0,5
99.904,1.8357,-0.00476,0.00184,pulse:2:0.120,1.8158,1.8357,0.0199,0.8591,terminal,0,5
100.004,1.8167,-0.00456,0.00159,pulse:2:0.120,1.7527,1.8167,0.0639,0.7774,terminal,0,5
100.108,1.7792,-0.00427,0.00215,pulse:2:0.120,1.7527,1.7792,0.0264,0.7822,terminal,0,5
100.207,1.7472,-0.00493,0.00129,pulse:2:0.120,1.7527,1.7472,-0.0055,0.8689,terminal,0,5
100.306,1.7105,-0.00562,0.00202,pulse:2+4:0.040,1.6592,1.7105,0.0514,0.8217,terminal,0,5
100.403,1.6835,-0.00508,0.00218,pulse:2+4:0.040,1.6592,1.6835,0.0244,0.7842,terminal,0,5
100.505,1.6465,-0.00556,0.00313,pulse:2+4:0.040,1.6592,1.6465,-0.0127,0.7959,terminal,0,5
100.605,1.6010,-0.00507,0.00301,pulse:2:0.120,1.5306,1.6010,0.0704,0.8050,terminal,0,5
100.707,1.5646,-0.00582,0.00251,pulse:2:0.120,1.5306,1.5646,0.0340,0.7415,terminal,0,5
100.804,1.5252,-0.00616,0.00327,pulse:2:0.120,1.5306,1.5252,-0.0054,0.8549,terminal,0,5
100.906,1.4845,-0.00607,0.00420,pulse:4:0.120,1.4012,1.4845,0.0832,0.7968,terminal,0,5
101.008,1.4435,-0.00584,0.00500,pulse:4:0.120,1.4012,1.4435,0.0423,0.8867,terminal,0,5
101.107,1.4074,-0.00573,0.00494,pulse:4:0.120,1.4012,1.4074,0.0062,0.8559,terminal,0,5
101.204,1.3843,-0.00514,0.00525,pulse:0:0.120,1.3154,1.3843,0.0689,0.8837,terminal,0,5
101.304,1.3457,-0.00598,0.00542,pulse:0:0.120,1.3154,1.3457,0.0303,0.8401,terminal,0,5
101.408,1.2935,-0.00566,0.00448,pulse:0:0.120,1.3154,1.2935,-0.0219,0.7848,terminal,0,5
101.507,1.2829,-0.00556,0.00499,pulse:0:0.120,1.2080,1.2829,0.0749,0.7353,terminal,0,5
101.603,1.2581,-0.00506,0.00471,pulse:0:0.120,1.2080,1.2581,0.0501,0.7904,terminal,0,5
101.705,1.2119,-0.00563,0.00358,pulse:0:0.120,1.2080,1.2119,0.0039,0.8038,terminal,0,5
101.803,1.1846,-0.00533,0.00296,pulse:0:0.120,1.1116,1.1846,0.0730,0.9099,terminal,1,5
101.908,1.1406,-0.00502,0.00367,pulse:0:0.120,1.1116,1.1406,0.0291,0.8743,terminal,1,5
102.004,1.1255,-0.00482,0.00235,pulse:0:0.120,1.1116,1.1255,0.0140,0.8653,terminal,1,5
102.102,1.0980,-0.00461,0.00264,pulse:0:0.120,1.0346,1.0980,0.0634,0.8877,terminal,0,5
102.207,1.0709,-0.00507,0.00265,pulse:0:0.120,1.0346,1.0709,0.0363,0.8955,terminal,0,5
102.305,1.0439,-0.00557,0.00149,pulse:0:0.120,1.0346,1.0439,0.0093,0.8609,terminal,0,5
102.403,0.9815,-0.00526,0.00155,pulse:0:0.120,0.9088,0.9815,0.0727,0.7633,terminal,1,5
102.505,0.9597,-0.00526,0.00135,pulse:0:0.120,0.9088,0.9597,0.0508,0.8852,terminal,1,5
102.607,0.9398,-0.00539,0.00062,pulse:0:0.120,0.9088,0.9398,0.0310,0.8478,terminal,1,5
102.704,0.9219,-0.00574,0.00023,pulse:2:0.120,0.8420,0.9219,0.0799,0.8093,terminal,1,5
102.803,0.8963,-0.00643,0.00075,pulse:2:0.120,0.8420,0.8963,0.0543,0.6973,terminal,1,5
102.907,0.8721,-0.00624,0.00108,pulse:2:0.120,0.8420,0.8721,0.0301,0.6929,terminal,1,5
103.008,0.8169,-0.00662,0.00152,pulse:0:0.120,0.7256,0.8169,0.0913,0.7769,terminal,0,5
103.102,0.7858,-0.00675,0.00185,pulse:0:0.120,0.7256,0.7858,0.0602,0.8114,terminal,0,5
103.203,0.7313,-0.00687,0.00115,pulse:0:0.120,0.7256,0.7313,0.0057,0.8370,terminal,0,5
103.305,0.7135,-0.00683,0.00057,pulse:0:0.120,0.6190,0.7135,0.0945,0.8276,terminal,1,5
103.404,0.6665,-0.00702,0.00085,pulse:0:0.120,0.6190,0.6665,0.0475,0.8971,terminal,1,5
103.505,0.6231,-0.00759,0.00005,pulse:0:0.120,0.6190,0.6231,0.0040,0.9199,terminal,1,5
103.608,0.5868,-0.00729,0.00045,pulse:0:0.120,0.4858,0.5868,0.1010,0.7730,terminal,1,5
103.704,0.5502,-0.00723,0.00071,pulse:0:0.120,0.4858,0.5502,0.0644,0.8364,terminal,1,5
103.808,0.5150,-0.00795,0.00156,pulse:0:0.120,0.4858,0.5150,0.0292,0.8091,terminal,1,5
103.906,0.4823,-0.00701,0.00263,pulse:4:0.120,0.3868,0.4823,0.0955,0.7083,terminal,1,5
104.007,0.4452,-0.00704,0.00232,pulse:4:0.120,0.3868,0.4452,0.0585,0.8119,terminal,1,5
104.104,0.4148,-0.00737,0.00287,pulse:4:0.120,0.3868,0.4148,0.0281,0.8832,terminal,1,5
104.204,0.3674,-0.00748,0.00220,pulse:1:0.080,0.2829,0.3674,0.0845,0.8494,terminal,1,5
104.306,0.3255,-0.00650,0.00293,pulse:1:0.080,0.2829,0.3255,0.0426,0.8034,terminal,1,5
104.405,0.2813,-0.00718,0.00239,pulse:1:0.080,0.2829,0.2813,-0.0016,0.8006,terminal,1,5
104.506,0.2477,-0.00668,0.00244,pulse:1:0.120,0.1591,0.2477,0.0887,0.7559,terminal,1,5
104.604,0.2086,-0.00613,0.00331,pulse:1:0.120,0.1591,0.2086,0.0495,0.7374,terminal,1,5
104.703,0.1793,-0.00605,0.00287,pulse:1:0.120,0.1591,0.1793,0.0203,0.7209,terminal,1,5
104.805,0.1389,-0.00533,0.00316,pulse:1+3:0.040,0.0946,0.1389,0.0444,0.7870,terminal,1,5
104.908,0.1005,-0.00463,0.00442,pulse:1+3:0.040,0.0946,0.1005,0.0059,0.8772,terminal,1,5
105.007,0.0877,-0.00240,0.00589,pulse:1+3:0.040,0.0946,0.0877,-0.0069,0.8770,terminal,1,5
105.103,0.0717,0.00059,0.00650,pulse:3:0.120,0.1195,0.0717,-0.0478,0.9032,terminal,1,5
105.204,0.0841,0.00311,0.00558,pulse:3:0.120,0.1195,0.0841,-0.0353,0.7453,terminal,1,5
105.305,0.1123,0.00452,0.00404,pulse:3:0.120,0.1195,0.1123,-0.0072,0.7996,terminal,1,5
105.403,0.1532,0.00522,0.00245,pulse:1:0.120,0.2262,0.1532,-0.0730,0.8051,terminal,1,5
105.506,0.1787,0.00495,0.00286,pulse:1:0.120,0.2262,0.1787,-0.0475,0.8338,terminal,1,5
105.606,0.1953,0.00432,0.00383,pulse:1:0.120,0.2262,0.1953,-0.0309,0.7806,terminal,1,5
105.708,0.2321,0.00440,0.00388,pulse:1:0.120,0.2963,0.2321,-0.0642,0.7718,terminal,1,5
105.808,0.2558,0.00498,0.00318,pulse:1:0.120,0.2963,0.2558,-0.0405,0.7891,terminal,1,5
105.906,0.2633,0.00434,0.00321,pulse:1:0.120,0.2963,0.2633,-0.0329,0.7231,terminal,1,5
106.005,0.2792,0.00533,0.00328,pulse:3:0.120,0.3548,0.2792,-0.0757,0.6517,terminal,1,5
106.107,0.3329,0.00530,0.00262,pulse:3:0.120,0.3548,0.3329,-0.0219,0.7626,terminal,1,5
106.208,0.3649,0.00561,0.00195,pulse:3:0.120,0.3548,0.3649,0.0100,0.7912,terminal,1,5
106.306,0.3808,0.00534,0.00098,pulse:1:0.120,0.4540,0.3808,-0.0732,0.7703,terminal,1,5
106.407,0.4135,0.00496,0.00085,pulse:1:0.120,0.4540,0.4135,-0.0405,0.8701,terminal,1,5
106.506,0.4606,0.00566,0.00172,pulse:1:0.120,0.4540,0.4606,0.0066,0.7872,terminal,1,5
106.604,0.5146,0.00631,0.00144,pulse:3:0.120,0.6011,0.5146,-0.0865,0.7974,terminal,1,5
106.705,0.5447,0.00581,0.00121,pulse:3:0.120,0.6011,0.5447,-0.0564,0.7944,terminal,1,5
106.804,0.5725,0.00574,0.00107,pulse:3:0.120,0.6011,0.5725,-0.0286,0.7033,terminal,1,5
106.904,0.6026,0.00586,0.00126,pulse:1:0.120,0.6830,0.6026,-0.0804,0.7075,terminal,1,5
107.004,0.6390,0.00589,0.00159,pulse:1:0.120,0.6830,0.6390,-0.0440,0.7530,terminal,1,5
107.105,0.6740,0.00584,0.00146,pulse:1:0.120,0.6830,0.6740,-0.0090,0.7892,terminal,1,5
107.202,0.7049,0.00595,0.00167,pulse:3:0.120,0.7865,0.7049,-0.0816,0.8668,terminal,1,5
107.306,0.7541,0.00614,0.00165,pulse:3:0.120,0.7865,0.7541,-0.0324,0.7237,terminal,1,5
107.406,0.7916,0.00593,0.00169,pulse:3:0.120,0.7865,0.7916,0.0051,0.6580,terminal,1,5
107.504,0.8083,0.00629,0.00189,pulse:1:0.120,0.8949,0.8083,-0.0866,0.7736,terminal,0,5
107.607,0.8750,0.00583,0.00204,pulse:1:0.120,0.8949,0.8750,-0.0199,0.7679,terminal,0,5
107.706,0.9018,0.00572,0.00250,pulse:1:0.120,0.8949,0.9018,0.0069,0.6762,terminal,0,5
107.806,0.9275,0.00566,0.00202,pulse:3:0.120,1.0053,0.9275,-0.0777,0.8048,terminal,0,5
107.906,0.9493,0.00540,0.00277,pulse:3:0.120,1.0053,0.9493,-0.0559,0.7062,terminal,0,5
108.002,0.9682,0.00509,0.00240,pulse:3:0.120,1.0053,0.9682,-0.0370,0.7310,terminal,0,5
108.104,0.9917,0.00514,0.00220,pulse:3:0.120,1.0624,0.9917,-0.0707,0.7065,terminal,0,5
108.203,1.0117,0.00533,0.00170,pulse:3:0.120,1.0624,1.0117,-0.0506,0.6786,terminal,0,5
108.307,1.0340,0.00481,0.00270,pulse:3:0.120,1.0624,1.0340,-0.0283,0.6893,terminal,0,5
108.404,1.0669,0.00449,0.00315,pulse:3:0.120,1.1292,1.0669,-0.0623,0.6506,terminal,0,5
108.503,1.0924,0.00436,0.00254,pulse:3:0.120,1.1292,1.0924,-0.0368,0.7910,terminal,0,5
108.607,1.1075,0.00467,0.00290,pulse:3:0.120,1.1292,1.1075,-0.0217,0.7056,terminal,0,5
108.705,1.1418,0.00475,0.00308,pulse:3:0.120,1.2075,1.1418,-0.0657,0.6847,terminal,0,5
108.808,1.1699,0.00437,0.00347,pulse:3:0.120,1.2075,1.1699,-0.0376,0.6906,terminal,0,5
108.905,1.2035,0.00428,0.00404,pulse:3:0.120,1.2075,1.2035,-0.0040,0.7284,terminal,0,5
109.007,1.2348,0.00439,0.00329,pulse:3:0.120,1.2956,1.2348,-0.0609,0.6372,terminal,0,5
109.104,1.2619,0.00436,0.00419,pulse:3:0.120,1.2956,1.2619,-0.0337,0.7663,terminal,0,5
109.206,1.2867,0.00434,0.00442,pulse:3:0.120,1.2956,1.2867,-0.0089,0.7842,terminal,0,5
109.305,1.3400,0.00456,0.00432,pulse:0+2:0.040,1.3823,1.3400,-0.0424,0.6918,terminal,0,5
109.408,1.3791,0.00458,0.00500,pulse:0+2:0.040,1.3823,1.3791,-0.0033,0.6883,terminal,0,5
109.504,1.4004,0.00501,0.00383,pulse:0+2:0.040,1.3823,1.4004,0.0181,0.8198,terminal,0,5
109.608,1.4155,0.00469,0.00459,pulse:2:0.120,1.4814,1.4155,-0.0659,0.7164,terminal,0,5
109.707,1.4503,0.00499,0.00349,pulse:2:0.120,1.4814,1.4503,-0.0311,0.6252,terminal,0,5
109.803,1.4781,0.00533,0.00391,pulse:2:0.120,1.4814,1.4781,-0.0033,0.6844,terminal,0,5
109.904,1.5233,0.00523,0.00336,pulse:2:0.120,1.5959,1.5233,-0.0726,0.7409,terminal,0,5
110.005,1.5708,0.00602,0.00281,pulse:2:0.120,1.5959,1.5708,-0.0251,0.7636,terminal,0,5
110.103,1.6016,0.00539,0.00251,pulse:2:0.120,1.5959,1.6016,0.0057,0.6723,terminal,0,5
110.205,1.6364,0.00534,0.00224,pulse:0+2:0.040,1.6855,1.6364,-0.0491,0.7544,terminal,0,5
110.308,1.6709,0.00584,0.00234,pulse:0+2:0.040,1.6855,1.6709,-0.0146,0.7643,terminal,0,5
110.405,1.7019,0.00564,0.00251,pulse:0+2:0.040,1.6855,1.7019,0.0164,0.7505,terminal,0,5
110.505,1.7353,0.00613,0.00197,pulse:0+2:0.040,1.7917,1.7353,-0.0563,0.7632,terminal,0,5
110.606,1.7793,0.00531,0.00196,pulse:0+2:0.040,1.7917,1.7793,-0.0123,0.8011,terminal,0,5
110.702,1.7926,0.00613,0.00140,pulse:0+2:0.040,1.7917,1.7926,0.0009,0.6537,terminal,0,5
110.802,1.8323,0.00574,0.00133,pulse:0+2:0.040,1.8850,1.8323,-0.0527,0.7240,terminal,0,5
110.903,1.8616,0.00541,0.00144,pulse:0+2:0.040,1.8850,1.8616,-0.0235,0.7820,terminal,0,5
111.002,1.8932,0.00526,0.00106,pulse:0+2:0.040,1.8850,1.8932,0.0081,0.6842,terminal,0,5
111.102,1.9289,0.00606,0.00116,pulse:2:0.120,2.0123,1.9289,-0.0834,0.7679,terminal,0,5
111.207,1.9760,0.00552,0.00093,pulse:2:0.120,2.0123,1.9760,-0.0363,0.7062,terminal,0,5
111.307,2.0110,0.00583,0.00009,pulse:2:0.120,2.0123,2.0110,-0.0013,0.6858,terminal,0,5
111.403,2.0296,0.00583,0.00106,pulse:0:0.120,2.1097,2.0296,-0.0801,0.6788,terminal,0,5
111.507,2.0531,0.00546,0.00046,pulse:0:0.120,2.1097,2.0531,-0.0566,0.6425,terminal,0,5
111.605,2.0771,0.00606,0.00100,pulse:0:0.120,2.1097,2.0771,-0.0326,0.7778,terminal,0,5
111.704,2.1130,0.00533,0.00170,pulse:2:0.120,2.1864,2.1130,-0.0733,0.6499,terminal,0,5
111.806,2.1463,0.00558,0.00126,pulse:2:0.120,2.1864,2.1463,-0.0401,0.7747,terminal,0,5
111.907,2.1701,0.00507,0.00141,pulse:2:0.120,2.1864,2.1701,-0.0162,0.7486,terminal,0,5
112.004,2.2072,0.00580,0.00167,pulse:2:0.120,2.2870,2.2072,-0.0798,0.6173,terminal,0,5
112.102,2.2483,0.00573,0.00153,pulse:2:0.120,2.2870,2.2483,-0.0387,0.7781,terminal,0,5
112.206,2.2814,0.00524,0.00168,pulse:2:0.120,2.2870,2.2814,-0.0057,0.7774,terminal,0,5
112.307,2.2875,0.00635,0.00145,pulse:0:0.120,2.3749,2.2875,-0.0874,0.7344,terminal,0,5
112.406,2.3230,0.00584,0.00166,pulse:0:0.120,2.3749,2.3230,-0.0519,0.7649,terminal,0,5
112.506,2.3512,0.00439,0.00257,pulse:0:0.120,2.3749,2.3512,-0.0237,0.6953,terminal,0,5
112.604,2.3940,0.00542,0.00266,pulse:2:0.120,2.4687,2.3940,-0.0747,0.6649,terminal,0,5
112.706,2.4337,0.00569,0.00252,pulse:2:0.120,2.4687,2.4337,-0.0350,0.6882,terminal,0,5
112.804,2.4596,0.00554,0.00235,pulse:2:0.120,2.4687,2.4596,-0.0091,0.6563,terminal,0,5
112.903,2.4802,0.00637,0.00235,pulse:2:0.120,2.5680,2.4802,-0.0878,0.6546,terminal,0,5
113.008,2.5181,0.00543,0.00260,pulse:2:0.120,2.5680,2.5181,-0.0500,0.6789,terminal,0,5
113.102,2.5487,0.00628,0.00297,pulse:2:0.120,2.5680,2.5487,-0.0193,0.6570,terminal,0,5
113.205,2.6010,0.00634,0.00319,pulse:3:0.120,2.6885,2.6010,-0.0875,0.6748,terminal,0,5
113.304,2.6296,0.00565,0.00289,pulse:3:0.120,2.6885,2.6296,-0.0589,0.7173,terminal,0,5
113.406,2.6642,0.00633,0.00271,pulse:3:0.120,2.6885,2.6642,-0.0243,0.6522,terminal,0,5
113.505,2.6942,0.00583,0.00216,pulse:0:0.120,2.7746,2.6942,-0.0804,0.5933,terminal,0,5
113.557,2.7078,0.00611,0.00219,pulse:0:0.120,2.7746,2.7078,-0.0667,0.6032,terminal,0,5
113.705,2.7665,0.00611,0.00221,pulse:0:0.120,2.7746,2.7665,-0.0081,0.6178,terminal,0,5
113.802,2.7987,0.00587,0.00240,pulse:1:0.120,2.8795,2.7987,-0.0808,0.6776,terminal,0,5
113.907,2.8370,0.00553,0.00246,pulse:1:0.120,2.8795,2.8370,-0.0425,0.7320,terminal,0,5
114.008,2.8535,0.00615,0.00213,pulse:1:0.120,2.8795,2.8535,-0.0260,0.7373,terminal,0,5
114.105,2.8936,0.00541,0.00221,pulse:3:0.120,2.9682,2.8936,-0.0745,0.7807,terminal,0,5
114.202,2.9006,0.00543,0.00249,pulse:3:0.120,2.9682,2.9006,-0.0675,0.6866,terminal,0,5
114.304,2.9241,0.00569,0.00210,pulse:3:0.120,2.9682,2.9241,-0.0441,0.7850,terminal,0,5
114.402,2.9827,0.00601,0.00121,pulse:3:0.120,3.0654,2.9827,-0.0827,0.6315,terminal,0,5
114.507,3.0243,0.00514,0.00141,pulse:3:0.120,3.0654,3.0243,-0.0411,0.5777,terminal,0,5
114.606,3.0635,0.00557,0.00082,pulse:3:0.120,3.0654,3.0635,-0.0019,0.6408,terminal,0,5
114.703,3.0951,0.00579,0.00052,pulse:1:0.160,3.1878,3.0951,-0.0927,0.6227,terminal,0,5
114.804,3.1285,0.00505,0.00059,pulse:1:0.160,3.1878,3.1285,-0.0593,0.6485,terminal,0,5
114.903,3.1548,0.00565,0.00112,pulse:1:0.160,3.1878,3.1548,-0.0330,0.6428,terminal,0,5
115.006,3.1857,0.00505,0.00144,pulse:3:0.160,3.2665,3.1857,-0.0808,0.7571,terminal,0,5
115.104,3.2005,0.00505,0.00129,pulse:3:0.160,3.2665,3.2005,-0.0661,0.6602,terminal,0,5
115.205,3.2511,0.00504,0.00159,pulse:3:0.160,3.2665,3.2511,-0.0154,0.7586,terminal,0,5
115.302,3.2925,0.00554,0.00093,pulse:3:0.160,3.3812,3.2925,-0.0887,0.6348,terminal,0,5
115.402,3.3172,0.00514,0.00105,pulse:3:0.160,3.3812,3.3172,-0.0641,0.7500,terminal,0,5
115.504,3.3415,0.00490,0.00131,pulse:3:0.160,3.3812,3.3415,-0.0398,0.7069,terminal,0,5
115.603,3.3712,0.00588,0.00167,pulse:2:0.080,3.4387,3.3712,-0.0674,0.7481,terminal,0,5
115.704,3.4018,0.00547,0.00268,pulse:2:0.080,3.4387,3.4018,-0.0369,0.6061,terminal,0,5
115.803,3.4474,0.00534,0.00196,pulse:2:0.080,3.4387,3.4474,0.0087,0.7051,terminal,0,5
115.903,3.4788,0.00548,0.00125,pulse:1:0.160,3.5667,3.4788,-0.0879,0.6793,terminal,0,5
116.006,3.5211,0.00537,0.00166,pulse:1:0.160,3.5667,3.5211,-0.0456,0.7106,terminal,0,5
116.105,3.5446,0.00550,0.00118,pulse:1:0.160,3.5667,3.5446,-0.0221,0.5941,terminal,0,5
116.203,3.5820,0.00578,0.00104,pulse:1:0.160,3.6747,3.5820,-0.0927,0.7417,terminal,0,5
116.304,3.6064,0.00557,0.00119,pulse:1:0.160,3.6747,3.6064,-0.0683,0.7169,terminal,0,5
116.403,3.6301,0.00562,0.00184,pulse:1:0.160,3.6747,3.6301,-0.0446,0.6992,terminal,0,5
116.506,3.6574,0.00611,0.00259,pulse:0:0.160,3.7558,3.6574,-0.0984,0.6801,terminal,0,5
116.602,3.6894,0.00614,0.00172,pulse:0:0.160,3.7558,3.6894,-0.0664,0.7718,terminal,0,5
116.706,3.7212,0.00613,0.00184,pulse:0:0.160,3.7558,3.7212,-0.0347,0.6671,terminal,0,5
116.803,3.7248,0.00601,0.00138,pulse:2:0.160,3.8212,3.7248,-0.0965,0.7302,terminal,0,5
116.906,3.7699,0.00585,0.00138,pulse:2:0.160,3.8212,3.7699,-0.0513,0.5802,terminal,0,5
117.007,3.8042,0.00612,0.00076,pulse:2:0.160,3.8212,3.8042,-0.0170,0.6287,terminal,0,5
117.108,3.8268,0.00599,0.00059,pulse:3:0.160,3.9228,3.8268,-0.0960,0.6234,terminal,0,5
117.208,3.8629,0.00615,0.00051,pulse:3:0.160,3.9228,3.8629,-0.0599,0.6325,terminal,0,5
117.308,3.8943,0.00568,0.00085,pulse:3:0.160,3.9228,3.8943,-0.0285,0.6508,terminal,0,5
117.403,3.9318,0.00586,0.00109,pulse:2:0.160,4.0259,3.9318,-0.0940,0.7555,terminal,0,5
117.504,3.9644,0.00569,0.00060,pulse:2:0.160,4.0259,3.9644,-0.0615,0.6389,terminal,0,5
117.603,3.9809,0.00545,0.00044,pulse:2:0.160,4.0259,3.9809,-0.0450,0.6397,terminal,0,5
117.704,4.0194,0.00597,0.00028,pulse:2:0.160,4.1151,4.0194,-0.0958,0.5758,terminal,0,5
117.805,4.0429,0.00590,0.00007,pulse:2:0.160,4.1151,4.0429,-0.0722,0.6827,terminal,0,5
117.904,4.0615,0.00572,0.00097,pulse:2:0.160,4.1151,4.0615,-0.0536,0.6183,terminal,0,5
118.002,4.0998,0.00554,0.00187,pulse:3:0.160,4.1888,4.0998,-0.0889,0.6913,terminal,0,5
118.107,4.1478,0.00501,0.00135,pulse:3:0.160,4.1888,4.1478,-0.0410,0.5657,terminal,0,5
118.206,4.1621,0.00560,0.00088,pulse:3:0.160,4.1888,4.1621,-0.0267,0.6431,terminal,0,5
118.305,4.1899,0.00562,0.00124,pulse:0:0.160,4.2802,4.1899,-0.0903,0.6960,terminal,0,5
118.405,4.2320,0.00547,0.00092,pulse:0:0.160,4.2802,4.2320,-0.0482,0.5574,terminal,0,5
118.507,4.2396,0.00569,0.00008,pulse:0:0.160,4.2802,4.2396,-0.0406,0.5180,terminal,0,5
118.607,4.2784,0.00529,0.00093,coast:0.080,4.3390,4.2784,-0.0606,0.5889,terminal,0,5
118.705,4.2930,0.00566,0.00034,coast:0.080,4.3390,4.2930,-0.0460,0.5257,terminal,0,5
118.803,4.3247,0.00491,0.00055,coast:0.080,4.3390,4.3247,-0.0143,0.5915,terminal,0,5
118.906,4.3505,0.00518,0.00035,pulse:2:0.160,4.4336,4.3505,-0.0831,0.6712,terminal,0,5
119.004,4.3909,0.00563,0.00027,pulse:2:0.160,4.4336,4.3909,-0.0427,0.5505,terminal,0,5
119.106,4.4324,0.00518,0.00080,pulse:2:0.160,4.4336,4.4324,-0.0012,0.6320,terminal,0,5
119.204,4.4638,0.00516,0.00135,pulse:3:0.160,4.5465,4.4638,-0.0827,0.7372,terminal,0,5
119.308,4.4971,0.00530,0.00154,pulse:3:0.160,4.5465,4.4971,-0.0494,0.6199,terminal,0,5
119.405,4.5293,0.00566,0.00104,pulse:3:0.160,4.5465,4.5293,-0.0172,0.5769,terminal,0,5
119.504,4.5425,0.00540,0.00059,pulse:0:0.160,4.6292,4.5425,-0.0867,0.5642,terminal,0,5
119.605,4.5813,0.00532,0.00105,pulse:0:0.160,4.6292,4.5813,-0.0478,0.6472,terminal,0,5
119.702,4.6209,0.00504,0.00050,pulse:0:0.160,4.6292,4.6209,-0.0083,0.5952,terminal,0,5
119.805,4.6509,0.00529,0.00121,pulse:1+3:0.040,4.6993,4.6509,-0.0485,0.5972,terminal,0,5
119.903,4.6672,0.00553,0.00143,pulse:1+3:0.040,4.6993,4.6672,-0.0322,0.6026,terminal,0,5
120.008,4.6986,0.00578,0.00044,pulse:1+3:0.040,4.6993,4.6986,-0.0008,0.5336,terminal,0,5
120.108,4.7345,0.00571,0.00097,pulse:2:0.160,4.8263,4.7345,-0.0918,0.5544,terminal,0,5
120.205,4.7671,0.00551,0.00050,pulse:2:0.160,4.8263,4.7671,-0.0592,0.5409,terminal,0,5
120.304,4.7915,0.00514,0.00011,pulse:2:0.160,4.8263,4.7915,-0.0348,0.5646,terminal,0,5
120.403,4.8336,0.00509,0.00064,pulse:0:0.160,4.9155,4.8336,-0.0819,0.6764,terminal,0,5
120.503,4.8592,0.00525,0.00072,pulse:0:0.160,4.9155,4.8592,-0.0563,0.5719,terminal,0,5
120.606,4.8944,0.00480,0.00091,pulse:0:0.160,4.9155,4.8944,-0.0211,0.6877,terminal,0,5
120.708,4.9123,0.00487,0.00214,pulse:1:0.160,4.9905,4.9123,-0.0781,0.6585,terminal,0,5
120.805,4.9517,0.00567,0.00216,pulse:1:0.160,4.9905,4.9517,-0.0388,0.6422,terminal,0,5
120.905,4.9899,0.00575,0.00191,pulse:1:0.160,4.9905,4.9899,-0.0006,0.6226,terminal,0,5
121.004,5.0246,0.00576,0.00056,pulse:1:0.160,5.1169,5.0246,-0.0923,0.5810,terminal,0,5
121.106,5.0604,0.00520,0.00072,pulse:1:0.160,5.1169,5.0604,-0.0564,0.5858,terminal,0,5
121.208,5.0867,0.00601,0.00071,pulse:1:0.160,5.1169,5.0867,-0.0302,0.5353,terminal,0,5
121.306,5.1115,0.00552,0.00150,pulse:2:0.160,5.2002,5.1115,-0.0887,0.6547,terminal,0,5
121.356,5.1507,0.00565,0.00160,pulse:2:0.160,5.2002,5.1507,-0.0495,0.6417,terminal,0,5
121.505,5.1918,0.00517,0.00219,pulse:2:0.160,5.2002,5.1918,-0.0085,0.5330,terminal,0,5
121.604,5.2234,0.00557,0.00274,pulse:3:0.160,5.3127,5.2234,-0.0894,0.6782,terminal,0,5
121.704,5.2538,0.00544,0.00227,pulse:3:0.160,5.3127,5.2538,-0.0590,0.5834,terminal,0,5
121.808,5.2885,0.00565,0.00152,pulse:3:0.160,5.3127,5.2885,-0.0243,0.6356,terminal,0,5
121.908,5.3380,0.00548,0.00074,pulse:3:0.160,5.4258,5.3380,-0.0878,0.5207,terminal,0,5
122.007,5.3793,0.00529,0.00138,pulse:3:0.160,5.4258,5.3793,-0.0465,0.5415,terminal,0,5
122.107,5.4070,0.00556,0.00040,pulse:3:0.160,5.4258,5.4070,-0.0187,0.6066,terminal,0,5
122.202,5.4358,0.00511,0.00087,coast:0.080,5.4943,5.4358,-0.0586,0.6337,terminal,0,5
122.304,5.4630,0.00555,0.00053,coast:0.080,5.4943,5.4630,-0.0314,0.5259,terminal,0,5
122.407,5.4833,0.00493,0.00112,coast:0.080,5.4943,5.4833,-0.0110,0.6020,terminal,0,5
122.507,5.5097,0.00531,0.00100,pulse:1+3:0.040,5.5584,5.5097,-0.0487,0.5171,terminal,0,5
122.605,5.5374,0.00557,0.00122,pulse:1+3:0.040,5.5584,5.5374,-0.0210,0.5279,terminal,0,5
122.704,5.5827,0.00562,0.00116,pulse:1+3:0.040,5.5584,5.5827,0.0243,0.5579,terminal,0,5
122.805,5.5920,0.00530,0.00144,pulse:0+2:0.040,5.6406,5.5920,-0.0486,0.6859,terminal,0,5
122.906,5.6293,0.00506,0.00115,pulse:0+2:0.040,5.6406,5.6293,-0.0113,0.6783,terminal,0,5
123.007,5.6343,0.00506,0.00125,pulse:0+2:0.040,5.6406,5.6343,-0.0063,0.5921,terminal,0,5
123.107,5.6713,0.00481,0.00106,coast:0.080,5.7265,5.6713,-0.0551,0.5581,terminal,0,5
123.203,5.7057,0.00527,0.00109,coast:0.080,5.7265,5.7057,-0.0208,0.6665,terminal,0,5
123.304,5.7507,0.00590,0.00114,coast:0.080,5.7265,5.7507,0.0242,0.5673,terminal,0,5
123.404,5.7759,0.00521,0.00093,pulse:2:0.160,5.8595,5.7759,-0.0837,0.4996,terminal,0,5
123.503,5.8037,0.00557,0.00083,pulse:2:0.160,5.8595,5.8037,-0.0559,0.5754,terminal,0,5
123.602,5.8559,0.00604,0.00015,pulse:2:0.160,5.8595,5.8559,-0.0036,0.5828,terminal,0,5
123.703,5.9027,0.00605,0.00109,pulse:3:0.080,5.9720,5.9027,-0.0693,0.5161,terminal,0,5
123.805,5.9327,0.00554,0.00124,pulse:3:0.080,5.9720,5.9327,-0.0394,0.6192,terminal,0,5
123.904,5.9623,0.00529,0.00072,pulse:3:0.080,5.9720,5.9623,-0.0097,0.5125,terminal,0,5
124.003,5.9858,0.00560,0.00040,pulse:2:0.160,6.0757,5.9858,-0.0899,0.6182,terminal,0,5
124.106,6.0143,0.00566,0.00070,pulse:2:0.160,6.0757,6.0143,-0.0614,0.5971,terminal,0,5
124.206,6.0408,0.00576,0.00186,pulse:2:0.160,6.0757,6.0408,-0.0349,0.5924,terminal,0,5
124.306,6.0605,0.00557,0.00166,pulse:3:0.160,6.1497,6.0605,-0.0892,0.6735,terminal,0,5
124.406,6.1018,0.00597,0.00185,pulse:3:0.160,6.1497,6.1018,-0.0479,0.5699,terminal,0,5
124.508,6.1482,0.00540,0.00116,pulse:3:0.160,6.1497,6.1482,-0.0015,0.5210,terminal,0,5
124.607,6.1899,0.00563,0.00090,pulse:0:0.160,6.2803,6.1899,-0.0904,0.4701,terminal,0,5
124.707,6.2234,0.00566,0.00098,pulse:0:0.160,6.2803,6.2234,-0.0569,0.5716,terminal,0,5
124.803,6.2546,0.00572,0.00046,pulse:0:0.160,6.2803,6.2546,-0.0257,0.6482,terminal,0,5
124.906,6.2982,0.00561,0.00101,pulse:2:0.160,6.3882,6.2982,-0.0901,0.5225,terminal,0,5
125.005,6.3218,0.00592,0.00069,pulse:2:0.160,6.3882,6.3218,-0.0664,0.5841,terminal,0,5
125.107,6.3488,0.00556,0.00102,pulse:2:0.160,6.3882,6.3488,-0.0394,0.6548,terminal,0,5
125.203,6.3695,0.00520,0.00151,pulse:3:0.160,6.4528,6.3695,-0.0833,0.4975,terminal,0,5
125.307,6.4134,0.00501,0.00073,pulse:3:0.160,6.4528,6.4134,-0.0394,0.6054,terminal,0,5
125.405,6.4633,0.00540,0.00064,pulse:3:0.160,6.4528,6.4633,0.0105,0.6145,terminal,0,5
125.507,6.5007,0.00506,0.00046,coast:0.040,6.5471,6.5007,-0.0464,0.5719,terminal,0,5
125.607,6.5366,0.00512,0.00101,coast:0.040,6.5471,6.5366,-0.0105,0.5630,terminal,0,5
125.708,6.5633,0.00500,0.00029,coast:0.040,6.5471,6.5633,0.0162,0.5227,terminal,0,5
125.805,6.5899,0.00467,0.00110,pulse:1+3:0.040,6.6327,6.5899,-0.0428,0.6597,terminal,0,5
125.904,6.6021,0.00505,0.00100,pulse:1+3:0.040,6.6327,6.6021,-0.0307,0.6235,terminal,0,5
126.006,6.6402,0.00539,0.00018,pulse:1+3:0.040,6.6327,6.6402,0.0075,0.6009,terminal,0,5
126.102,6.6624,0.00588,0.00054,pulse:2:0.160,6.7567,6.6624,-0.0944,0.5931,terminal,0,5
126.205,6.6949,0.00517,0.00059,pulse:2:0.160,6.7567,6.6949,-0.0618,0.5205,terminal,0,5
126.302,6.7158,0.00547,0.00077,pulse:2:0.160,6.7567,6.7158,-0.0410,0.6534,terminal,0,5
126.406,6.7600,0.00531,0.00139,pulse:3:0.160,6.8452,6.7600,-0.0852,0.5182,terminal,0,5
126.506,6.7988,0.00536,0.00094,pulse:3:0.160,6.8452,6.7988,-0.0463,0.6508,terminal,0,5
126.605,6.8364,0.00592,0.00016,pulse:3:0.160,6.8452,6.8364,-0.0088,0.6645,terminal,0,5
126.652,6.8538,0.00597,0.00115,pulse:1:0.160,6.9494,6.8538,-0.0955,0.5537,terminal,0,5
126.807,6.8944,0.00559,0.00150,pulse:1:0.160,6.9494,6.8944,-0.0549,0.5188,terminal,0,5
126.903,6.9382,0.00564,0.00070,coast:0.040,6.9899,6.9382,-0.0516,0.5350,terminal,0,5
127.006,6.9968,0.00630,0.00086,coast:0.040,6.9899,6.9968,0.0069,0.5856,terminal,0,5
127.105,7.0377,0.00592,0.00061,coast:0.040,6.9899,7.0377,0.0479,0.5700,terminal,0,5
127.208,7.0697,0.00594,0.00082,coast:0.040,7.1242,7.0697,-0.0545,0.6497,terminal,0,5
127.307,7.0775,0.00575,0.00065,coast:0.040,7.1242,7.0775,-0.0467,0.6134,terminal,0,5
127.407,7.1205,0.00541,0.00082,coast:0.040,7.1242,7.1205,-0.0037,0.6610,terminal,0,5
127.503,7.1620,0.00575,0.00051,pulse:2:0.160,7.2543,7.1620,-0.0923,0.6270,terminal,0,5
127.606,7.1893,0.00568,0.00106,pulse:2:0.160,7.2543,7.1893,-0.0650,0.6628,terminal,0,5
127.703,7.2205,0.00545,0.00132,pulse:2:0.160,7.2543,7.2205,-0.0339,0.5228,terminal,0,5
127.802,7.2504,0.00618,0.00153,pulse:3:0.160,7.3495,7.2504,-0.0991,0.5313,terminal,0,5
127.903,7.2917,0.00600,0.00150,pulse:3:0.160,7.3495,7.2917,-0.0578,0.6184,terminal,0,5
128.005,7.3164,0.00567,0.00095,pulse:3:0.160,7.3495,7.3164,-0.0331,0.5687,terminal,0,5
128.102,7.3673,0.00521,0.00046,pulse:2:0.160,7.4509,7.3673,-0.0837,0.6127,terminal,0,5
128.208,7.4005,0.00588,0.00036,pulse:2:0.160,7.4509,7.4005,-0.0504,0.4989,terminal,0,5
128.303,7.4149,0.00556,0.00046,pulse:2:0.160,7.4509,7.4149,-0.0360,0.4825,terminal,0,5
128.407,7.4485,0.00572,0.00085,pulse:3:0.160,7.5402,7.4485,-0.0917,0.6287,terminal,0,5
128.505,7.4785,0.00488,0.00116,pulse:3:0.160,7.5402,7.4785,-0.0617,0.4918,terminal,0,5
128.605,7.5102,0.00538,0.00043,pulse:3:0.160,7.5402,7.5102,-0.0299,0.6007,terminal,0,5
128.704,7.5450,0.00590,0.00040,pulse:3:0.160,7.6396,7.5450,-0.0946,0.5803,terminal,0,5
128.805,7.5791,0.00570,0.00041,pulse:3:0.160,7.6396,7.5791,-0.0605,0.5575,terminal,0,5
128.905,7.6053,0.00611,0.00135,pulse:3:0.160,7.6396,7.6053,-0.0343,0.4461,terminal,0,5
129.007,7.6239,0.00515,0.00165,pulse:1:0.160,7.7065,7.6239,-0.0826,0.5796,terminal,0,5
129.106,7.6480,0.00554,0.00119,pulse:1:0.160,7.7065,7.6480,-0.0586,0.4686,terminal,0,5
129.206,7.6826,0.00566,0.00100,pulse:1:0.160,7.7065,7.6826,-0.0239,0.4550,terminal,0,5
129.306,7.7002,0.00563,0.00213,pulse:2:0.160,7.7907,7.7002,-0.0905,0.4207,terminal,0,5
129.404,7.7262,0.00568,0.00134,pulse:2:0.160,7.7907,7.7262,-0.0645,0.4855,terminal,0,5
129.503,7.7551,0.00591,0.00217,pulse:2:0.160,7.7907,7.7551,-0.0357,0.5052,terminal,0,5
129.606,7.8258,0.00553,0.00236,pulse:0:0.160,7.9147,7.8258,-0.0889,0.4395,terminal,0,5
129.705,7.8537,0.00552,0.00183,pulse:0:0.160,7.9147,7.8537,-0.0610,0.4299,terminal,0,5
129.804,7.8909,0.00507,0.00099,pulse:0:0.160,7.9147,7.8909,-0.0238,0.5567,terminal,0,5
129.904,7.9120,0.00573,0.00105,pulse:0:0.160,8.0040,7.9120,-0.0920,0.5254,terminal,0,5
130.003,7.9430,0.00564,0.00037,pulse:0:0.160,8.0040,7.9430,-0.0610,0.4281,terminal,0,5
130.105,7.9687,0.00545,0.00064,pulse:0:0.160,8.0040,7.9687,-0.0354,0.5807,terminal,0,5
130.205,7.9916,0.00533,0.00116,pulse:1:0.160,8.0771,7.9916,-0.0855,0.5252,terminal,0,5
130.305,7.9966,0.00509,0.00143,pulse:1:0.160,8.0771,7.9966,-0.0805,0.4507,terminal,0,5
130.404,8.0391,0.00568,0.00066,pulse:1:0.160,8.0771,8.0391,-0.0380,0.4160,terminal,0,5
130.505,8.0782,0.00504,0.00034,pulse:2:0.160,8.1591,8.0782,-0.0809,0.5492,terminal,0,5
130.603,8.1124,0.00553,0.00115,pulse:2:0.160,8.1591,8.1124,-0.0466,0.6120,terminal,0,5
130.703,8.1470,0.00548,0.00140,pulse:2:0.160,8.1591,8.1470,-0.0120,0.4418,terminal,0,5
130.805,8.1887,0.00547,0.00201,pulse:0:0.160,8.2765,8.1887,-0.0879,0.5228,terminal,0,5
130.908,8.2144,0.00525,0.00191,pulse:0:0.160,8.2765,8.2144,-0.0621,0.5717,terminal,0,5
131.003,8.2336,0.00551,0.00136,pulse:0:0.160,8.2765,8.2336,-0.0429,0.6028,terminal,0,5
131.108,8.2608,0.00541,0.00126,pulse:3:0.160,8.3475,8.2608,-0.0867,0.4980,terminal,0,5
131.205,8.3071,0.00571,0.00155,pulse:3:0.160,8.3475,8.3071,-0.0404,0.4824,terminal,0,5
131.304,8.3234,0.00565,0.00080,pulse:3:0.160,8.3475,8.3234,-0.0241,0.4639,terminal,0,5
131.403,8.3470,0.00509,0.00117,pulse:3:0.160,8.4287,8.3470,-0.0817,0.5093,terminal,0,5
131.506,8.3829,0.00501,0.00090,pulse:3:0.160,8.4287,8.3829,-0.0458,0.4777,terminal,0,5
131.605,8.4263,0.00586,0.00177,pulse:3:0.160,8.4287,8.4263,-0.0024,0.4466,terminal,0,5
131.707,8.4477,0.00567,0.00228,pulse:1+2:0.080,8.5127,8.4477,-0.0650,0.4789,terminal,0,5
131.807,8.4675,0.00529,0.00196,pulse:1+2:0.080,8.5127,8.4675,-0.0452,0.5496,terminal,0,5
131.904,8.4738,0.00523,0.00072,pulse:1+2:0.080,8.5127,8.4738,-0.0389,0.4227,terminal,0,5
132.004,8.4954,0.00543,0.00089,coast:0.080,8.5576,8.4954,-0.0622,0.4188,terminal,0,5
132.108,8.5217,0.00571,0.00056,coast:0.080,8.5576,8.5217,-0.0359,0.5129,terminal,0,5
132.206,8.5490,0.00525,0.00081,coast:0.080,8.5576,8.5490,-0.0086,0.4093,terminal,0,5
132.306,8.5678,0.00550,0.00074,pulse:2:0.160,8.6561,8.5678,-0.0883,0.4460,terminal,0,5
132.404,8.6072,0.00495,0.00082,pulse:2:0.160,8.6561,8.6072,-0.0489,0.4577,terminal,0,5
132.504,8.6572,0.00577,0.00064,pulse:2:0.160,8.6561,8.6572,0.0011,0.4353,terminal,0,5
132.607,8.6885,0.00523,0.00064,pulse:0:0.160,8.7724,8.6885,-0.0839,0.4933,terminal,0,5
132.704,8.7245,0.00604,0.00080,pulse:0:0.160,8.7724,8.7245,-0.0479,0.5776,terminal,0,5
132.805,8.7463,0.00525,0.00069,pulse:0:0.160,8.7724,8.7463,-0.0261,0.4689,terminal,0,5
132.908,8.7653,0.00526,0.00177,pulse:1+3:0.080,8.8256,8.7653,-0.0603,0.4992,terminal,0,5
133.007,8.7862,0.00600,0.00114,pulse:1+3:0.080,8.8256,8.7862,-0.0394,0.4261,terminal,0,5
133.107,8.8301,0.00520,0.00138,pulse:1+3:0.080,8.8256,8.8301,0.0045,0.5443,terminal,0,5
133.204,8.8666,0.00568,0.00117,pulse:2:0.160,8.9578,8.8666,-0.0912,0.4118,terminal,0,5
133.308,8.8940,0.00544,0.00169,pulse:2:0.160,8.9578,8.8940,-0.0637,0.3920,terminal,0,5
133.404,8.9198,0.00542,0.00089,pulse:2:0.160,8.9578,8.9198,-0.0379,0.4002,terminal,0,5
133.502,8.9556,0.00554,0.00119,pulse:2:0.160,9.0446,8.9556,-0.0889,0.4802,terminal,0,5
133.602,8.9663,0.00491,0.00096,pulse:2:0.160,9.0446,8.9663,-0.0783,0.4463,terminal,0,5
133.706,9.0137,0.00511,0.00117,pulse:2:0.160,9.0446,9.0137,-0.0308,0.5065,terminal,0,5
133.806,9.0534,0.00568,0.00232,pulse:3:0.160,9.1445,9.0534,-0.0911,0.4919,terminal,0,5
133.905,9.0668,0.00561,0.00191,pulse:3:0.160,9.1445,9.0668,-0.0777,0.3962,terminal,0,5
134.004,9.1032,0.00588,0.00155,pulse:3:0.160,9.1445,9.1032,-0.0412,0.3950,terminal,0,5
134.106,9.1610,0.00585,0.00120,pulse:3:0.160,9.2548,9.1610,-0.0938,0.5016,terminal,0,5
134.207,9.1832,0.00524,0.00093,pulse:3:0.160,9.2548,9.1832,-0.0716,0.5443,terminal,0,5
134.308,9.2212,0.00573,0.00128,pulse:3:0.160,9.2548,9.2212,-0.0337,0.4822,terminal,0,5
134.402,9.2763,0.00545,0.00107,pulse:1:0.160,9.3637,9.2763,-0.0874,0.5522,terminal,0,5
134.504,9.3151,0.00574,0.00149,pulse:1:0.160,9.3637,9.3151,-0.0486,0.5488,terminal,0,5
134.608,9.3474,0.00561,0.00046,pulse:1:0.160,9.3637,9.3474,-0.0163,0.4068,terminal,0,5
134.705,9.3662,0.00557,0.00121,pulse:2:0.160,9.4556,9.3662,-0.0894,0.5269,terminal,0,5
134.805,9.3958,0.00596,0.00140,pulse:2:0.160,9.4556,9.3958,-0.0597,0.4461,terminal,0,5
134.908,9.4449,0.00541,0.00086,pulse:2:0.160,9.4556,9.4449,-0.0106,0.5514,terminal,0,5
135.005,9.4716,0.00540,0.00201,pulse:3:0.160,9.5583,9.4716,-0.0867,0.3942,terminal,0,5
135.108,9.5050,0.00608,0.00124,pulse:3:0.160,9.5583,9.5050,-0.0533,0.4885,terminal,0,5
135.205,9.5451,0.00572,0.00129,pulse:3:0.160,9.5583,9.5451,-0.0133,0.4396,terminal,0,5
135.303,9.5614,0.00559,0.00075,pulse:3:0.160,9.6511,9.5614,-0.0896,0.5370,terminal,0,5
135.404,9.6047,0.00554,0.00073,pulse:3:0.160,9.6511,9.6047,-0.0464,0.5696,terminal,0,5
135.506,9.6441,0.00539,0.00047,pulse:3:0.160,9.6511,9.6441,-0.0070,0.4734,terminal,0,5
135.605,9.6800,0.00579,0.00157,pulse:2:0.160,9.7729,9.6800,-0.0929,0.3977,terminal,0,5
135.703,9.7177,0.00543,0.00149,pulse:2:0.160,9.7729,9.7177,-0.0553,0.5391,terminal,0,5
135.805,9.7542,0.00563,0.00092,pulse:2:0.160,9.7729,9.7542,-0.0188,0.4256,terminal,0,5
135.907,9.7870,0.00522,0.00102,pulse:3:0.160,9.8706,9.7870,-0.0837,0.3959,terminal,0,5
136.007,9.8250,0.00593,0.00010,pulse:3:0.160,9.8706,9.8250,-0.0457,0.4232,terminal,0,5
136.103,9.8489,0.00544,0.00110,pulse:3:0.160,9.8706,9.8489,-0.0217,0.4673,terminal,0,5
136.203,9.8665,0.00566,0.00129,pulse:2:0.160,9.9573,9.8665,-0.0909,0.4290,terminal,0,5
136.305,9.9055,0.00510,0.00147,pulse:2:0.160,9.9573,9.9055,-0.0519,0.4833,terminal,0,5
136.402,9.9398,0.00515,0.00072,pulse:2:0.160,9.9573,9.9398,-0.0175,0.4272,terminal,0,5
136.505,9.9713,0.00527,0.00106,coast:0.080,10.0317,9.9713,-0.0604,0.4157,terminal,0,5
136.605,9.9921,0.00549,0.00054,coast:0.080,10.0317,9.9921,-0.0395,0.4886,terminal,0,5
136.704,10.0349,0.00542,0.00037,coast:0.080,10.0317,10.0349,0.0032,0.4987,terminal,0,5
136.803,10.0742,0.00567,0.00024,coast:0.080,10.1392,10.0742,-0.0650,0.5325,terminal,0,5
136.908,10.0866,0.00540,0.00086,coast:0.080,10.1392,10.0866,-0.0526,0.4983,terminal,0,5
137.004,10.1070,0.00528,0.00064,coast:0.080,10.1392,10.1070,-0.0322,0.4724,terminal,0,5
137.107,10.1571,0.00586,0.00020,pulse:3:0.160,10.2511,10.1571,-0.0939,0.4212,terminal,0,5
137.207,10.1751,0.00555,0.00037,pulse:3:0.160,10.2511,10.1751,-0.0759,0.3674,terminal,0,5
137.308,10.2040,0.00557,0.00023,pulse:3:0.160,10.2511,10.2040,-0.0470,0.4088,terminal,0,5
137.403,10.2380,0.00529,0.00211,pulse:2:0.160,10.3230,10.2380,-0.0850,0.5179,terminal,0,5
137.507,10.2642,0.00572,0.00187,pulse:2:0.160,10.3230,10.2642,-0.0589,0.4313,terminal,0,5
137.605,10.3069,0.00563,0.00092,pulse:2:0.160,10.3230,10.3069,-0.0161,0.3638,terminal,0,5
137.703,10.3601,0.00562,0.00047,pulse:0:0.160,10.4503,10.3601,-0.0902,0.3429,terminal,0,5
137.805,10.3943,0.00580,0.00107,pulse:0:0.160,10.4503,10.3943,-0.0560,0.4310,terminal,0,5
137.907,10.4308,0.00569,0.00091,pulse:0:0.160,10.4503,10.4308,-0.0194,0.3880,terminal,0,5
138.003,10.4505,0.00565,0.00170,pulse:1:0.160,10.5411,10.4505,-0.0906,0.4005,terminal,0,5
138.106,10.4846,0.00534,0.00180,pulse:1:0.160,10.5411,10.4846,-0.0565,0.4893,terminal,0,5
138.203,10.5107,0.00574,0.00042,pulse:1:0.160,10.5411,10.5107,-0.0304,0.3985,terminal,0,5
138.303,10.5359,0.00531,0.00031,pulse:0:0.160,10.6211,10.5359,-0.0852,0.3655,terminal,0,5
138.403,10.5692,0.00620,0.00046,pulse:0:0.160,10.6211,10.5692,-0.0519,0.4474,terminal,0,5
138.502,10.5936,0.00559,0.00061,pulse:0:0.160,10.6211,10.5936,-0.0275,0.3920,terminal,0,5
138.607,10.6291,0.00550,0.00142,pulse:2:0.160,10.7174,10.6291,-0.0882,0.3852,terminal,0,5
138.705,10.6468,0.00520,0.00111,pulse:2:0.160,10.7174,10.6468,-0.0706,0.4855,terminal,0,5
138.806,10.6777,0.00493,0.00101,pulse:2:0.160,10.7174,10.6777,-0.0396,0.4212,terminal,0,5
138.906,10.7066,0.00542,0.00140,coast:0.080,10.7687,10.7066,-0.0622,0.4498,terminal,0,5
139.002,10.7250,0.00510,0.00087,coast:0.080,10.7687,10.7250,-0.0438,0.4027,terminal,0,5
139.103,10.7598,0.00542,0.00153,coast:0.080,10.7687,10.7598,-0.0089,0.3480,terminal,0,5
139.205,10.7863,0.00521,0.00125,pulse:3:0.160,10.8698,10.7863,-0.0835,0.3544,terminal,0,5
139.304,10.8383,0.00584,0.00100,pulse:3:0.160,10.8698,10.8383,-0.0315,0.4885,terminal,0,5
139.404,10.8510,0.00531,0.00070,pulse:3:0.160,10.8698,10.8510,-0.0188,0.5166,terminal,0,5
139.505,10.8851,0.00528,0.00074,coast:0.080,10.9456,10.8851,-0.0605,0.4641,terminal,0,5
139.606,10.9289,0.00571,0.00082,coast:0.080,10.9456,10.9289,-0.0166,0.4029,terminal,0,5
139.708,10.9640,0.00551,0.00055,coast:0.080,10.9456,10.9640,0.0185,0.4119,terminal,0,5
139.805,10.9914,0.00544,0.00099,pulse:2:0.160,11.0788,10.9914,-0.0874,0.3430,terminal,0,5
139.906,11.0148,0.00560,0.00111,pulse:2:0.160,11.0788,11.0148,-0.0640,0.4505,terminal,0,5
140.007,11.0501,0.00592,0.00044,pulse:2:0.160,11.0788,11.0501,-0.0287,0.3493,terminal,0,5
140.102,11.1003,0.00534,0.00119,pulse:0:0.160,11.1860,11.1003,-0.0858,0.3813,terminal,0,5
140.203,11.1183,0.00590,0.00073,pulse:0:0.160,11.1860,11.1183,-0.0678,0.4427,terminal,0,5
140.304,11.1509,0.00545,0.00143,pulse:0:0.160,11.1860,11.1509,-0.0352,0.3395,terminal,0,5
140.408,11.1939,0.00578,0.00149,pulse:1:0.160,11.2866,11.1939,-0.0927,0.4533,terminal,0,5
140.502,11.2465,0.00502,0.00210,pulse:1:0.160,11.2866,11.2465,-0.0400,0.3730,terminal,0,5
140.605,11.2869,0.00553,0.00164,pulse:1:0.160,11.2866,11.2869,0.0004,0.3475,terminal,0,5
140.706,11.3082,0.00518,0.00082,pulse:1:0.160,11.3912,11.3082,-0.0830,0.4744,terminal,0,5
140.802,11.3538,0.00572,0.00043,pulse:1:0.160,11.3912,11.3538,-0.0374,0.4714,terminal,0,5
140.904,11.4017,0.00544,0.00109,pulse:1:0.160,11.3912,11.4017,0.0105,0.3711,terminal,0,5
141.006,11.4354,0.00539,0.00258,pulse:3:0.160,11.5218,11.4354,-0.0864,0.3609,terminal,0,5
141.102,11.4591,0.00561,0.00225,pulse:3:0.160,11.5218,11.4591,-0.0628,0.3304,terminal,0,5
141.205,11.5013,0.00561,0.00164,pulse:3:0.160,11.5218,11.5013,-0.0206,0.4397,terminal,0,5
141.305,11.5021,0.00517,0.00109,pulse:0:0.160,11.5852,11.5021,-0.0831,0.3497,terminal,0,5
141.405,11.5481,0.00583,0.00069,pulse:0:0.160,11.5852,11.5481,-0.0371,0.4563,terminal,0,5
141.505,11.5982,0.00592,0.00015,pulse:0:0.160,11.5852,11.5982,0.0130,0.4459,terminal,0,5
141.606,11.6074,0.00618,0.00097,pulse:1:0.160,11.7065,11.6074,-0.0991,0.4103,terminal,0,5
141.704,11.6430,0.00528,0.00178,pulse:1:0.160,11.7065,11.6430,-0.0635,0.3410,terminal,0,5
141.803,11.6817,0.00554,0.00067,pulse:1:0.160,11.7065,11.6817,-0.0248,0.4046,terminal,0,5
141.902,11.7247,0.00565,0.00051,pulse:1:0.160,11.8152,11.7247,-0.0905,0.3805,terminal,0,5
142.007,11.7525,0.00537,0.00055,pulse:1:0.160,11.8152,11.7525,-0.0627,0.4531,terminal,0,5
142.105,11.7771,0.00564,0.00134,pulse:1:0.160,11.8152,11.7771,-0.0381,0.3618,terminal,0,5
142.204,11.8041,0.00597,0.00256,pulse:0:0.160,11.9000,11.8041,-0.0959,0.4218,terminal,0,5
142.303,11.8367,0.00511,0.00200,pulse:0:0.160,11.9000,11.8367,-0.0633,0.3665,terminal,0,5
142.406,11.8689,0.00549,0.00131,pulse:0:0.160,11.9000,11.8689,-0.0311,0.3115,terminal,0,5
142.507,11.9190,0.00552,0.00021,pulse:3:0.160,12.0075,11.9190,-0.0885,0.4197,terminal,0,5
142.607,11.9552,0.00583,0.00085,pulse:3:0.160,12.0075,11.9552,-0.0524,0.4231,terminal,0,5
142.704,11.9791,0.00472,0.00122,pulse:3:0.160,12.0075,11.9791,-0.0284,0.4274,terminal,0,5
142.803,12.0258,0.00619,0.00149,pulse:1+3:0.160,12.1250,12.0258,-0.0992,0.4006,guidance,0,5
142.907,12.0680,0.00517,0.00206,pulse:1+3:0.160,12.1250,12.0680,-0.0570,0.2951,guidance,0,5
143.002,12.1116,0.00594,0.00217,pulse:1+3:0.160,12.1250,12.1116,-0.0134,0.3076,guidance,0,5
143.106,12.1488,0.00542,0.00257,pulse:1+3:0.160,12.1250,12.1488,0.0238,0.3191,guidance,0,5
143.202,12.1713,0.00556,0.00225,pulse:1+3:0.160,12.1250,12.1713,0.0463,0.3450,guidance,0,5
143.258,12.1725,0.00575,0.00256,pulse:1+3:0.160,12.1250,12.1725,0.0475,0.3836,guidance,0,5
143.404,12.2232,0.00610,0.00314,pulse:2:0.160,12.3211,12.2232,-0.0979,0.2977,guidance,0,5
143.503,12.2639,0.00589,0.00266,pulse:2:0.160,12.3211,12.2639,-0.0572,0.4282,guidance,0,5
143.603,12.3024,0.00550,0.00222,pulse:2:0.160,12.3211,12.3024,-0.0188,0.3021,guidance,0,5
143.704,12.3206,0.00556,0.00194,pulse:2:0.160,12.3211,12.3206,-0.0005,0.2687,guidance,0,5
143.803,12.3265,0.00574,0.00159,pulse:2:0.160,12.3211,12.3265,0.0054,0.3308,guidance,0,5
143.907,12.3461,0.00565,0.00215,pulse:0:0.160,12.4369,12.3461,-0.0908,0.4343,guidance,0,5
144.007,12.3692,0.00558,0.00181,pulse:0:0.160,12.4369,12.3692,-0.0677,0.3651,guidance,0,5
144.107,12.4136,0.00543,0.00135,pulse:0:0.160,12.4369,12.4136,-0.0233,0.3186,guidance,0,5
144.206,12.4683,0.00572,0.00127,pulse:0:0.160,12.4369,12.4683,0.0314,0.3114,guidance,0,5
144.306,12.5037,0.00529,0.00207,pulse:0:0.160,12.4369,12.5037,0.0669,0.2774,guidance,0,5
144.405,12.5191,0.00496,0.00177,pulse:0:0.160,12.4369,12.5191,0.0822,0.2751,guidance,0,5
144.508,12.5628,0.00534,0.00102,pulse:0:0.160,12.6485,12.5628,-0.0857,0.3192,guidance,0,5
144.607,12.5871,0.00540,0.00121,pulse:0:0.160,12.6485,12.5871,-0.0615,0.4271,guidance,0,5
144.705,12.6219,0.00542,0.00167,pulse:0:0.160,12.6485,12.6219,-0.0266,0.4063,guidance,0,5
144.804,12.6463,0.00562,0.00232,pulse:0:0.160,12.6485,12.6463,-0.0023,0.3388,guidance,0,5
144.906,12.6708,0.00537,0.00190,pulse:0:0.160,12.6485,12.6708,0.0223,0.3255,guidance,0,5
145.005,12.7017,0.00521,0.00230,pulse:0:0.160,12.6485,12.7017,0.0532,0.3691,guidance,0,5
145.103,12.7265,0.00527,0.00224,pulse:1+2:0.160,12.8111,12.7265,-0.0846,0.2699,guidance,0,5
145.207,12.7432,0.00530,0.00246,pulse:1+2:0.160,12.8111,12.7432,-0.0679,0.2742,guidance,0,5
145.304,12.7665,0.00540,0.00097,pulse:1+2:0.160,12.8111,12.7665,-0.0446,0.3928,guidance,0,5
145.402,12.8027,0.00549,0.00136,pulse:1+2:0.160,12.8111,12.8027,-0.0084,0.3725,guidance,0,5
145.505,12.8511,0.00557,0.00166,pulse:1+2:0.160,12.8111,12.8511,0.0400,0.2968,guidance,0,5
145.606,12.8890,0.00621,0.00196,pulse:0:0.160,12.9886,12.8890,-0.0997,0.3108,guidance,0,5
145.705,12.9323,0.00602,0.00187,pulse:0:0.160,12.9886,12.9323,-0.0563,0.4287,guidance,0,5
145.804,12.9505,0.00557,0.00062,pulse:0:0.160,12.9886,12.9505,-0.0381,0.4575,guidance,0,5
145.906,12.9780,0.00558,0.00024,pulse:0:0.160,12.9886,12.9780,-0.0107,0.4327,guidance,0,5
146.008,13.0052,0.00554,0.00047,pulse:0:0.160,12.9886,13.0052,0.0165,0.3566,guidance,0,5
146.103,13.0227,0.00557,0.00025,pulse:0:0.160,12.9886,13.0227,0.0340,0.2995,guidance,0,5
146.202,13.0581,0.00550,0.00037,pulse:0:0.160,13.1464,13.0581,-0.0884,0.3991,guidance,0,5
146.305,13.0880,0.00507,0.00026,pulse:0:0.160,13.1464,13.0880,-0.0584,0.2699,guidance,0,5
146.407,13.1210,0.00527,0.00095,pulse:0:0.160,13.1464,13.1210,-0.0254,0.3097,guidance,0,5
146.505,13.1439,0.00524,0.00235,pulse:0:0.160,13.1464,13.1439,-0.0026,0.4066,guidance,0,5
146.602,13.1786,0.00499,0.00233,pulse:0:0.160,13.1464,13.1786,0.0322,0.4322,guidance,0,5
146.708,13.2267,0.00510,0.00293,pulse:1:0.160,13.3085,13.2267,-0.0818,0.3521,guidance,0,5
146.807,13.2637,0.00546,0.00245,pulse:1:0.160,13.3085,13.2637,-0.0447,0.2604,guidance,0,5
146.906,13.2928,0.00562,0.00099,pulse:1:0.160,13.3085,13.2928,-0.0157,0.3423,guidance,0,5
147.005,13.3247,0.00602,0.00019,pulse:1:0.160,13.3085,13.3247,0.0162,0.2792,guidance,0,5
147.102,13.3593,0.00593,0.00067,pulse:1:0.160,13.3085,13.3593,0.0508,0.3448,guidance,0,5
147.202,13.4023,0.00582,0.00054,pulse:1:0.160,13.3085,13.4023,0.0939,0.2650,guidance,0,5
147.305,13.4394,0.00559,0.00057,pulse:3:0.160,13.5291,13.4394,-0.0897,0.3107,guidance,0,5
147.405,13.4680,0.00503,0.00056,pulse:3:0.160,13.5291,13.4680,-0.0611,0.4248,guidance,0,5
147.508,13.4979,0.00533,0.00161,pulse:3:0.160,13.5291,13.4979,-0.0312,0.3865,guidance,0,5
147.605,13.5223,0.00552,0.00225,pulse:3:0.160,13.5291,13.5223,-0.0068,0.3744,guidance,0,5
147.706,13.5497,0.00592,0.00177,pulse:3:0.160,13.5291,13.5497,0.0206,0.3758,guidance,0,5
147.804,13.5864,0.00610,0.00221,pulse:3:0.160,13.5291,13.5864,0.0573,0.3489,guidance,0,5
147.907,13.6275,0.00593,0.00286,pulse:2:0.160,13.7227,13.6275,-0.0952,0.3407,guidance,0,5
148.004,13.6691,0.00569,0.00188,pulse:2:0.160,13.7227,13.6691,-0.0536,0.3862,guidance,0,5
148.105,13.7012,0.00602,0.00142,pulse:2:0.160,13.7227,13.7012,-0.0215,0.3180,guidance,0,5
148.204,13.7119,0.00576,0.00150,pulse:2:0.160,13.7227,13.7119,-0.0108,0.2939,guidance,0,5
148.302,13.7270,0.00557,0.00158,pulse:2:0.160,13.7227,13.7270,0.0043,0.2985,guidance,0,5
148.404,13.7541,0.00566,0.00151,pulse:2:0.160,13.7227,13.7541,0.0314,0.3562,guidance,0,5
148.504,13.7843,0.00537,0.00090,pulse:3:0.160,13.8705,13.7843,-0.0862,0.2771,guidance,0,5
148.608,13.8091,0.00505,0.00153,pulse:3:0.160,13.8705,13.8091,-0.0614,0.3382,guidance,0,5
148.708,13.8476,0.00548,0.00177,pulse:3:0.160,13.8705,13.8476,-0.0229,0.3757,guidance,0,5
148.807,13.8751,0.00572,0.00184,pulse:3:0.160,13.8705,13.8751,0.0045,0.2940,guidance,0,5
148.905,13.9050,0.00630,0.00203,pulse:3:0.160,13.8705,13.9050,0.0344,0.2942,guidance,0,5
149.006,13.9376,0.00594,0.00203,pulse:1+2:0.160,14.0328,13.9376,-0.0952,0.2582,guidance,0,5
149.104,13.9983,0.00569,0.00256,pulse:1+2:0.160,14.0328,13.9983,-0.0345,0.3745,guidance,0,5
149.203,14.0434,0.00586,0.00103,pulse:1+2:0.160,14.0328,14.0434,0.0106,0.3041,guidance,0,5
149.308,14.0876,0.00590,0.00078,pulse:1+2:0.160,14.0328,14.0876,0.0548,0.3809,guidance,0,5
149.404,14.1187,0.00593,0.00090,pulse:1+2:0.160,14.0328,14.1187,0.0859,0.4113,guidance,0,5
149.506,14.1679,0.00572,0.00112,pulse:1+2:0.160,14.0328,14.1679,0.1351,0.4089,guidance,0,5
149.605,14.2181,0.00607,0.00126,pulse:0:0.160,14.3156,14.2181,-0.0976,0.3050,guidance,0,5
149.704,14.2443,0.00612,0.00066,pulse:0:0.160,14.3156,14.2443,-0.0713,0.2799,guidance,0,5
149.807,14.2949,0.00595,0.00062,pulse:0:0.160,14.3156,14.2949,-0.0207,0.3822,guidance,0,5
149.903,14.3231,0.00561,0.00150,pulse:0:0.160,14.3156,14.3231,0.0074,0.4181,guidance,0,5
150.006,14.3699,0.00612,0.00097,pulse:0:0.160,14.3156,14.3699,0.0542,0.3212,guidance,0,5
150.105,14.4044,0.00589,0.00136,pulse:1:0.160,14.4987,14.4044,-0.0944,0.2524,guidance,0,5
150.205,14.4471,0.00514,0.00096,pulse:1:0.160,14.4987,14.4471,-0.0517,0.3276,guidance,0,5
150.306,14.4448,0.00548,0.00032,pulse:1:0.160,14.4987,14.4448,-0.0539,0.3406,guidance,0,5
150.406,14.4620,0.00592,0.00090,pulse:1:0.160,14.4987,14.4620,-0.0368,0.4098,guidance,0,5
150.505,14.4687,0.00564,0.00076,pulse:1:0.160,14.4987,14.4687,-0.0300,0.3383,guidance,0,5
150.607,14.5210,0.00532,0.00111,pulse:0:0.160,14.6065,14.5210,-0.0855,0.3482,guidance,0,5
150.707,14.5525,0.00605,0.00083,pulse:0:0.160,14.6065,14.5525,-0.0540,0.2637,guidance,0,5
150.808,14.5852,0.00523,0.00022,pulse:0:0.160,14.6065,14.5852,-0.0214,0.3874,guidance,0,5
150.906,14.6049,0.00515,0.00136,pulse:0:0.160,14.6065,14.6049,-0.0016,0.3648,guidance,0,5
151.007,14.6420,0.00510,0.00180,pulse:0:0.160,14.6065,14.6420,0.0355,0.2840,guidance,0,5
151.102,14.6692,0.00558,0.00130,pulse:0:0.160,14.6065,14.6692,0.0627,0.2794,guidance,0,5
151.203,14.6899,0.00534,0.00092,pulse:3:0.160,14.7756,14.6899,-0.0857,0.3736,guidance,0,5
151.306,14.6928,0.00533,0.00144,pulse:3:0.160,14.7756,14.6928,-0.0828,0.2492,guidance,0,5
151.405,14.7156,0.00525,0.00140,pulse:3:0.160,14.7756,14.7156,-0.0600,0.2739,guidance,0,5
151.506,14.7573,0.00527,0.00249,pulse:3:0.160,14.7756,14.7573,-0.0183,0.2175,guidance,0,5
151.608,14.7874,0.00576,0.00164,pulse:3:0.160,14.7756,14.7874,0.0118,0.3656,guidance,0,5
151.705,14.8270,0.00563,0.00273,pulse:1:0.160,14.9172,14.8270,-0.0903,0.3103,guidance,0,5
151.804,14.8600,0.00532,0.00257,pulse:1:0.160,14.9172,14.8600,-0.0572,0.2173,guidance,0,5
151.907,14.8977,0.00603,0.00177,pulse:1:0.160,14.9172,14.8977,-0.0196,0.2727,guidance,0,5
152.003,14.9296,0.00594,0.00145,pulse:1:0.160,14.9172,14.9296,0.0123,0.2553,guidance,0,5
152.103,14.9754,0.00577,0.00097,pulse:1:0.160,14.9172,14.9754,0.0581,0.2156,guidance,0,5
152.202,15.0074,0.00553,0.00130,pulse:1:0.160,14.9172,15.0074,0.0902,0.2340,guidance,0,5
152.306,15.0237,0.00582,0.00089,pulse:2:0.160,15.1170,15.0237,-0.0933,0.2287,guidance,0,5
152.408,15.0425,0.00564,0.00158,pulse:2:0.160,15.1170,15.0425,-0.0745,0.3718,guidance,0,5
152.508,15.0804,0.00522,0.00151,pulse:2:0.160,15.1170,15.0804,-0.0366,0.3275,guidance,0,5
152.607,15.1213,0.00591,0.00139,pulse:2:0.160,15.1170,15.1213,0.0042,0.2874,guidance,0,5
152.704,15.1501,0.00551,0.00109,pulse:2:0.160,15.1170,15.1501,0.0331,0.3524,guidance,0,5
152.803,15.1891,0.00551,0.00079,pulse:2:0.160,15.1170,15.1891,0.0721,0.3964,guidance,0,5
152.906,15.2327,0.00519,0.00124,pulse:0:0.160,15.3161,15.2327,-0.0834,0.3329,guidance,0,5
153.003,15.2522,0.00549,0.00114,pulse:0:0.160,15.3161,15.2522,-0.0639,0.2719,guidance,0,5
153.107,15.2956,0.00536,0.00040,pulse:0:0.160,15.3161,15.2956,-0.0205,0.3075,guidance,0,5
153.205,15.3343,0.00495,0.00103,pulse:0:0.160,15.3161,15.3343,0.0181,0.2628,guidance,0,5
153.303,15.3703,0.00597,0.00089,pulse:0:0.160,15.3161,15.3703,0.0542,0.3013,guidance,0,5
153.406,15.4040,0.00551,0.00139,pulse:0:0.160,15.3161,15.4040,0.0879,0.3153,guidance,0,5
153.507,15.4377,0.00539,0.00176,pulse:1+2:0.160,15.5240,15.4377,-0.0863,0.3822,guidance,0,5
153.605,15.4441,0.00541,0.00184,pulse:1+2:0.160,15.5240,15.4441,-0.0799,0.3255,guidance,0,5
153.706,15.4567,0.00513,0.00107,pulse:1+2:0.160,15.5240,15.4567,-0.0673,0.3091,guidance,0,5
153.805,15.4981,0.00573,0.00132,pulse:1+2:0.160,15.5240,15.4981,-0.0259,0.3832,guidance,0,5
153.903,15.5195,0.00551,0.00211,pulse:1+2:0.160,15.5240,15.5195,-0.0045,0.2988,guidance,0,5
154.003,15.5491,0.00529,0.00195,pulse:1+2:0.160,15.5240,15.5491,0.0251,0.3362,guidance,0,5
154.103,15.5786,0.00550,0.00187,pulse:3:0.160,15.6668,15.5786,-0.0882,0.3831,guidance,0,5
154.203,15.6102,0.00535,0.00185,pulse:3:0.160,15.6668,15.6102,-0.0567,0.3995,guidance,0,5
154.307,15.6425,0.00533,0.00110,pulse:3:0.160,15.6668,15.6425,-0.0243,0.2611,guidance,0,5
154.402,15.6525,0.00543,0.00076,pulse:3:0.160,15.6668,15.6525,-0.0143,0.3223,guidance,0,5
154.506,15.6851,0.00592,0.00099,pulse:3:0.160,15.6668,15.6851,0.0182,0.3405,guidance,0,5
154.603,15.7442,0.00569,0.00075,pulse:3:0.160,15.6668,15.7442,0.0773,0.2308,guidance,0,5
154.705,15.7830,0.00654,0.00067,pulse:0:0.160,15.8879,15.7830,-0.1050,0.2021,guidance,0,5
154.805,15.8290,0.00609,0.00044,pulse:0:0.160,15.8879,15.8290,-0.0589,0.3490,guidance,0,5
154.905,15.8588,0.00561,0.00032,pulse:0:0.160,15.8879,15.8588,-0.0291,0.3655,guidance,0,5
155.007,15.8915,0.00578,0.00224,pulse:0:0.160,15.8879,15.8915,0.0035,0.2966,guidance,0,5
155.105,15.9180,0.00562,0.00157,pulse:0:0.160,15.8879,15.9180,0.0300,0.2047,guidance,0,5
155.205,15.9467,0.00555,0.00173,pulse:0:0.160,15.8879,15.9467,0.0587,0.1869,guidance,0,5
155.305,16.0026,0.00584,0.00157,pulse:1:0.160,16.0962,16.0026,-0.0936,0.2150,guidance,0,5
155.405,16.0391,0.00551,0.00165,pulse:1:0.160,16.0962,16.0391,-0.0572,0.2395,guidance,0,5
155.506,16.0545,0.00571,0.00053,pulse:1:0.160,16.0962,16.0545,-0.0418,0.2841,guidance,0,5
155.603,16.0869,0.00530,0.00071,pulse:1:0.160,16.0962,16.0869,-0.0093,0.2635,guidance,0,5
155.707,16.1303,0.00514,0.00027,pulse:1:0.160,16.0962,16.1303,0.0340,0.2763,guidance,0,5
155.805,16.1631,0.00491,0.00079,pulse:0:0.160,16.2420,16.1631,-0.0789,0.2024,guidance,0,5
155.907,16.1719,0.00501,0.00065,pulse:0:0.160,16.2420,16.1719,-0.0701,0.3188,guidance,0,5
156.004,16.2068,0.00562,0.00071,pulse:0:0.160,16.2420,16.2068,-0.0352,0.2457,guidance,0,5
156.103,16.2647,0.00593,0.00108,pulse:0:0.160,16.2420,16.2647,0.0227,0.3504,guidance,0,5
156.205,16.2960,0.00585,0.00162,pulse:0:0.160,16.2420,16.2960,0.0540,0.3375,guidance,0,5
156.254,16.2934,0.00600,0.00112,pulse:0:0.160,16.2420,16.2934,0.0514,0.3719,guidance,0,5
156.405,16.3481,0.00581,0.00111,pulse:1:0.160,16.4412,16.3481,-0.0931,0.3419,guidance,0,5
156.505,16.3885,0.00545,0.00085,pulse:1:0.160,16.4412,16.3885,-0.0527,0.2862,guidance,0,5
156.605,16.4236,0.00553,0.00014,pulse:1:0.160,16.4412,16.4236,-0.0176,0.2958,guidance,0,5
156.707,16.4412,0.00547,0.00143,pulse:1:0.160,16.4412,16.4412,-0.0000,0.2400,guidance,0,5
156.807,16.4739,0.00567,0.00137,pulse:1:0.160,16.4412,16.4739,0.0326,0.2412,guidance,0,5
156.907,16.4949,0.00571,0.00138,pulse:0:0.160,16.5865,16.4949,-0.0917,0.2513,guidance,0,5
157.002,16.5168,0.00546,0.00129,pulse:0:0.160,16.5865,16.5168,-0.0698,0.3519,guidance,0,5
157.106,16.5568,0.00498,0.00035,pulse:0:0.160,16.5865,16.5568,-0.0297,0.3822,guidance,0,5
157.207,16.5836,0.00565,0.00098,pulse:0:0.160,16.5865,16.5836,-0.0030,0.2091,guidance,0,5
157.306,16.5869,0.00566,0.00105,pulse:0:0.160,16.5865,16.5869,0.0004,0.1839,guidance,0,5
157.406,16.6228,0.00618,0.00070,pulse:0:0.160,16.5865,16.6228,0.0362,0.2455,guidance,0,5
157.508,16.6596,0.00527,0.00093,pulse:3:0.160,16.7442,16.6596,-0.0846,0.1984,guidance,0,5
157.607,16.7110,0.00572,0.00073,pulse:3:0.160,16.7442,16.7110,-0.0332,0.1973,guidance,0,5
157.707,16.7393,0.00592,0.00111,pulse:3:0.160,16.7442,16.7393,-0.0049,0.2718,guidance,0,5
157.807,16.7688,0.00555,0.00174,pulse:3:0.160,16.7442,16.7688,0.0246,0.2265,guidance,0,5
157.908,16.8036,0.00534,0.00198,pulse:3:0.160,16.7442,16.8036,0.0594,0.1893,guidance,0,5
158.004,16.8485,0.00556,0.00147,pulse:3:0.160,16.7442,16.8485,0.1043,0.3133,guidance,0,5
158.102,16.8765,0.00608,0.00191,pulse:2:0.160,16.9739,16.8765,-0.0975,0.2126,guidance,0,5
158.203,16.9115,0.00587,0.00235,pulse:2:0.160,16.9739,16.9115,-0.0624,0.2276,guidance,0,5
158.307,16.9500,0.00546,0.00141,pulse:2:0.160,16.9739,16.9500,-0.0240,0.2039,guidance,0,5
158.403,16.9758,0.00525,0.00079,pulse:2:0.160,16.9739,16.9758,0.0018,0.2773,guidance,0,5
158.502,16.9934,0.00605,0.00111,pulse:2:0.160,16.9739,16.9934,0.0195,0.1871,guidance,0,5
158.608,17.0547,0.00594,0.00134,pulse:1:0.160,17.1499,17.0547,-0.0953,0.2109,guidance,0,5
158.704,17.0967,0.00568,0.00035,pulse:1:0.160,17.1499,17.0967,-0.0532,0.1776,guidance,0,5
158.806,17.1312,0.00542,0.00011,pulse:1:0.160,17.1499,17.1312,-0.0187,0.2829,guidance,0,5
158.908,17.1615,0.00567,0.00134,pulse:1:0.160,17.1499,17.1615,0.0116,0.3141,guidance,0,5
159.002,17.1823,0.00601,0.00171,pulse:1:0.160,17.1499,17.1823,0.0324,0.2504,guidance,0,5
159.106,17.2390,0.00562,0.00130,pulse:1:0.160,17.1499,17.2390,0.0891,0.2895,guidance,0,5
159.206,17.2875,0.00588,0.00123,pulse:0:0.160,17.3819,17.2875,-0.0944,0.3372,guidance,0,5
159.305,17.3076,0.00551,0.00035,pulse:0:0.160,17.3819,17.3076,-0.0742,0.3338,guidance,0,5
159.405,17.3251,0.00522,0.00050,pulse:0:0.160,17.3819,17.3251,-0.0568,0.2756,guidance,0,5
159.504,17.3665,0.00598,0.00129,pulse:0:0.160,17.3819,17.3665,-0.0153,0.1733,guidance,0,5
159.604,17.4103,0.00593,0.00150,pulse:0:0.160,17.3819,17.4103,0.0284,0.1503,guidance,0,5
159.707,17.4281,0.00551,0.00211,pulse:1:0.160,17.5164,17.4281,-0.0884,0.2725,guidance,0,5
159.803,17.4718,0.00613,0.00157,pulse:1:0.160,17.5164,17.4718,-0.0446,0.1807,guidance,0,5
159.907,17.4989,0.00555,0.00093,pulse:1:0.160,17.5164,17.4989,-0.0176,0.1786,guidance,0,5
160.004,17.5312,0.00497,0.00126,pulse:1:0.160,17.5164,17.5312,0.0148,0.2264,guidance,0,5
160.106,17.5574,0.00604,0.00095,pulse:1:0.160,17.5164,17.5574,0.0410,0.2451,guidance,0,5
160.202,17.5983,0.00583,0.00050,pulse:1:0.160,17.5164,17.5983,0.0819,0.2996,guidance,0,5
160.308,17.6154,0.00584,0.00053,pulse:0:0.160,17.7092,17.6154,-0.0938,0.1995,guidance,0,5
160.405,17.6450,0.00595,0.00073,pulse:0:0.160,17.7092,17.6450,-0.0642,0.1516,guidance,0,5
160.504,17.6598,0.00592,0.00051,pulse:0:0.160,17.7092,17.6598,-0.0494,0.1973,guidance,0,5
160.607,17.6785,0.00542,0.00159,pulse:0:0.160,17.7092,17.6785,-0.0307,0.2912,guidance,0,5
160.703,17.7053,0.00605,0.00163,pulse:0:0.160,17.7092,17.7053,-0.0038,0.2205,guidance,0,5
160.808,17.7414,0.00567,0.00149,pulse:0:0.160,17.7092,17.7414,0.0322,0.2843,guidance,0,5
160.907,17.7824,0.00550,0.00073,pulse:1:0.160,17.8705,17.7824,-0.0881,0.2911,guidance,0,5
161.006,17.8105,0.00564,0.00190,pulse:1:0.160,17.8705,17.8105,-0.0600,0.2512,guidance,0,5
161.103,17.8446,0.00600,0.00054,pulse:1:0.160,17.8705,17.8446,-0.0259,0.2854,guidance,0,5
161.207,17.8861,0.00611,0.00080,pulse:1:0.160,17.8705,17.8861,0.0156,0.2020,guidance,0,5
161.306,17.9331,0.00585,0.00150,pulse:1:0.160,17.8705,17.9331,0.0625,0.2979,guidance,0,5
161.407,17.9654,0.00559,0.00084,pulse:0:0.160,18.0553,17.9654,-0.0899,0.2593,guidance,0,5
161.506,17.9961,0.00564,0.00113,pulse:0:0.160,18.0553,17.9961,-0.0591,0.2187,guidance,0,5
161.602,18.0201,0.00593,0.00020,pulse:0:0.160,18.0553,18.0201,-0.0351,0.1460,guidance,0,5
161.706,18.0695,0.00543,0.00117,pulse:0:0.160,18.0553,18.0695,0.0142,0.1848,guidance,0,5
161.806,18.1121,0.00571,0.00152,pulse:0:0.160,18.0553,18.1121,0.0568,0.2000,guidance,0,5
161.903,18.1312,0.00556,0.00113,pulse:0:0.160,18.0553,18.1312,0.0759,0.2334,guidance,0,5
162.004,18.1782,0.00585,0.00101,pulse:1:0.160,18.2720,18.1782,-0.0937,0.2609,guidance,0,5
162.106,18.2183,0.00580,0.00087,pulse:1:0.160,18.2720,18.2183,-0.0537,0.1783,guidance,0,5
162.203,18.2407,0.00527,0.00024,pulse:1:0.160,18.2720,18.2407,-0.0313,0.2510,guidance,0,5
162.304,18.2661,0.00606,0.00125,pulse:1:0.160,18.2720,18.2661,-0.0059,0.1898,guidance,0,5
162.408,18.3048,0.00628,0.00132,pulse:1:0.160,18.2720,18.3048,0.0328,0.2962,guidance,0,5
162.507,18.3333,0.00574,0.00152,pulse:0+3:0.160,18.4255,18.3333,-0.0922,0.1640,guidance,0,5
162.608,18.3633,0.00559,0.00155,pulse:0+3:0.160,18.4255,18.3633,-0.0622,0.1985,guidance,0,5
162.704,18.3934,0.00512,0.00061,pulse:0+3:0.160,18.4255,18.3934,-0.0321,0.1597,guidance,0,5
162.804,18.4082,0.00550,0.00216,pulse:0+3:0.160,18.4255,18.4082,-0.0173,0.1538,guidance,0,5
162.902,18.4208,0.00523,0.00245,pulse:0+3:0.160,18.4255,18.4208,-0.0047,0.2610,guidance,0,5
163.003,18.4391,0.00542,0.00190,pulse:0+3:0.160,18.4255,18.4391,0.0136,0.3208,guidance,0,5
163.103,18.4535,0.00520,0.00280,pulse:2:0.160,18.5369,18.4535,-0.0834,0.2734,guidance,0,5
163.204,18.4932,0.00513,0.00195,pulse:2:0.160,18.5369,18.4932,-0.0437,0.2332,guidance,0,5
163.304,18.5207,0.00524,0.00100,pulse:2:0.160,18.5369,18.5207,-0.0162,0.1984,guidance,0,5
163.405,18.5429,0.00541,0.00099,pulse:2:0.160,18.5369,18.5429,0.0060,0.2789,guidance,0,5
163.505,18.5759,0.00545,0.00108,pulse:2:0.160,18.5369,18.5759,0.0390,0.3210,guidance,0,5
163.604,18.6036,0.00552,0.00065,pulse:3:0.160,18.6922,18.6036,-0.0886,0.2613,guidance,0,5
163.703,18.6343,0.00549,0.00041,pulse:3:0.160,18.6922,18.6343,-0.0579,0.1594,guidance,0,5
163.804,18.6447,0.00494,0.00146,pulse:3:0.160,18.6922,18.6447,-0.0475,0.1156,guidance,0,5
163.906,18.6850,0.00510,0.00242,pulse:3:0.160,18.6922,18.6850,-0.0072,0.1375,guidance,0,5
164.007,18.7283,0.00569,0.00209,pulse:3:0.160,18.6922,18.7283,0.0361,0.2806,guidance,0,5
164.103,18.7605,0.00549,0.00180,pulse:3:0.160,18.6922,18.7605,0.0683,0.2856,guidance,0,5
164.206,18.7965,0.00563,0.00240,pulse:2:0.160,18.8868,18.7965,-0.0903,0.2289,guidance,0,5
164.306,18.7976,0.00611,0.00252,pulse:2:0.160,18.8868,18.7976,-0.0892,0.2037,guidance,0,5
164.403,18.8214,0.00546,0.00078,pulse:2:0.160,18.8868,18.8214,-0.0654,0.1826,guidance,0,5
164.505,18.8627,0.00554,0.00075,pulse:2:0.160,18.8868,18.8627,-0.0241,0.2707,guidance,0,5
164.604,18.8972,0.00610,0.00072,pulse:2:0.160,18.8868,18.8972,0.0104,0.1954,guidance,0,5
164.707,18.9530,0.00608,0.00022,pulse:1+2:0.160,19.0504,18.9530,-0.0974,0.2778,guidance,0,5
164.808,18.9820,0.00585,0.00122,pulse:1+2:0.160,19.0504,18.9820,-0.0683,0.2345,guidance,0,5
164.904,19.0230,0.00620,0.00028,pulse:1+2:0.160,19.0504,19.0230,-0.0274,0.2130,guidance,0,5
165.005,19.0647,0.00519,0.00291,pulse:1+2:0.160,19.0504,19.0647,0.0144,0.2856,guidance,0,5
165.102,19.0964,0.00559,0.00220,pulse:1+2:0.160,19.0504,19.0964,0.0461,0.2452,guidance,0,5
165.204,19.1470,0.00641,0.00227,pulse:1+2:0.160,19.0504,19.1470,0.0967,0.1921,guidance,0,5
165.303,19.1867,0.00529,0.00297,pulse:3:0.160,19.2717,19.1867,-0.0849,0.1623,guidance,0,5
165.405,19.2232,0.00589,0.00185,pulse:3:0.160,19.2717,19.2232,-0.0484,0.2328,guidance,0,5
165.505,19.2586,0.00583,0.00098,pulse:3:0.160,19.2717,19.2586,-0.0131,0.2436,guidance,0,5
165.607,19.3066,0.00567,0.00122,pulse:3:0.160,19.2717,19.3066,0.0349,0.2751,guidance,0,5
165.704,19.3250,0.00492,0.00099,pulse:3:0.160,19.2717,19.3250,0.0534,0.2924,guidance,0,5
165.807,19.3634,0.00540,0.00093,pulse:0+2:0.160,19.4502,19.3634,-0.0867,0.2251,guidance,0,5
165.903,19.3981,0.00552,0.00013,pulse:0+2:0.160,19.4502,19.3981,-0.0520,0.2209,guidance,0,5
166.004,19.4122,0.00570,0.00004,pulse:0+2:0.160,19.4502,19.4122,-0.0379,0.2282,guidance,0,5
166.107,19.4314,0.00531,0.00133,pulse:0+2:0.160,19.4502,19.4314,-0.0187,0.2618,guidance,0,5
166.205,19.4574,0.00438,0.00112,pulse:0+2:0.160,19.4502,19.4574,0.0072,0.2848,guidance,0,5
166.303,19.4848,0.00461,0.00116,pulse:0+2:0.160,19.4502,19.4848,0.0347,0.2254,guidance,0,5
166.403,19.5345,0.00499,0.00203,pulse:1+3:0.160,19.6146,19.5345,-0.0801,0.2293,guidance,0,5
166.506,19.5680,0.00530,0.00158,pulse:1+3:0.160,19.6146,19.5680,-0.0465,0.1600,guidance,0,5
166.608,19.5998,0.00505,0.00090,pulse:1+3:0.160,19.6146,19.5998,-0.0148,0.1414,guidance,0,5
166.702,19.6196,0.00566,0.00038,pulse:1+3:0.160,19.6146,19.6196,0.0050,0.1250,guidance,0,5
166.807,19.6575,0.00518,0.00065,pulse:1+3:0.160,19.6146,19.6575,0.0430,0.2039,guidance,0,5
166.902,19.6972,0.00555,0.00133,pulse:1+3:0.160,19.6146,19.6972,0.0827,0.1965,guidance,0,5
167.006,19.7354,0.00605,0.00015,pulse:0:0.160,19.8326,19.7354,-0.0973,0.1714,guidance,0,5
167.103,19.7658,0.00578,0.00033,pulse:0:0.160,19.8326,19.7658,-0.0669,0.1676,guidance,0,5
167.204,19.7973,0.00602,0.00060,pulse:0:0.160,19.8326,19.7973,-0.0354,0.2135,guidance,0,5
167.305,19.8147,0.00637,0.00120,pulse:0:0.160,19.8326,19.8147,-0.0179,0.1731,guidance,0,5
167.404,19.8683,0.00592,0.00140,pulse:0:0.160,19.8326,19.8683,0.0357,0.2558,guidance,0,5
167.505,19.8986,0.00624,0.00151,pulse:0:0.160,19.8326,19.8986,0.0660,0.2878,guidance,0,5
167.603,19.9250,0.00629,0.00199,pulse:1:0.160,20.0258,19.9250,-0.1008,0.2806,guidance,0,5
167.707,19.9785,0.00559,0.00075,pulse:1:0.160,20.0258,19.9785,-0.0473,0.2280,guidance,0,5
167.807,20.0261,0.00619,0.00059,pulse:1:0.160,20.0258,20.0261,0.0003,0.2227,guidance,0,5
167.906,20.0438,0.00655,0.00089,pulse:1:0.160,20.0258,20.0438,0.0180,0.2175,guidance,0,5
168.004,20.0924,0.00645,0.00161,pulse:1:0.160,20.0258,20.0924,0.0666,0.1622,guidance,0,5
168.106,20.1118,0.00643,0.00131,pulse:0:0.160,20.2150,20.1118,-0.1032,0.1736,guidance,0,5
168.205,20.1301,0.00597,0.00123,pulse:0:0.160,20.2150,20.1301,-0.0849,0.1238,guidance,0,5
168.305,20.1523,0.00596,0.00007,pulse:0:0.160,20.2150,20.1523,-0.0627,0.1138,guidance,0,5
168.402,20.1959,0.00621,0.00067,pulse:0:0.160,20.2150,20.1959,-0.0191,0.2294,guidance,0,5
168.506,20.2163,0.00577,0.00036,pulse:0:0.160,20.2150,20.2163,0.0013,0.2595,guidance,0,5
168.602,20.2407,0.00527,0.00021,pulse:0:0.160,20.2150,20.2407,0.0258,0.2758,guidance,0,5
168.704,20.2741,0.00523,0.00011,pulse:3:0.160,20.3581,20.2741,-0.0840,0.2618,guidance,0,5
168.802,20.3038,0.00514,0.00108,pulse:3:0.160,20.3581,20.3038,-0.0543,0.1438,guidance,0,5
168.907,20.3408,0.00485,0.00073,pulse:3:0.160,20.3581,20.3408,-0.0173,0.1784,guidance,0,5
169.005,20.3560,0.00482,0.00209,pulse:3:0.160,20.3581,20.3560,-0.0021,0.2234,guidance,0,5
169.107,20.3938,0.00488,0.00140,pulse:3:0.160,20.3581,20.3938,0.0357,0.1986,guidance,0,5
169.207,20.4178,0.00486,0.00158,pulse:1:0.160,20.4956,20.4178,-0.0778,0.1356,guidance,0,5
169.308,20.4575,0.00505,0.00098,pulse:1:0.160,20.4956,20.4575,-0.0381,0.1545,guidance,0,5
169.403,20.4880,0.00540,0.00113,pulse:1:0.160,20.4956,20.4880,-0.0076,0.1622,guidance,0,5
169.507,20.5001,0.00514,0.00183,pulse:1:0.160,20.4956,20.5001,0.0045,0.1814,guidance,0,5
169.606,20.5328,0.00567,0.00179,pulse:1:0.160,20.4956,20.5328,0.0372,0.1110,guidance,0,5
169.703,20.5505,0.00510,0.00142,pulse:1:0.160,20.4956,20.5505,0.0549,0.1324,guidance,0,5
169.803,20.5729,0.00499,0.00138,pulse:0+2:0.160,20.6531,20.5729,-0.0802,0.2480,guidance,0,5
169.905,20.5965,0.00546,0.00140,pulse:0+2:0.160,20.6531,20.5965,-0.0566,0.1595,guidance,0,5
170.003,20.6122,0.00495,0.00078,pulse:0+2:0.160,20.6531,20.6122,-0.0409,0.2156,guidance,0,5
170.104,20.6411,0.00542,0.00109,pulse:0+2:0.160,20.6531,20.6411,-0.0120,0.2334,guidance,0,5
170.202,20.6657,0.00568,0.00083,pulse:0+2:0.160,20.6531,20.6657,0.0125,0.2189,guidance,0,5
170.306,20.7132,0.00516,0.00057,pulse:1:0.160,20.7958,20.7132,-0.0826,0.1896,guidance,0,5
170.357,20.7336,0.00465,0.00067,pulse:1:0.160,20.7958,20.7336,-0.0622,0.2536,guidance,0,5
170.505,20.7811,0.00518,0.00035,pulse:1:0.160,20.7958,20.7811,-0.0147,0.2075,guidance,0,5
170.607,20.8328,0.00562,0.00081,pulse:1:0.160,20.7958,20.8328,0.0370,0.2378,guidance,0,5
170.704,20.8526,0.00547,0.00114,pulse:1:0.160,20.7958,20.8526,0.0568,0.2085,guidance,0,5
170.807,20.8811,0.00587,0.00087,pulse:0:0.160,20.9754,20.8811,-0.0943,0.1483,guidance,0,5
170.905,20.9237,0.00537,0.00051,pulse:0:0.160,20.9754,20.9237,-0.0518,0.1256,guidance,0,5
171.004,20.9645,0.00535,0.00041,pulse:0:0.160,20.9754,20.9645,-0.0109,0.1016,guidance,0,5
171.105,21.0101,0.00649,0.00166,pulse:0:0.160,20.9754,21.0101,0.0347,0.1266,guidance,0,5
171.208,21.0416,0.00582,0.00148,pulse:0:0.160,20.9754,21.0416,0.0662,0.1042,guidance,0,5
171.304,21.0598,0.00572,0.00223,pulse:0:0.160,20.9754,21.0598,0.0844,0.2046,guidance,0,5
171.405,21.0990,0.00588,0.00153,pulse:1+2:0.160,21.1931,21.0990,-0.0941,0.1371,guidance,0,5
171.505,21.1217,0.00638,0.00137,pulse:1+2:0.160,21.1931,21.1217,-0.0714,0.2103,guidance,0,5
171.607,21.1392,0.00545,0.00103,pulse:1+2:0.160,21.1931,21.1392,-0.0539,0.2424,guidance,0,5
171.703,21.1779,0.00545,0.00160,pulse:1+2:0.160,21.1931,21.1779,-0.0152,0.2103,guidance,0,5
171.807,21.2201,0.00591,0.00138,pulse:1+2:0.160,21.1931,21.2201,0.0270,0.2348,guidance,0,5
171.905,21.2546,0.00543,0.00156,pulse:1+2:0.160,21.1931,21.2546,0.0615,0.1516,guidance,0,5
172.005,21.2773,0.00568,0.00213,pulse:3:0.160,21.3685,21.2773,-0.0912,0.1540,guidance,0,5
172.103,21.3022,0.00553,0.00182,pulse:3:0.160,21.3685,21.3022,-0.0663,0.0625,guidance,0,5
172.206,21.3351,0.00566,0.00120,pulse:3:0.160,21.3685,21.3351,-0.0334,0.0723,guidance,0,5
172.303,21.3657,0.00542,0.00028,pulse:3:0.160,21.3685,21.3657,-0.0028,0.0431,guidance,0,5
172.406,21.3963,0.00571,0.00070,pulse:3:0.160,21.3685,21.3963,0.0278,0.0501,guidance,0,5
172.502,21.4288,0.00556,0.00024,pulse:3:0.160,21.3685,21.4288,0.0604,0.0994,guidance,0,5
172.604,21.4638,0.00523,0.00045,pulse:0:0.160,21.5479,21.4638,-0.0840,0.1081,guidance,0,5
172.706,21.4985,0.00537,0.00055,pulse:0:0.160,21.5479,21.4985,-0.0493,0.0909,guidance,0,5
172.802,21.5342,0.00526,0.00076,pulse:0:0.160,21.5479,21.5342,-0.0137,0.1832,guidance,0,5
172.905,21.5573,0.00568,0.00213,pulse:0:0.160,21.5479,21.5573,0.0095,0.1226,guidance,0,5
173.003,21.5881,0.00469,0.00148,pulse:0:0.160,21.5479,21.5881,0.0403,0.1256,guidance,0,5
173.102,21.6209,0.00492,0.00117,pulse:0:0.160,21.5479,21.6209,0.0730,0.0967,guidance,0,5
173.203,21.6583,0.00555,0.00134,pulse:1+2:0.240,21.7722,21.6583,-0.1139,0.1411,guidance,0,5
173.303,21.7004,0.00560,0.00148,pulse:1+2:0.240,21.7722,21.7004,-0.0719,0.1884,guidance,0,5
173.405,21.7314,0.00566,0.00052,pulse:1+2:0.240,21.7722,21.7314,-0.0408,0.2210,guidance,0,5
173.506,21.7476,0.00457,0.00277,pulse:1+2:0.240,21.7722,21.7476,-0.0246,0.0975,guidance,0,5
173.602,21.7868,0.00509,0.00398,pulse:1+2:0.240,21.7722,21.7868,0.0146,0.0939,guidance,0,5
173.705,21.8201,0.00502,0.00388,pulse:3:0.160,21.9007,21.8201,-0.0806,0.1372,guidance,0,5
173.803,21.8597,0.00530,0.00400,pulse:3:0.160,21.9007,21.8597,-0.0410,0.2075,guidance,0,5
173.907,21.9030,0.00579,0.00379,pulse:3:0.160,21.9007,21.9030,0.0023,0.1455,guidance,0,5
174.002,21.9366,0.00579,0.00332,pulse:3:0.160,21.9007,21.9366,0.0359,0.2134,guidance,0,5
174.107,21.9816,0.00587,0.00272,pulse:3:0.160,21.9007,21.9816,0.0809,0.1888,guidance,0,5
174.203,22.0081,0.00598,0.00350,pulse:3:0.160,21.9007,22.0081,0.1073,0.1470,guidance,0,5
174.306,22.0435,0.00563,0.00223,coast:0.040,21.9007,22.0435,0.1428,0.0610,fallback,0,5
174.405,22.1014,0.00539,0.00292,coast:0.040,21.9007,22.1014,0.2007,0.1323,fallback,0,5
174.506,22.1410,0.00549,0.00273,coast:0.040,21.9007,22.1410,0.2402,0.1354,fallback,0,5
174.605,22.1694,0.00567,0.00218,coast:0.040,21.9007,22.1694,0.2687,0.1674,fallback,0,5
174.704,22.2076,0.00580,0.00192,coast:0.040,21.9007,22.2076,0.3069,0.1879,fallback,0,5
174.802,22.2322,0.00565,0.00178,coast:0.040,21.9007,22.2322,0.3314,0.2238,fallback,0,5
174.903,22.2399,0.00501,0.00235,pulse:0:0.160,22.3204,22.2399,-0.0805,0.1413,guidance,0,5
175.008,22.2829,0.00585,0.00194,pulse:0:0.160,22.3204,22.2829,-0.0375,0.1305,guidance,0,5
175.104,22.3159,0.00628,0.00114,pulse:0:0.160,22.3204,22.3159,-0.0045,0.1923,guidance,0,5
175.203,22.3311,0.00558,0.00029,pulse:0:0.160,22.3204,22.3311,0.0107,0.0531,guidance,0,5
175.308,22.3660,0.00534,0.00076,pulse:0:0.160,22.3204,22.3660,0.0457,0.0963,guidance,0,5
175.403,22.3841,0.00522,0.00068,pulse:0:0.160,22.3204,22.3841,0.0637,0.1739,guidance,0,5
175.508,22.4017,0.00535,0.00066,pulse:3:0.160,22.4876,22.4017,-0.0859,0.2016,guidance,0,5
175.605,22.4188,0.00540,0.00061,pulse:3:0.160,22.4876,22.4188,-0.0689,0.2252,guidance,0,5
175.707,22.4440,0.00474,0.00099,pulse:3:0.160,22.4876,22.4440,-0.0436,0.1702,guidance,0,5
175.803,22.4816,0.00569,0.00152,pulse:3:0.160,22.4876,22.4816,-0.0060,0.1422,guidance,0,5
175.907,22.5059,0.00541,0.00150,pulse:3:0.160,22.4876,22.5059,0.0182,0.2088,guidance,0,5
176.005,22.5304,0.00561,0.00123,pulse:3:0.160,22.4876,22.5304,0.0428,0.0823,guidance,0,5
176.104,22.5703,0.00585,0.00113,pulse:1+2:0.160,22.6639,22.5703,-0.0937,0.1541,guidance,0,5
176.204,22.6053,0.00565,0.00205,pulse:1+2:0.160,22.6639,22.6053,-0.0586,0.0642,guidance,0,5
176.303,22.6239,0.00485,0.00018,pulse:1+2:0.160,22.6639,22.6239,-0.0401,0.0578,guidance,0,5
176.407,22.6674,0.00597,0.00218,pulse:1+2:0.160,22.6639,22.6674,0.0035,0.1708,guidance,0,5
176.506,22.6821,0.00532,0.00177,pulse:1+2:0.160,22.6639,22.6821,0.0181,0.1147,guidance,0,5
176.606,22.6999,0.00559,0.00231,pulse:0:0.160,22.7897,22.6999,-0.0898,0.0999,guidance,0,5
176.704,22.7449,0.00554,0.00200,pulse:0:0.160,22.7897,22.7449,-0.0448,0.0873,guidance,0,5
176.802,22.7853,0.00594,0.00165,pulse:0:0.160,22.7897,22.7853,-0.0045,0.1281,guidance,0,5
176.907,22.8246,0.00628,0.00089,pulse:0:0.160,22.7897,22.8246,0.0349,0.1030,guidance,0,5
177.006,22.8538,0.00554,0.00063,pulse:0:0.160,22.7897,22.8538,0.0641,0.0405,guidance,0,5
177.106,22.8619,0.00561,0.00072,pulse:0:0.160,22.7897,22.8619,0.0722,0.0256,guidance,0,5
177.203,22.8953,0.00534,0.00071,coast:0.040,22.7897,22.8953,0.1056,0.0152,fallback,0,5
177.304,22.9178,0.00533,0.00087,coast:0.040,22.7897,22.9178,0.1281,0.0890,fallback,0,5
177.406,22.9583,0.00512,0.00084,coast:0.040,22.7897,22.9583,0.1686,0.0567,fallback,0,5
177.505,22.9871,0.00567,0.00033,coast:0.040,22.7897,22.9871,0.1974,0.0556,fallback,0,5
177.607,23.0234,0.00516,0.00143,coast:0.040,22.7897,23.0234,0.2337,0.0643,fallback,0,5
177.702,23.0707,0.00532,0.00137,coast:0.040,22.7897,23.0707,0.2809,0.0979,fallback,0,5
177.802,23.1287,0.00557,0.00104,coast:0.040,22.7897,23.1287,0.3390,0.0497,fallback,0,5
177.903,23.1643,0.00510,0.00121,coast:0.040,22.7897,23.1643,0.3746,0.0805,fallback,0,5
178.006,23.1794,0.00533,0.00079,coast:0.040,22.7897,23.1794,0.3897,0.1105,fallback,0,5
178.102,23.2073,0.00553,0.00152,coast:0.040,22.7897,23.2073,0.4176,0.1132,fallback,0,5
178.204,23.2433,0.00546,0.00096,coast:0.040,22.7897,23.2433,0.4536,0.0791,fallback,0,5
178.306,23.2821,0.00503,0.00101,coast:0.320,23.4088,23.2821,-0.1267,0.0858,guidance,0,5
178.404,23.2989,0.00540,0.00080,coast:0.320,23.4088,23.2989,-0.1099,0.0955,guidance,0,5
178.504,23.3363,0.00512,0.00111,coast:0.320,23.4088,23.3363,-0.0726,0.1473,guidance,0,5
178.605,23.3616,0.00546,0.00137,coast:0.320,23.4088,23.3616,-0.0472,0.1090,guidance,0,5
178.705,23.4103,0.00479,0.00100,coast:0.320,23.4088,23.4103,0.0015,0.0889,guidance,0,5
178.805,23.4746,0.00476,0.00120,coast:0.320,23.4088,23.4746,0.0657,0.0294,guidance,0,5
178.902,23.5208,0.00499,0.00094,pulse:3:0.160,23.6009,23.5208,-0.0802,0.1271,guidance,0,5
179.003,23.5374,0.00523,0.00146,pulse:3:0.160,23.6009,23.5374,-0.0635,0.1241,guidance,0,5
179.105,23.5626,0.00531,0.00029,pulse:3:0.160,23.6009,23.5626,-0.0383,0.0951,guidance,0,5
179.202,23.5753,0.00546,0.00040,pulse:3:0.160,23.6009,23.5753,-0.0256,0.1703,guidance,0,5
179.307,23.6074,0.00552,0.00105,pulse:3:0.160,23.6009,23.6074,0.0065,0.1720,guidance,0,5
179.408,23.6348,0.00562,0.00083,pulse:0:0.160,23.7250,23.6348,-0.0903,0.1336,guidance,0,5
179.506,23.6666,0.00562,0.00075,pulse:0:0.160,23.7250,23.6666,-0.0584,0.1322,guidance,0,5
179.608,23.6987,0.00548,0.00237,pulse:0:0.160,23.7250,23.6987,-0.0263,0.1647,guidance,0,5
179.703,23.7433,0.00594,0.00268,pulse:0:0.160,23.7250,23.7433,0.0183,0.0622,guidance,0,5
179.802,23.7715,0.00632,0.00327,pulse:0:0.160,23.7250,23.7715,0.0465,0.1594,guidance,0,5
179.905,23.8072,0.00569,0.00236,pulse:0:0.160,23.7250,23.8072,0.0822,0.1687,guidance,0,5
