t,attDeg,wParallel,wPerp,primitive,predAtt,actualAtt,predMinusActual,fuelMargin,phase,reachable,fdir
0.001,64.0869,0.26832,0.02107,pulse:0+5:0.160,68.3869,64.0869,-4.3000,2.3174,guidance,0,
0.101,71.9424,0.27843,0.01601,pulse:0+5:0.160,68.3869,71.9424,3.5555,2.1588,guidance,0,
0.200,75.6653,0.27841,0.01383,pulse:0+5:0.160,68.3869,75.6653,7.2785,2.2518,guidance,0,
0.300,78.3087,0.27622,0.01387,pulse:0+5:0.160,68.3869,78.3087,9.9219,2.2777,guidance,0,
0.398,80.4460,0.27589,0.01590,pulse:0+5:0.160,68.3869,80.4460,12.0591,2.0990,guidance,0,
0.500,82.4030,0.27492,0.01904,pulse:0+5:0.160,68.3869,82.4030,14.0162,2.2973,guidance,0,
0.598,84.2462,0.27433,0.02184,pulse:0+5:0.160,88.6415,84.2462,-4.3953,2.3565,guidance,0,
0.698,86.0614,0.27368,0.02258,pulse:0+5:0.160,88.6415,86.0614,-2.5801,2.0987,guidance,0,
0.797,87.7579,0.27170,0.02435,pulse:0+5:0.160,88.6415,87.7579,-0.8836,2.1767,guidance,0,
0.899,89.4779,0.27018,0.02489,pulse:0+5:0.160,88.6415,89.4779,0.8363,2.3216,guidance,0,
0.999,91.0997,0.27024,0.02447,pulse:0+5:0.160,88.6415,91.0997,2.4582,2.3084,guidance,0,
1.098,92.7285,0.27073,0.02430,pulse:0+5:0.160,88.6415,92.7285,4.0870,2.1585,guidance,0,
1.201,94.3500,0.27128,0.02438,pulse:0+5:0.160,98.6967,94.3500,-4.3468,2.3003,guidance,0,
1.300,95.9215,0.27211,0.02446,pulse:0+5:0.160,98.6967,95.9215,-2.7752,2.1557,guidance,0,
1.403,97.5598,0.27280,0.02534,pulse:0+5:0.160,98.6967,97.5598,-1.1369,2.2114,guidance,0,
1.499,99.0808,0.27198,0.02784,pulse:0+5:0.160,98.6967,99.0808,0.3841,2.1991,guidance,0,
1.602,100.7207,0.27450,0.02974,pulse:0+5:0.160,98.6967,100.7207,2.0240,2.2729,guidance,0,
1.700,102.2694,0.27556,0.03210,pulse:0+5:0.160,98.6967,102.2694,3.5726,2.2990,guidance,0,
1.800,103.8527,0.27775,0.03426,pulse:0+5:0.160,108.3046,103.8527,-4.4519,2.3482,guidance,0,
1.901,105.4588,0.28031,0.03604,pulse:0+5:0.160,108.3046,105.4588,-2.8459,2.1436,guidance,0,
1.998,107.0072,0.28115,0.03758,pulse:0+5:0.160,108.3046,107.0072,-1.2974,2.1144,guidance,0,
2.097,108.5991,0.28178,0.03878,pulse:0+5:0.160,108.3046,108.5991,0.2945,2.2242,guidance,0,
2.200,110.2351,0.28410,0.03892,pulse:0+5:0.160,108.3046,110.2351,1.9304,2.3305,guidance,0,
2.301,111.8182,0.28620,0.03744,pulse:0+5:0.160,116.4057,111.8182,-4.5875,2.2788,guidance,0,
2.402,113.4654,0.28913,0.03563,pulse:0+5:0.160,116.4057,113.4654,-2.9403,2.0885,guidance,0,
2.501,115.0614,0.29096,0.03355,pulse:0+5:0.160,116.4057,115.0614,-1.3443,2.1562,guidance,0,
2.602,116.6999,0.29186,0.02959,pulse:0+5:0.160,116.4057,116.6999,0.2942,2.2943,guidance,0,
2.698,118.2644,0.29437,0.02600,pulse:0+5:0.160,116.4057,118.2644,1.8587,2.2191,guidance,0,
2.749,119.0638,0.29539,0.02271,pulse:0+5:0.160,116.4057,119.0638,2.6581,2.0454,guidance,0,
2.900,121.5784,0.29809,0.01649,pulse:0+5:0.160,126.3547,121.5784,-4.7763,2.0644,guidance,0,
2.998,123.2175,0.29966,0.01283,pulse:0+5:0.160,126.3547,123.2175,-3.1372,2.2844,guidance,0,
3.098,124.8792,0.30015,0.01074,pulse:0+5:0.160,126.3547,124.8792,-1.4755,2.3402,guidance,0,
3.202,126.6141,0.30073,0.01011,pulse:0+5:0.160,126.3547,126.6141,0.2594,2.2486,guidance,0,
3.299,128.2100,0.30056,0.01124,pulse:0+5:0.160,126.3547,128.2100,1.8553,2.0659,guidance,0,
3.399,129.8929,0.30228,0.01439,pulse:0+5:0.160,126.3547,129.8929,3.5382,2.0225,guidance,0,
3.497,131.5366,0.30165,0.01772,pulse:0+5:0.160,136.3683,131.5366,-4.8318,2.1854,guidance,0,
3.597,133.2046,0.30108,0.01969,pulse:0+5:0.160,136.3683,133.2046,-3.1637,2.2529,guidance,0,
3.702,134.9408,0.29909,0.02040,pulse:0+5:0.160,136.3683,134.9408,-1.4275,2.0646,guidance,0,
3.802,136.5675,0.29673,0.01991,pulse:0+5:0.160,136.3683,136.5675,0.1992,1.9805,guidance,0,
3.901,138.1929,0.29585,0.02025,pulse:0+5:0.160,136.3683,138.1929,1.8246,2.1137,guidance,0,
3.997,139.7479,0.29357,0.01932,pulse:0+5:0.160,144.4501,139.7479,-4.7022,2.1144,guidance,0,
4.102,141.4183,0.29155,0.01742,pulse:0+5:0.160,144.4501,141.4183,-3.0318,2.0504,guidance,0,
4.200,142.9693,0.28761,0.01445,pulse:0+5:0.160,144.4501,142.9693,-1.4808,2.0952,guidance,0,
4.297,144.5204,0.28378,0.01085,pulse:0+5:0.160,144.4501,144.5204,0.0703,2.0879,guidance,0,
4.400,146.1231,0.28184,0.00738,pulse:0+5:0.160,144.4501,146.1231,1.6730,2.2080,guidance,0,
4.501,147.6538,0.27811,0.00517,pulse:0+5:0.160,152.1087,147.6538,-4.4549,2.2372,guidance,0,
4.600,149.1324,0.27482,0.00414,pulse:0+5:0.160,152.1087,149.1324,-2.9763,2.1038,guidance,0,
4.703,150.6475,0.27127,0.00629,pulse:0+5:0.160,152.1087,150.6475,-1.4612,2.0369,guidance,0,
4.801,152.1025,0.26747,0.01024,pulse:0+5:0.160,152.1087,152.1025,-0.0062,2.0773,guidance,0,
4.903,153.6044,0.26461,0.01292,pulse:0+5:0.160,152.1087,153.6044,1.4957,2.1615,guidance,0,
5.000,154.9984,0.26207,0.01403,pulse:0+5:0.160,152.1087,154.9984,2.8897,2.0152,guidance,0,
5.098,156.4297,0.26007,0.01573,pulse:0+5:0.160,160.5961,156.4297,-4.1663,2.0278,guidance,0,
5.198,157.8329,0.25804,0.01598,pulse:0+5:0.160,160.5961,157.8329,-2.7632,2.2153,guidance,0,
5.301,159.2770,0.25565,0.01574,pulse:0+5:0.160,160.5961,159.2770,-1.3191,2.1285,guidance,0,
5.398,160.6516,0.25284,0.01596,pulse:0+5:0.160,160.5961,160.6516,0.0555,2.1012,guidance,0,
5.498,162.0457,0.25238,0.01375,pulse:0+5:0.160,160.5961,162.0457,1.4496,2.1405,guidance,0,
5.599,163.4555,0.25310,0.01087,pulse:0+5:0.240,168.6603,163.4555,-5.2048,2.0448,guidance,0,
5.698,164.8321,0.25307,0.00752,pulse:0+5:0.240,168.6603,164.8321,-3.8282,2.0896,guidance,0,
5.803,166.2930,0.25249,0.00488,pulse:0+5:0.240,168.6603,166.2930,-2.3672,2.0418,guidance,0,
5.901,167.6376,0.25236,0.00363,pulse:0+5:0.240,168.6603,167.6376,-1.0226,2.0788,guidance,0,
6.001,169.0258,0.25315,0.00619,pulse:0+5:0.240,168.6603,169.0258,0.3655,2.0532,guidance,0,
6.099,170.3937,0.25543,0.00947,pulse:0+5:0.240,168.6603,170.3937,1.7334,2.0998,guidance,0,
6.200,171.8411,0.25784,0.01401,pulse:0+5:0.320,178.3085,171.8411,-6.4675,2.1111,guidance,0,
6.298,173.2418,0.25986,0.01836,pulse:0+5:0.320,178.3085,173.2418,-5.0667,2.0405,guidance,0,
6.401,174.7109,0.26152,0.02232,pulse:0+5:0.320,178.3085,174.7109,-3.5976,2.1458,guidance,0,
6.501,176.1691,0.26352,0.02451,pulse:0+5:0.320,178.3085,176.1691,-2.1395,2.1210,guidance,0,
6.601,177.6203,0.26435,0.02653,pulse:0+5:0.320,178.3085,177.6203,-0.6882,2.0845,guidance,0,
6.698,179.0504,0.26752,0.02804,pulse:0+5:0.320,178.3085,179.0504,0.7419,2.0346,guidance,0,
6.797,179.4918,-0.26958,0.02921,pulse:0+5:0.240,173.9504,179.4918,5.5414,2.0302,guidance,0,
6.899,177.9553,-0.27240,0.03051,pulse:0+5:0.240,173.9504,177.9553,4.0049,1.9939,guidance,0,
6.999,176.4406,-0.27349,0.02971,pulse:0+5:0.240,173.9504,176.4406,2.4902,1.9514,guidance,0,
7.100,174.9034,-0.27431,0.02788,pulse:0+5:0.240,173.9504,174.9034,0.9530,2.0805,guidance,0,
7.201,173.3758,-0.27500,0.02571,pulse:0+5:0.240,173.9504,173.3758,-0.5746,2.2308,guidance,0,
7.299,171.8755,-0.27650,0.02459,pulse:0+5:0.320,164.9395,171.8755,6.9360,2.2485,guidance,0,
7.399,170.3410,-0.27820,0.02275,pulse:0+5:0.320,164.9395,170.3410,5.4015,1.9866,guidance,0,
7.498,168.8176,-0.27722,0.02122,pulse:0+5:0.320,164.9395,168.8176,3.8781,1.9731,guidance,0,
7.599,167.2905,-0.27607,0.01868,pulse:0+5:0.320,164.9395,167.2905,2.3510,1.9681,guidance,0,
7.700,165.7385,-0.27451,0.01732,pulse:0+5:0.320,164.9395,165.7385,0.7990,1.9328,guidance,0,
7.798,164.2658,-0.27305,0.01809,pulse:0+5:0.320,164.9395,164.2658,-0.6737,2.0823,guidance,0,
7.901,162.6854,-0.27192,0.01854,pulse:0+5:0.320,155.8621,162.6854,6.8233,1.9869,guidance,0,
7.998,161.2132,-0.27082,0.01924,pulse:0+5:0.320,155.8621,161.2132,5.3511,1.9633,guidance,0,
8.100,159.7182,-0.26750,0.02061,pulse:0+5:0.320,155.8621,159.7182,3.8561,2.1446,guidance,0,
8.202,158.2009,-0.26491,0.02190,pulse:0+5:0.320,155.8621,158.2009,2.3388,2.1395,guidance,0,
8.302,156.7594,-0.26153,0.02166,pulse:0+5:0.320,155.8621,156.7594,0.8973,2.0963,guidance,0,
8.401,155.3395,-0.25923,0.02170,pulse:0+5:0.320,155.8621,155.3395,-0.5226,2.1849,guidance,0,
8.499,153.9316,-0.25649,0.02125,pulse:0:0.320,147.4812,153.9316,6.4503,2.0013,guidance,0,
8.599,152.5054,-0.25376,0.02001,pulse:0:0.320,147.4812,152.5054,5.0241,2.0608,guidance,0,
8.702,151.0805,-0.25098,0.01748,pulse:0:0.320,147.4812,151.0805,3.5993,2.1011,guidance,0,
8.802,149.7158,-0.24689,0.01585,pulse:0:0.320,147.4812,149.7158,2.2346,2.0887,guidance,0,
8.902,148.3379,-0.24453,0.01422,pulse:0:0.320,147.4812,148.3379,0.8567,1.9965,guidance,0,
9.000,147.0399,-0.24204,0.01416,pulse:0+5:0.320,140.9625,147.0399,6.0773,1.9605,guidance,0,
9.102,145.6749,-0.24044,0.01609,pulse:0+5:0.320,140.9625,145.6749,4.7123,2.1317,guidance,0,
9.199,144.3799,-0.23831,0.01738,pulse:0+5:0.320,140.9625,144.3799,3.4173,2.0306,guidance,0,
9.303,143.0179,-0.23544,0.02068,pulse:0+5:0.320,140.9625,143.0179,2.0554,1.9937,guidance,0,
9.400,141.7537,-0.23295,0.02276,pulse:0+5:0.320,140.9625,141.7537,0.7912,1.8973,guidance,0,
9.501,140.4331,-0.23207,0.02643,pulse:0+5:0.320,134.6093,140.4331,5.8238,1.9821,guidance,0,
9.603,139.1298,-0.23217,0.02889,pulse:0+5:0.320,134.6093,139.1298,4.5205,1.9646,guidance,0,
9.699,137.8922,-0.23035,0.03181,pulse:0+5:0.320,134.6093,137.8922,3.2829,1.9523,guidance,0,
9.803,136.5493,-0.22933,0.03261,pulse:0+5:0.320,134.6093,136.5493,1.9400,2.0371,guidance,0,
9.898,135.3374,-0.22853,0.03271,pulse:0+5:0.320,134.6093,135.3374,0.7281,2.1568,guidance,0,
9.999,134.0634,-0.22831,0.03362,pulse:0+5:0.320,134.6093,134.0634,-0.5459,2.1266,guidance,0,
10.100,132.7402,-0.23002,0.03389,pulse:0+5:0.320,126.9691,132.7402,5.7711,1.9582,guidance,0,
10.198,131.4721,-0.23015,0.03263,pulse:0+5:0.320,126.9691,131.4721,4.5030,1.8938,guidance,0,
10.298,130.1800,-0.23080,0.03031,pulse:0+5:0.320,126.9691,130.1800,3.2109,1.8725,guidance,0,
10.399,128.8567,-0.23060,0.02824,pulse:0+5:0.320,126.9691,128.8567,1.8876,1.8716,guidance,0,
10.500,127.5454,-0.23015,0.02513,pulse:0+5:0.320,126.9691,127.5454,0.5763,2.1150,guidance,0,
10.601,126.2408,-0.23163,0.02269,pulse:0+5:0.320,120.4273,126.2408,5.8134,2.0337,guidance,0,
10.702,124.9409,-0.23304,0.02068,pulse:0+5:0.320,120.4273,124.9409,4.5136,2.1381,guidance,0,
10.802,123.6424,-0.23395,0.01877,pulse:0+5:0.320,120.4273,123.6424,3.2150,2.1512,guidance,0,
10.899,122.3662,-0.23418,0.01761,pulse:0+5:0.320,120.4273,122.3662,1.9388,2.1530,guidance,0,
11.001,121.0324,-0.23338,0.01781,pulse:0+5:0.320,120.4273,121.0324,0.6050,2.1391,guidance,0,
11.101,119.7136,-0.23440,0.01895,pulse:0+5:0.320,113.8288,119.7136,5.8848,2.1702,guidance,0,
11.200,118.3865,-0.23559,0.02143,pulse:0+5:0.320,113.8288,118.3865,4.5577,1.9138,guidance,0,
11.299,117.0858,-0.23601,0.02286,pulse:0+5:0.320,113.8288,117.0858,3.2570,1.8986,guidance,0,
11.397,115.8008,-0.23560,0.02473,pulse:0+5:0.320,113.8288,115.8008,1.9720,2.0223,guidance,0,
11.500,114.4286,-0.23574,0.02705,pulse:0+5:0.320,113.8288,114.4286,0.5998,1.8989,guidance,0,
11.601,113.0827,-0.23531,0.02866,pulse:0+5:0.320,113.8288,113.0827,-0.7461,1.9816,guidance,0,
11.701,111.7423,-0.23661,0.03023,pulse:0+5:0.320,105.8027,111.7423,5.9396,2.0554,guidance,0,
11.803,110.3976,-0.23737,0.03158,pulse:0+5:0.320,105.8027,110.3976,4.5949,1.8966,guidance,0,
11.900,109.1140,-0.23614,0.03224,pulse:0+5:0.320,105.8027,109.1140,3.3113,1.9913,guidance,0,
12.003,107.7771,-0.23536,0.03254,pulse:0+5:0.320,105.8027,107.7771,1.9744,1.8651,guidance,0,
12.100,106.5091,-0.23381,0.03258,pulse:0+5:0.320,105.8027,106.5091,0.7064,2.0352,guidance,0,
12.197,105.2225,-0.23332,0.03311,pulse:0+5:0.320,105.8027,105.2225,-0.5802,1.9395,guidance,0,
12.300,103.8865,-0.23292,0.03461,pulse:0+5:0.320,98.0426,103.8865,5.8439,1.9823,guidance,0,
12.400,102.5491,-0.23256,0.03641,pulse:0+5:0.320,98.0426,102.5491,4.5065,1.8893,guidance,0,
12.502,101.2203,-0.23093,0.03615,pulse:0+5:0.320,98.0426,101.2203,3.1777,1.9544,guidance,0,
12.601,99.9492,-0.22935,0.03737,pulse:0+5:0.320,98.0426,99.9492,1.9066,1.9452,guidance,0,
12.698,98.7077,-0.22638,0.03669,pulse:0+5:0.320,98.0426,98.7077,0.6651,1.8631,guidance,0,
12.800,97.4162,-0.22528,0.03694,pulse:0+5:0.320,98.0426,97.4162,-0.6264,2.0464,guidance,0,
12.899,96.1610,-0.22398,0.03852,pulse:0+5:0.320,90.5448,96.1610,5.6161,1.9990,guidance,0,
13.002,94.8562,-0.22292,0.03844,pulse:0+5:0.320,90.5448,94.8562,4.3113,1.9866,guidance,0,
13.100,93.6187,-0.22068,0.03841,pulse:0+5:0.320,90.5448,93.6187,3.0738,2.0070,guidance,0,
13.201,92.3722,-0.21833,0.03682,pulse:0+5:0.320,90.5448,92.3722,1.8273,1.8769,guidance,0,
13.303,91.1419,-0.21553,0.03514,pulse:0+5:0.320,90.5448,91.1419,0.5971,1.8446,guidance,0,
13.400,89.9663,-0.21341,0.03369,pulse:0+5:0.320,84.6153,89.9663,5.3510,1.8714,guidance,0,
13.502,88.7477,-0.21204,0.03231,pulse:0+5:0.320,84.6153,88.7477,4.1324,2.0480,guidance,0,
13.598,87.5917,-0.20928,0.03020,pulse:0+5:0.320,84.6153,87.5917,2.9764,2.0818,guidance,0,
13.698,86.4012,-0.20684,0.02772,pulse:0+5:0.320,84.6153,86.4012,1.7859,2.0956,guidance,0,
13.798,85.2609,-0.20475,0.02566,pulse:0+5:0.320,84.6153,85.2609,0.6456,1.9809,guidance,0,
13.901,84.0723,-0.20254,0.02414,pulse:0+5:0.320,78.9922,84.0723,5.0801,1.8058,guidance,0,
14.000,82.9584,-0.20141,0.02408,pulse:0+5:0.320,78.9922,82.9584,3.9662,1.7808,guidance,0,
14.100,81.8109,-0.19984,0.02273,pulse:0+5:0.320,78.9922,81.8109,2.8187,1.9360,guidance,0,
14.202,80.6889,-0.19799,0.02253,pulse:0+5:0.320,78.9922,80.6889,1.6967,1.9642,guidance,0,
14.302,79.5927,-0.19595,0.02287,pulse:0+5:0.320,78.9922,79.5927,0.6005,1.9051,guidance,0,
14.399,78.5071,-0.19551,0.02436,pulse:0+5:0.320,78.9922,78.5071,-0.4852,1.8373,guidance,0,
14.500,77.3863,-0.19547,0.02493,pulse:0+5:0.320,72.4836,77.3863,4.9027,1.9828,guidance,0,
14.598,76.3074,-0.19626,0.02630,pulse:0+5:0.320,72.4836,76.3074,3.8239,2.0703,guidance,0,
14.698,75.1837,-0.19584,0.02752,pulse:0+5:0.320,72.4836,75.1837,2.7001,2.0476,guidance,0,
14.800,74.0529,-0.19518,0.02839,pulse:0+5:0.320,72.4836,74.0529,1.5693,1.8676,guidance,0,
14.899,72.9642,-0.19463,0.02888,pulse:0+5:0.320,72.4836,72.9642,0.4806,2.0172,guidance,0,
15.001,71.8323,-0.19558,0.03092,pulse:0+5:0.320,66.9289,71.8323,4.9034,1.9061,guidance,0,
15.102,70.7068,-0.19699,0.03188,pulse:0+5:0.320,66.9289,70.7068,3.7779,1.8250,guidance,0,
15.201,69.6007,-0.19746,0.03356,pulse:0+5:0.320,66.9289,69.6007,2.6717,1.8410,guidance,0,
15.300,68.4884,-0.19723,0.03491,pulse:0+5:0.320,66.9289,68.4884,1.5595,1.8380,guidance,0,
15.401,67.3524,-0.19711,0.03655,pulse:0+5:0.320,66.9289,67.3524,0.4235,1.9459,guidance,0,
15.499,66.2355,-0.19872,0.03829,pulse:0+5:0.320,66.9289,66.2355,-0.6934,1.8491,guidance,0,
15.602,65.0744,-0.20085,0.04095,pulse:0+5:0.320,60.0436,65.0744,5.0307,1.7337,guidance,0,
15.698,63.9657,-0.20261,0.04240,pulse:0+5:0.320,60.0436,63.9657,3.9221,1.7519,guidance,0,
15.803,62.7791,-0.20206,0.04475,pulse:0+5:0.320,60.0436,62.7791,2.7355,1.8471,guidance,0,
15.900,61.6704,-0.20243,0.04580,pulse:0+5:0.320,60.0436,61.6704,1.6267,1.9126,guidance,0,
16.000,60.5102,-0.20232,0.04713,pulse:0+5:0.320,60.0436,60.5102,0.4666,1.9181,guidance,0,
16.098,59.3897,-0.20280,0.04819,pulse:0+5:0.320,60.0436,59.3897,-0.6539,1.8604,guidance,0,
16.199,58.2115,-0.20312,0.04951,pulse:0+5:0.320,53.1300,58.2115,5.0815,1.8679,guidance,0,
16.300,57.0408,-0.20316,0.05025,pulse:0+5:0.320,53.1300,57.0408,3.9109,1.8693,guidance,0,
16.402,55.8792,-0.20245,0.05192,pulse:0+5:0.320,53.1300,55.8792,2.7492,1.8862,guidance,0,
16.499,54.7924,-0.20141,0.05161,pulse:0+5:0.320,53.1300,54.7924,1.6625,1.9092,guidance,0,
16.600,53.6621,-0.19922,0.05145,pulse:0+5:0.320,53.1300,53.6621,0.5322,1.9780,guidance,0,
16.703,52.5145,-0.19815,0.05176,pulse:0+5:0.320,47.5604,52.5145,4.9541,1.8403,guidance,0,
16.798,51.4181,-0.19686,0.05242,pulse:0+5:0.320,47.5604,51.4181,3.8577,1.8279,guidance,0,
16.900,50.2985,-0.19441,0.05293,pulse:0+5:0.320,47.5604,50.2985,2.7381,1.7790,guidance,0,
17.000,49.2012,-0.19212,0.05275,pulse:0+5:0.320,47.5604,49.2012,1.6408,1.6954,guidance,0,
17.098,48.1509,-0.18889,0.05288,pulse:0+5:0.320,47.5604,48.1509,0.5905,1.9435,guidance,0,
17.202,47.0466,-0.18649,0.05347,pulse:0+5:0.320,47.5604,47.0466,-0.5138,1.8961,guidance,0,
17.302,46.0066,-0.18488,0.05453,pulse:0+5:0.320,41.3903,46.0066,4.6163,1.9585,guidance,0,
17.401,44.9867,-0.18285,0.05569,pulse:0+5:0.320,41.3903,44.9867,3.5964,2.0006,guidance,0,
17.500,43.9738,-0.18002,0.05598,pulse:0+5:0.320,41.3903,43.9738,2.5835,1.9734,guidance,0,
17.601,42.9503,-0.17653,0.05604,pulse:0+5:0.320,41.3903,42.9503,1.5600,1.8008,guidance,0,
17.702,41.9454,-0.17396,0.05623,pulse:0+5:0.320,41.3903,41.9454,0.5551,1.8869,guidance,0,
17.800,40.9934,-0.17177,0.05580,pulse:0+5:0.320,41.3903,40.9934,-0.3969,1.7762,guidance,0,
17.903,40.0086,-0.16987,0.05692,pulse:0+5:0.320,35.7758,40.0086,4.2328,1.7306,guidance,0,
18.002,39.0305,-0.16899,0.05721,pulse:0+5:0.320,35.7758,39.0305,3.2548,1.7016,guidance,0,
18.103,38.0769,-0.16699,0.05696,pulse:0+5:0.320,35.7758,38.0769,2.3011,1.7362,guidance,0,
18.198,37.1585,-0.16504,0.05622,pulse:0+5:0.320,35.7758,37.1585,1.3827,1.8261,guidance,0,
18.300,36.1998,-0.16294,0.05598,pulse:0+5:0.320,35.7758,36.1998,0.4240,1.8137,guidance,0,
18.400,35.2736,-0.16246,0.05712,pulse:0+5:0.320,35.7758,35.2736,-0.5022,1.7434,guidance,0,
18.497,34.3776,-0.16182,0.05780,pulse:0+5:0.320,30.3545,34.3776,4.0231,1.8138,guidance,0,
18.597,33.4490,-0.16233,0.05890,pulse:0+5:0.320,30.3545,33.4490,3.0945,1.8138,guidance,0,
18.698,32.5258,-0.16169,0.05936,pulse:0+5:0.320,30.3545,32.5258,2.1713,1.7477,guidance,0,
18.802,31.5873,-0.16038,0.06072,pulse:0+5:0.320,30.3545,31.5873,1.2328,1.8985,guidance,0,
18.899,30.6980,-0.15977,0.06149,pulse:0+5:0.320,30.3545,30.6980,0.3434,1.7095,guidance,0,
19.002,29.7690,-0.15929,0.06311,pulse:0+5:0.320,25.8238,29.7690,3.9452,1.8132,guidance,0,
19.098,28.9049,-0.15911,0.06592,pulse:0+5:0.320,25.8238,28.9049,3.0811,1.8222,guidance,0,
19.200,27.9847,-0.15839,0.06800,pulse:0+5:0.320,25.8238,27.9847,2.1609,1.9144,guidance,0,
19.299,27.0913,-0.15798,0.07086,pulse:0+5:0.320,25.8238,27.0913,1.2675,1.6886,guidance,0,
19.399,26.1964,-0.15572,0.07302,pulse:0+5:0.320,25.8238,26.1964,0.3726,1.6552,guidance,0,
19.502,25.2806,-0.15490,0.07653,pulse:0+5:0.320,25.8238,25.2806,-0.5431,1.7739,guidance,0,
19.601,24.4081,-0.15418,0.08008,pulse:0+5:0.320,20.6403,24.4081,3.7679,1.7017,guidance,0,
19.698,23.5592,-0.15347,0.08575,pulse:0+5:0.320,20.6403,23.5592,2.9190,1.6690,guidance,0,
19.802,22.6455,-0.15120,0.08969,pulse:0+5:0.320,20.6403,22.6455,2.0053,1.8267,guidance,0,
19.899,21.8121,-0.14724,0.09410,pulse:0+5:0.320,20.6403,21.8121,1.1718,1.7051,guidance,0,
20.000,20.9746,-0.14439,0.09823,pulse:0+5:0.320,20.6403,20.9746,0.3344,1.6332,guidance,0,
20.101,20.1488,-0.14059,0.10423,pulse:0+5:0.160,17.9738,20.1488,2.1750,1.8215,guidance,0,
20.201,19.3670,-0.13721,0.11009,pulse:0+5:0.160,17.9738,19.3670,1.3932,1.8656,guidance,0,
20.301,18.6118,-0.13262,0.11574,pulse:0+5:0.160,17.9738,18.6118,0.6380,1.8412,guidance,0,
20.402,17.8590,-0.12651,0.12076,pulse:0+5:0.160,17.9738,17.8590,-0.1149,1.6494,guidance,0,
20.499,17.1777,-0.12082,0.12740,pulse:0+5:0.160,17.9738,17.1777,-0.7961,1.7018,guidance,0,
20.599,16.4914,-0.11446,0.13434,pulse:0+5:0.160,17.9738,16.4914,-1.4824,1.8093,guidance,0,
20.700,15.8583,-0.10768,0.13888,pulse:0+5:0.160,14.3066,15.8583,1.5517,1.7414,guidance,0,
20.799,15.2574,-0.10041,0.14555,pulse:0+5:0.160,14.3066,15.2574,0.9508,1.6637,guidance,0,
20.898,14.7065,-0.09128,0.14998,pulse:0+5:0.160,14.3066,14.7065,0.3999,1.8221,guidance,0,
21.001,14.2208,-0.08023,0.15420,pulse:0+5:0.160,14.3066,14.2208,-0.0858,1.7755,guidance,0,
21.099,13.7922,-0.07126,0.15839,pulse:0+5:0.160,14.3066,13.7922,-0.5144,1.8819,guidance,0,
21.202,13.3891,-0.06090,0.16208,pulse:0+2:0.160,12.6822,13.3891,0.7069,1.8988,guidance,0,
21.300,13.0677,-0.05002,0.16474,pulse:0+2:0.160,12.6822,13.0677,0.3855,1.8734,guidance,0,
21.399,12.8121,-0.03826,0.16680,pulse:0+2:0.160,12.6822,12.8121,0.1299,1.7656,guidance,0,
21.498,12.5954,-0.02770,0.16745,pulse:0+2:0.160,12.6822,12.5954,-0.0868,1.8805,guidance,0,
21.603,12.4593,-0.01576,0.16836,pulse:0+2:0.160,12.6822,12.4593,-0.2229,1.7234,guidance,0,
21.699,12.3884,-0.00498,0.16846,pulse:0+2:0.160,12.6822,12.3884,-0.2938,1.8652,guidance,0,
21.797,12.3839,0.00621,0.16729,pulse:0:0.160,12.7670,12.3839,-0.3830,1.7490,guidance,0,
21.901,12.4641,0.01806,0.16564,pulse:0:0.160,12.7670,12.4641,-0.3029,1.7323,guidance,0,
21.999,12.5919,0.02808,0.16268,pulse:0:0.160,12.7670,12.5919,-0.1751,1.8350,guidance,0,
22.099,12.7657,0.03739,0.15895,pulse:0:0.160,12.7670,12.7657,-0.0012,1.8642,guidance,0,
22.201,13.0003,0.04682,0.15591,pulse:0:0.160,12.7670,13.0003,0.2333,1.7209,guidance,0,
22.301,13.2826,0.05643,0.15208,pulse:0:0.160,14.3938,13.2826,-1.1112,1.6763,guidance,0,
22.401,13.6491,0.06479,0.14798,pulse:0:0.160,14.3938,13.6491,-0.7448,1.8255,guidance,0,
22.499,14.0191,0.07172,0.14278,pulse:0:0.160,14.3938,14.0191,-0.3748,1.7127,guidance,0,
22.603,14.4582,0.07878,0.13772,pulse:0:0.160,14.3938,14.4582,0.0644,1.7937,guidance,0,
22.699,14.9091,0.08552,0.13254,pulse:0:0.160,14.3938,14.9091,0.5153,1.6691,guidance,0,
22.803,15.4372,0.09155,0.12738,pulse:0+2:0.160,17.0278,15.4372,-1.5906,1.6011,guidance,0,
22.901,15.9631,0.09717,0.12311,pulse:0+2:0.160,17.0278,15.9631,-1.0647,1.7006,guidance,0,
23.000,16.5089,0.10231,0.11725,pulse:0+2:0.160,17.0278,16.5089,-0.5189,1.7764,guidance,0,
23.098,17.0957,0.10678,0.11149,pulse:0+2:0.160,17.0278,17.0957,0.0679,1.6834,guidance,0,
23.200,17.7376,0.11107,0.10711,pulse:0+2:0.160,17.0278,17.7376,0.7099,1.7675,guidance,0,
23.300,18.3843,0.11585,0.10271,pulse:0+2:0.160,17.0278,18.3843,1.3565,1.7847,guidance,0,
23.400,19.0531,0.11982,0.09796,pulse:0+2:0.160,21.0326,19.0531,-1.9795,1.7103,guidance,0,
23.499,19.7427,0.12378,0.09425,pulse:0+2:0.160,21.0326,19.7427,-1.2899,1.7961,guidance,0,
23.602,20.4524,0.12625,0.08950,pulse:0+2:0.160,21.0326,20.4524,-0.5802,1.8291,guidance,0,
23.698,21.1456,0.12963,0.08540,pulse:0+2:0.160,21.0326,21.1456,0.1130,1.8772,guidance,0,
23.798,21.9004,0.13237,0.08214,pulse:0+2:0.160,21.0326,21.9004,0.8678,1.8500,guidance,0,
23.902,22.7059,0.13508,0.07879,pulse:0+5:0.320,26.1665,22.7059,-3.4606,1.6222,guidance,0,
23.999,23.4367,0.13750,0.07631,pulse:0+5:0.320,26.1665,23.4367,-2.7298,1.6378,guidance,0,
24.098,24.2234,0.13948,0.07330,pulse:0+5:0.320,26.1665,24.2234,-1.9431,1.7890,guidance,0,
24.202,25.0437,0.14013,0.06967,pulse:0+5:0.320,26.1665,25.0437,-1.1228,1.6159,guidance,0,
24.301,25.8553,0.14078,0.06780,pulse:0+5:0.320,26.1665,25.8553,-0.3111,1.6567,guidance,0,
24.401,26.6515,0.14283,0.06706,pulse:0+5:0.320,26.1665,26.6515,0.4850,1.6365,guidance,0,
24.502,27.4836,0.14356,0.06511,pulse:0+3:0.160,29.8011,27.4836,-2.3176,1.6540,guidance,0,
24.601,28.3161,0.14588,0.06487,pulse:0+3:0.160,29.8011,28.3161,-1.4850,1.7526,guidance,0,
24.699,29.1298,0.14645,0.06379,pulse:0+3:0.160,29.8011,29.1298,-0.6713,1.7453,guidance,0,
24.799,29.9610,0.14623,0.06408,pulse:0+3:0.160,29.8011,29.9610,0.1598,1.8400,guidance,0,
24.900,30.8152,0.14724,0.06379,pulse:0+3:0.160,29.8011,30.8152,1.0140,1.6136,guidance,0,
25.003,31.6598,0.14883,0.06300,pulse:0+5:0.160,34.0589,31.6598,-2.3991,1.8117,guidance,0,
25.100,32.4709,0.14967,0.06169,pulse:0+5:0.160,34.0589,32.4709,-1.5880,1.8378,guidance,0,
25.202,33.3438,0.14977,0.06189,pulse:0+5:0.160,34.0589,33.3438,-0.7151,1.7228,guidance,0,
25.298,34.1614,0.14907,0.05977,pulse:0+5:0.160,34.0589,34.1614,0.1025,1.7456,guidance,0,
25.399,35.0238,0.14923,0.05874,pulse:0+5:0.160,34.0589,35.0238,0.9649,1.6581,guidance,0,
25.452,35.4903,0.14920,0.05843,pulse:0+5:0.160,34.0589,35.4903,1.4314,1.6044,guidance,0,
25.557,36.3834,0.15050,0.05648,pulse:0+5:0.240,39.4939,36.3834,-3.1105,1.7005,guidance,0,
25.656,37.2522,0.15036,0.05507,pulse:0+5:0.240,39.4939,37.2522,-2.2417,1.6773,guidance,0,
25.757,38.1318,0.14994,0.05362,pulse:0+5:0.240,39.4939,38.1318,-1.3620,1.7217,guidance,0,
25.854,38.9622,0.14839,0.05101,pulse:0+5:0.240,39.4939,38.9622,-0.5317,1.6832,guidance,0,
25.955,39.8197,0.14731,0.04840,pulse:0+5:0.240,39.4939,39.8197,0.3259,1.7266,guidance,0,
26.107,41.0963,0.14651,0.04571,pulse:0+2:0.160,43.4507,41.0963,-2.3544,1.7354,guidance,0,
26.204,41.8813,0.14570,0.04408,pulse:0+2:0.160,43.4507,41.8813,-1.5694,1.7614,guidance,0,
26.306,42.7269,0.14494,0.04271,pulse:0+2:0.160,43.4507,42.7269,-0.7238,1.8033,guidance,0,
26.407,43.5539,0.14321,0.03981,pulse:0+2:0.160,43.4507,43.5539,0.1032,1.8409,guidance,0,
26.507,44.3693,0.14257,0.03904,pulse:0+2:0.160,43.4507,44.3693,0.9186,1.7894,guidance,0,
26.603,45.1449,0.14194,0.03686,pulse:0+2:0.160,43.4507,45.1449,1.6942,1.8256,guidance,0,
26.706,45.9589,0.14146,0.03637,pulse:0+5:0.240,48.8718,45.9589,-2.9129,1.6595,guidance,0,
26.804,46.7494,0.14083,0.03525,pulse:0+5:0.240,48.8718,46.7494,-2.1224,1.5422,guidance,0,
26.906,47.5656,0.13931,0.03392,pulse:0+5:0.240,48.8718,47.5656,-1.3061,1.5172,guidance,0,
27.003,48.3287,0.13742,0.03273,pulse:0+5:0.240,48.8718,48.3287,-0.5431,1.4983,guidance,0,
27.107,49.1460,0.13588,0.03232,pulse:0+5:0.240,48.8718,49.1460,0.2742,1.6714,guidance,0,
27.204,49.8862,0.13552,0.03188,pulse:0+5:0.240,48.8718,49.8862,1.0144,1.6326,guidance,0,
27.306,50.6706,0.13589,0.03229,pulse:0+5:0.160,52.8499,50.6706,-2.1792,1.5274,guidance,0,
27.408,51.4633,0.13515,0.03215,pulse:0+5:0.160,52.8499,51.4633,-1.3865,1.7497,guidance,0,
27.504,52.2044,0.13449,0.03266,pulse:0+5:0.160,52.8499,52.2044,-0.6455,1.7034,guidance,0,
27.604,52.9611,0.13299,0.03224,pulse:0+5:0.160,52.8499,52.9611,0.1112,1.7978,guidance,0,
27.708,53.7663,0.13391,0.03340,pulse:0+5:0.160,52.8499,53.7663,0.9165,1.6510,guidance,0,
27.805,54.5252,0.13441,0.03388,pulse:0+5:0.160,52.8499,54.5252,1.6753,1.7610,guidance,0,
27.903,55.2781,0.13501,0.03449,pulse:0+5:0.240,58.0563,55.2781,-2.7782,1.7405,guidance,0,
28.007,56.0794,0.13581,0.03484,pulse:0+5:0.240,58.0563,56.0794,-1.9769,1.6836,guidance,0,
28.102,56.8192,0.13554,0.03550,pulse:0+5:0.240,58.0563,56.8192,-1.2371,1.6824,guidance,0,
28.204,57.6088,0.13535,0.03499,pulse:0+5:0.240,58.0563,57.6088,-0.4475,1.5252,guidance,0,
28.307,58.4132,0.13567,0.03446,pulse:0+5:0.240,58.0563,58.4132,0.3569,1.6035,guidance,0,
28.405,59.1996,0.13625,0.03506,pulse:0+2:0.160,61.3856,59.1996,-2.1861,1.7566,guidance,0,
28.502,59.9523,0.13787,0.03472,pulse:0+2:0.160,61.3856,59.9523,-1.4333,1.6520,guidance,0,
28.602,60.7230,0.13772,0.03339,pulse:0+2:0.160,61.3856,60.7230,-0.6627,1.5218,guidance,0,
28.704,61.5189,0.13789,0.03351,pulse:0+2:0.160,61.3856,61.5189,0.1332,1.5655,guidance,0,
28.805,62.3092,0.13855,0.03245,pulse:0+2:0.160,61.3856,62.3092,0.9236,1.6848,guidance,0,
28.907,63.1310,0.14028,0.03154,pulse:0+5:0.320,66.6492,63.1310,-3.5182,1.7695,guidance,0,
29.006,63.9053,0.14037,0.03005,pulse:0+5:0.320,66.6492,63.9053,-2.7440,1.6373,guidance,0,
29.107,64.7199,0.14071,0.02823,pulse:0+5:0.320,66.6492,64.7199,-1.9293,1.6509,guidance,0,
29.203,65.4921,0.13973,0.02561,pulse:0+5:0.320,66.6492,65.4921,-1.1572,1.6391,guidance,0,
29.303,66.2705,0.13912,0.02284,pulse:0+5:0.320,66.6492,66.2705,-0.3787,1.6985,guidance,0,
29.405,67.0932,0.13893,0.02113,pulse:0+5:0.320,66.6492,67.0932,0.4440,1.5280,guidance,0,
29.507,67.9116,0.13966,0.02057,pulse:0+5:0.240,70.7827,67.9116,-2.8711,1.6596,guidance,0,
29.603,68.6631,0.13957,0.01913,pulse:0+5:0.240,70.7827,68.6631,-2.1196,1.6980,guidance,0,
29.702,69.4465,0.13889,0.01752,pulse:0+5:0.240,70.7827,69.4465,-1.3362,1.7351,guidance,0,
29.806,70.2541,0.13714,0.01537,pulse:0+5:0.240,70.7827,70.2541,-0.5286,1.5815,guidance,0,
29.902,71.0067,0.13652,0.01482,pulse:0+5:0.240,70.7827,71.0067,0.2240,1.5190,guidance,0,
30.007,71.8287,0.13637,0.01476,pulse:0+5:0.240,70.7827,71.8287,1.0460,1.5224,guidance,0,
30.105,72.5834,0.13578,0.01444,pulse:0+5:0.240,75.3741,72.5834,-2.7907,1.5585,guidance,0,
30.204,73.3610,0.13611,0.01532,pulse:0+5:0.240,75.3741,73.3610,-2.0131,1.5718,guidance,0,
30.303,74.1174,0.13421,0.01511,pulse:0+5:0.240,75.3741,74.1174,-1.2567,1.7197,guidance,0,
30.406,74.9082,0.13251,0.01445,pulse:0+5:0.240,75.3741,74.9082,-0.4659,1.5923,guidance,0,
30.504,75.6304,0.13020,0.01528,pulse:0+5:0.240,75.3741,75.6304,0.2563,1.5654,guidance,0,
30.604,76.3781,0.12980,0.01577,pulse:0+5:0.240,75.3741,76.3781,1.0040,1.5844,guidance,0,
30.702,77.1081,0.12925,0.01733,pulse:0+5:0.160,79.1788,77.1081,-2.0707,1.6802,guidance,0,
30.807,77.8608,0.12902,0.01891,pulse:0+5:0.160,79.1788,77.8608,-1.3181,1.6656,guidance,0,
30.905,78.5851,0.12744,0.01979,pulse:0+5:0.160,79.1788,78.5851,-0.5937,1.7221,guidance,0,
31.007,79.3119,0.12580,0.01962,pulse:0+5:0.160,79.1788,79.3119,0.1330,1.6698,guidance,0,
31.105,80.0176,0.12496,0.02064,pulse:0+5:0.160,79.1788,80.0176,0.8387,1.6324,guidance,0,
31.157,80.3812,0.12458,0.02156,pulse:0+5:0.160,79.1788,80.3812,1.2024,1.6135,guidance,0,
31.303,81.4186,0.12389,0.02277,pulse:0+5:0.320,84.5212,81.4186,-3.1027,1.5136,guidance,0,
31.407,82.1445,0.12406,0.02361,pulse:0+5:0.320,84.5212,82.1445,-2.3767,1.5578,guidance,0,
31.502,82.8141,0.12249,0.02328,pulse:0+5:0.320,84.5212,82.8141,-1.7072,1.5363,guidance,0,
31.608,83.5437,0.12045,0.02335,pulse:0+5:0.320,84.5212,83.5437,-0.9776,1.5849,guidance,0,
31.706,84.2194,0.11963,0.02230,pulse:0+5:0.320,84.5212,84.2194,-0.3018,1.6604,guidance,0,
31.805,84.8860,0.11925,0.02168,pulse:0+2:0.160,86.7974,84.8860,-1.9115,1.5604,guidance,0,
31.904,85.5565,0.11887,0.02103,pulse:0+2:0.160,86.7974,85.5565,-1.2410,1.5418,guidance,0,
32.003,86.2538,0.11897,0.02051,pulse:0+2:0.160,86.7974,86.2538,-0.5437,1.6462,guidance,0,
32.104,86.9370,0.11806,0.01925,pulse:0+2:0.160,86.7974,86.9370,0.1395,1.6321,guidance,0,
32.155,87.3081,0.11875,0.01886,pulse:0+2:0.160,86.7974,87.3081,0.5106,1.6993,guidance,0,
32.304,88.3278,0.11893,0.01751,pulse:0+2:0.160,86.7974,88.3278,1.5303,1.7051,guidance,0,
32.402,88.9940,0.11953,0.01668,pulse:0+5:0.160,90.9055,88.9940,-1.9115,1.6134,guidance,0,
32.506,89.7126,0.12066,0.01511,pulse:0+5:0.160,90.9055,89.7126,-1.1929,1.6352,guidance,0,
32.607,90.3927,0.11946,0.01334,pulse:0+5:0.160,90.9055,90.3927,-0.5128,1.4904,guidance,0,
32.704,91.0547,0.11863,0.01153,pulse:0+5:0.160,90.9055,91.0547,0.1492,1.5289,guidance,0,
32.804,91.7536,0.11975,0.01128,pulse:0+5:0.160,90.9055,91.7536,0.8481,1.6564,guidance,0,
32.906,92.4500,0.12018,0.01024,pulse:0+5:0.160,94.3718,92.4500,-1.9219,1.5190,guidance,0,
33.006,93.1222,0.12117,0.00992,pulse:0+5:0.160,94.3718,93.1222,-1.2496,1.5738,guidance,0,
33.104,93.8060,0.12053,0.00866,pulse:0+5:0.160,94.3718,93.8060,-0.5658,1.4407,guidance,0,
33.206,94.5061,0.11982,0.00759,pulse:0+5:0.160,94.3718,94.5061,0.1343,1.4208,guidance,0,
33.303,95.1771,0.12022,0.00719,pulse:0+5:0.160,94.3718,95.1771,0.8053,1.5026,guidance,0,
33.405,95.8787,0.12094,0.00834,pulse:0+5:0.160,94.3718,95.8787,1.5068,1.5265,guidance,0,
33.503,96.5459,0.12149,0.00940,pulse:0+5:0.160,98.4886,96.5459,-1.9427,1.4609,guidance,0,
33.605,97.2551,0.12251,0.00938,pulse:0+5:0.160,98.4886,97.2551,-1.2335,1.6670,guidance,0,
33.705,97.9601,0.12214,0.00961,pulse:0+5:0.160,98.4886,97.9601,-0.5285,1.5855,guidance,0,
33.807,98.6571,0.12043,0.00963,pulse:0+5:0.160,98.4886,98.6571,0.1685,1.6285,guidance,0,
33.905,99.3424,0.12126,0.01137,pulse:0+5:0.160,98.4886,99.3424,0.8538,1.5772,guidance,0,
34.005,100.0390,0.12090,0.01152,pulse:0+5:0.160,101.9723,100.0390,-1.9333,1.5451,guidance,0,
34.105,100.7256,0.12098,0.01327,pulse:0+5:0.160,101.9723,100.7256,-1.2467,1.6424,guidance,0,
34.205,101.4059,0.12011,0.01385,pulse:0+5:0.160,101.9723,101.4059,-0.5664,1.5022,guidance,0,
34.303,102.0754,0.11868,0.01265,pulse:0+5:0.160,101.9723,102.0754,0.1031,1.4900,guidance,0,
34.404,102.7637,0.11895,0.01425,pulse:0+5:0.160,101.9723,102.7637,0.7913,1.5277,guidance,0,
34.501,103.4168,0.11809,0.01472,pulse:0+5:0.160,101.9723,103.4168,1.4445,1.4987,guidance,0,
34.599,104.0772,0.11862,0.01534,pulse:0+5:0.160,105.9740,104.0772,-1.8968,1.5500,guidance,0,
34.699,104.7551,0.11813,0.01467,pulse:0+5:0.160,105.9740,104.7551,-1.2189,1.6170,guidance,0,
34.803,105.4496,0.11652,0.01475,pulse:0+5:0.160,105.9740,105.4496,-0.5244,1.5202,guidance,0,
34.900,106.1032,0.11459,0.01459,pulse:0+5:0.160,105.9740,106.1032,0.1292,1.4073,guidance,0,
34.997,106.7322,0.11429,0.01314,pulse:0+5:0.160,105.9740,106.7322,0.7582,1.4181,guidance,0,
35.100,107.4053,0.11347,0.01392,pulse:0+5:0.160,109.2194,107.4053,-1.8142,1.5768,guidance,0,
35.200,108.0341,0.11260,0.01398,pulse:0+5:0.160,109.2194,108.0341,-1.1854,1.5316,guidance,0,
35.301,108.6726,0.11201,0.01250,pulse:0+5:0.160,109.2194,108.6726,-0.5468,1.4069,guidance,0,
35.398,109.2851,0.10985,0.01025,pulse:0+5:0.160,109.2194,109.2851,0.0656,1.4142,guidance,0,
35.498,109.9333,0.10967,0.00946,pulse:0+5:0.160,109.2194,109.9333,0.7139,1.3868,guidance,0,
35.601,110.5773,0.10957,0.00856,pulse:0+5:0.160,112.3288,110.5773,-1.7515,1.5900,guidance,0,
35.700,111.2128,0.10930,0.00887,pulse:0+5:0.160,112.3288,111.2128,-1.1159,1.4513,guidance,0,
35.802,111.8498,0.10806,0.00699,pulse:0+5:0.160,112.3288,111.8498,-0.4790,1.4082,guidance,0,
35.901,112.4497,0.10596,0.00598,pulse:0+5:0.160,112.3288,112.4497,0.1209,1.5564,guidance,0,
35.999,113.0473,0.10579,0.00541,pulse:0+5:0.160,112.3288,113.0473,0.7185,1.6140,guidance,0,
36.100,113.6493,0.10616,0.00553,pulse:0+5:0.160,112.3288,113.6493,1.3205,1.5265,guidance,0,
36.202,114.2737,0.10601,0.00492,pulse:0+5:0.160,115.9682,114.2737,-1.6945,1.5729,guidance,0,
36.297,114.8572,0.10603,0.00528,pulse:0+5:0.160,115.9682,114.8572,-1.1110,1.5617,guidance,0,
36.399,115.4646,0.10496,0.00451,pulse:0+5:0.160,115.9682,115.4646,-0.5037,1.5476,guidance,0,
36.502,116.0838,0.10393,0.00373,pulse:0+5:0.160,115.9682,116.0838,0.1156,1.6409,guidance,0,
36.597,116.6746,0.10434,0.00461,pulse:0+5:0.160,115.9682,116.6746,0.7063,1.6151,guidance,0,
36.703,117.2872,0.10470,0.00537,pulse:0+5:0.160,118.9606,117.2872,-1.6734,1.5583,guidance,0,
36.798,117.8575,0.10531,0.00643,pulse:0+5:0.160,118.9606,117.8575,-1.1030,1.5979,guidance,0,
36.899,118.4754,0.10481,0.00613,pulse:0+5:0.160,118.9606,118.4754,-0.4852,1.5122,guidance,0,
36.999,119.0668,0.10419,0.00650,pulse:0+5:0.160,118.9606,119.0668,0.1063,1.3986,guidance,0,
37.101,119.6633,0.10385,0.00661,pulse:0+5:0.160,118.9606,119.6633,0.7027,1.6055,guidance,0,
37.201,120.2864,0.10548,0.00811,pulse:0+5:0.160,118.9606,120.2864,1.3258,1.4152,guidance,0,
37.299,120.8961,0.10570,0.00877,pulse:0+5:0.160,122.5856,120.8961,-1.6895,1.4069,guidance,0,
37.402,121.5284,0.10663,0.00974,pulse:0+5:0.160,122.5856,121.5284,-1.0572,1.3584,guidance,0,
37.502,122.1371,0.10640,0.00952,pulse:0+5:0.160,122.5856,122.1371,-0.4484,1.3691,guidance,0,
37.599,122.7182,0.10536,0.00896,pulse:0+5:0.160,122.5856,122.7182,0.1326,1.3424,guidance,0,
37.701,123.3335,0.10599,0.00975,pulse:0+5:0.160,122.5856,123.3335,0.7479,1.3399,guidance,0,
37.800,123.9457,0.10638,0.00973,pulse:0+5:0.160,125.6461,123.9457,-1.7004,1.5021,guidance,0,
37.901,124.5559,0.10714,0.00998,pulse:0+5:0.160,125.6461,124.5559,-1.0901,1.3853,guidance,0,
37.998,125.1566,0.10624,0.00903,pulse:0+5:0.160,125.6461,125.1566,-0.4894,1.5268,guidance,0,
38.102,125.7788,0.10479,0.00827,pulse:0+5:0.160,125.6461,125.7788,0.1328,1.3751,guidance,0,
38.198,126.3583,0.10549,0.00764,pulse:0+5:0.160,125.6461,126.3583,0.7122,1.4837,guidance,0,
38.297,126.9660,0.10593,0.00726,pulse:0+5:0.160,125.6461,126.9660,1.3200,1.4831,guidance,0,
38.400,127.5683,0.10608,0.00697,pulse:0+5:0.160,129.2639,127.5683,-1.6956,1.5337,guidance,0,
38.501,128.1812,0.10563,0.00644,pulse:0+5:0.160,129.2639,128.1812,-1.0827,1.5183,guidance,0,
38.599,128.7715,0.10504,0.00541,pulse:0+5:0.160,129.2639,128.7715,-0.4924,1.4319,guidance,0,
38.701,129.3680,0.10371,0.00470,pulse:0+5:0.160,129.2639,129.3680,0.1041,1.4733,guidance,0,
38.799,129.9567,0.10381,0.00367,pulse:0+5:0.160,129.2639,129.9567,0.6928,1.5129,guidance,0,
38.898,130.5275,0.10372,0.00390,pulse:0+5:0.160,129.2639,130.5275,1.2636,1.3872,guidance,0,
38.998,131.1227,0.10279,0.00359,pulse:0+5:0.160,132.7655,131.1227,-1.6428,1.4399,guidance,0,
39.099,131.7164,0.10239,0.00380,pulse:0+5:0.160,132.7655,131.7164,-1.0491,1.3962,guidance,0,
39.201,132.2991,0.10084,0.00317,pulse:0+5:0.160,132.7655,132.2991,-0.4664,1.4842,guidance,0,
39.297,132.8305,0.09899,0.00293,pulse:0+5:0.160,132.7655,132.8305,0.0650,1.5256,guidance,0,
39.401,133.3961,0.09853,0.00312,pulse:0+5:0.160,132.7655,133.3961,0.6307,1.4528,guidance,0,
39.499,133.9329,0.09830,0.00297,pulse:0+5:0.160,135.5036,133.9329,-1.5708,1.5379,guidance,0,
39.600,134.4936,0.09789,0.00272,pulse:0+5:0.160,135.5036,134.4936,-1.0101,1.5887,guidance,0,
39.700,135.0598,0.09697,0.00261,pulse:0+5:0.160,135.5036,135.0598,-0.4439,1.3808,guidance,0,
39.798,135.6215,0.09570,0.00194,pulse:0+5:0.160,135.5036,135.6215,0.1178,1.3944,guidance,0,
39.899,136.1729,0.09435,0.00149,pulse:0+5:0.160,135.5036,136.1729,0.6693,1.4091,guidance,0,
40.002,136.7156,0.09492,0.00265,pulse:0+5:0.160,138.2321,136.7156,-1.5166,1.5364,guidance,0,
40.100,137.2448,0.09453,0.00284,pulse:0+5:0.160,138.2321,137.2448,-0.9873,1.4797,guidance,0,
40.201,137.7984,0.09364,0.00248,pulse:0+5:0.160,138.2321,137.7984,-0.4337,1.4710,guidance,0,
40.302,138.3542,0.09209,0.00274,pulse:0+5:0.160,138.2321,138.3542,0.1221,1.4199,guidance,0,
40.401,138.8503,0.09226,0.00324,pulse:0+5:0.160,138.2321,138.8503,0.6181,1.5226,guidance,0,
40.498,139.3503,0.09200,0.00404,pulse:0+5:0.160,138.2321,139.3503,1.1182,1.4853,guidance,0,
40.601,139.9040,0.09193,0.00497,pulse:0+5:0.160,141.3726,139.9040,-1.4686,1.5284,guidance,0,
40.699,140.4320,0.09233,0.00567,pulse:0+5:0.160,141.3726,140.4320,-0.9406,1.5243,guidance,0,
40.803,140.9699,0.09173,0.00477,pulse:0+5:0.160,141.3726,140.9699,-0.4027,1.3792,guidance,0,
40.899,141.4872,0.09042,0.00460,pulse:0+5:0.160,141.3726,141.4872,0.1145,1.4475,guidance,0,
40.998,141.9912,0.09042,0.00458,pulse:0+5:0.160,141.3726,141.9912,0.6186,1.4871,guidance,0,
41.100,142.5342,0.09116,0.00405,pulse:0+5:0.160,141.3726,142.5342,1.1616,1.4680,guidance,0,
41.199,143.0585,0.09190,0.00443,pulse:0+5:0.160,144.5266,143.0585,-1.4680,1.4379,guidance,0,
41.298,143.5753,0.09245,0.00394,pulse:0+5:0.160,144.5266,143.5753,-0.9513,1.4777,guidance,0,
41.398,144.0838,0.09162,0.00293,pulse:0+5:0.160,144.5266,144.0838,-0.4428,1.3601,guidance,0,
41.502,144.6213,0.09070,0.00156,pulse:0+5:0.160,144.5266,144.6213,0.0947,1.4056,guidance,0,
41.602,145.1423,0.09071,0.00192,pulse:0+5:0.160,144.5266,145.1423,0.6157,1.5103,guidance,0,
41.700,145.6660,0.09138,0.00238,pulse:0+5:0.160,147.1259,145.6660,-1.4598,1.4849,guidance,0,
41.798,146.1907,0.09239,0.00235,pulse:0+5:0.160,147.1259,146.1907,-0.9351,1.3377,guidance,0,
41.898,146.7196,0.09146,0.00290,pulse:0+5:0.160,147.1259,146.7196,-0.4063,1.5175,guidance,0,
42.002,147.2619,0.09064,0.00397,pulse:0+5:0.160,147.1259,147.2619,0.1361,1.3960,guidance,0,
42.098,147.7482,0.09078,0.00442,pulse:0+5:0.160,147.1259,147.7482,0.6224,1.3218,guidance,0,
42.197,148.2667,0.09168,0.00463,pulse:0+5:0.160,147.1259,148.2667,1.1408,1.4338,guidance,0,
42.303,148.8375,0.09153,0.00511,pulse:0+5:0.160,150.2999,148.8375,-1.4623,1.3238,guidance,0,
42.400,149.3530,0.09218,0.00574,pulse:0+5:0.160,150.2999,149.3530,-0.9469,1.5144,guidance,0,
42.503,149.8894,0.09087,0.00599,pulse:0+5:0.160,150.2999,149.8894,-0.4104,1.3641,guidance,0,
42.598,150.3760,0.09011,0.00653,pulse:0+5:0.160,150.2999,150.3760,0.0761,1.2979,guidance,0,
42.698,150.8801,0.09032,0.00592,pulse:0+5:0.160,150.2999,150.8801,0.5802,1.4433,guidance,0,
42.800,151.3884,0.09053,0.00560,pulse:0+5:0.160,150.2999,151.3884,1.0885,1.5556,guidance,0,
42.898,151.8960,0.08993,0.00591,pulse:0+5:0.160,153.3326,151.8960,-1.4366,1.4939,guidance,0,
43.000,152.4367,0.09037,0.00507,pulse:0+5:0.160,153.3326,152.4367,-0.8960,1.5499,guidance,0,
43.099,152.9408,0.08875,0.00497,pulse:0+5:0.160,153.3326,152.9408,-0.3918,1.5012,guidance,0,
43.200,153.4488,0.08801,0.00445,pulse:0+5:0.160,153.3326,153.4488,0.1162,1.3343,guidance,0,
43.298,153.9517,0.08774,0.00388,pulse:0+5:0.160,153.3326,153.9517,0.6190,1.3761,guidance,0,
43.397,154.4286,0.08731,0.00271,pulse:0+5:0.160,153.3326,154.4286,1.0960,1.3033,guidance,0,
43.498,154.9535,0.08732,0.00273,pulse:0+5:0.160,156.3482,154.9535,-1.3947,1.3123,guidance,0,
43.598,155.4306,0.08701,0.00243,pulse:0+5:0.160,156.3482,155.4306,-0.9176,1.5242,guidance,0,
43.699,155.9286,0.08567,0.00230,pulse:0+5:0.160,156.3482,155.9286,-0.4196,1.4693,guidance,0,
43.797,156.4025,0.08457,0.00186,pulse:0+5:0.160,156.3482,156.4025,0.0543,1.5317,guidance,0,
43.897,156.9014,0.08381,0.00103,pulse:0+5:0.160,156.3482,156.9014,0.5533,1.4883,guidance,0,
43.998,157.3878,0.08366,0.00156,pulse:0+5:0.160,158.7238,157.3878,-1.3360,1.4026,guidance,0,
44.099,157.8775,0.08358,0.00130,pulse:0+5:0.160,158.7238,157.8775,-0.8463,1.3606,guidance,0,
44.203,158.3667,0.08233,0.00140,pulse:0+5:0.160,158.7238,158.3667,-0.3572,1.3289,guidance,0,
44.298,158.8110,0.08139,0.00141,pulse:0+5:0.160,158.7238,158.8110,0.0872,1.3472,guidance,0,
44.403,159.2902,0.08057,0.00237,pulse:0+5:0.160,158.7238,159.2902,0.5664,1.3509,guidance,0,
44.501,159.7539,0.08028,0.00208,pulse:0+5:0.160,161.0356,159.7539,-1.2818,1.4907,guidance,0,
44.598,160.1772,0.08043,0.00262,pulse:0+5:0.160,161.0356,160.1772,-0.8584,1.3974,guidance,0,
44.701,160.6340,0.07915,0.00371,pulse:0+5:0.160,161.0356,160.6340,-0.4016,1.3629,guidance,0,
44.799,161.0870,0.07862,0.00455,pulse:0+5:0.160,161.0356,161.0870,0.0513,1.3793,guidance,0,
44.903,161.5541,0.07808,0.00532,pulse:0+5:0.160,161.0356,161.5541,0.5184,1.4407,guidance,0,
44.999,161.9928,0.07871,0.00581,pulse:0+5:0.160,161.0356,161.9928,0.9572,1.3959,guidance,0,
45.098,162.4383,0.07855,0.00565,pulse:0+5:0.160,163.6925,162.4383,-1.2541,1.2988,guidance,0,
45.203,162.9071,0.07851,0.00630,pulse:0+5:0.160,163.6925,162.9071,-0.7854,1.4641,guidance,0,
45.300,163.3387,0.07775,0.00708,pulse:0+5:0.160,163.6925,163.3387,-0.3538,1.4523,guidance,0,
45.397,163.7741,0.07700,0.00823,pulse:0+5:0.160,163.6925,163.7741,0.0816,1.3370,guidance,0,
45.502,164.2203,0.07676,0.00858,pulse:0+5:0.160,163.6925,164.2203,0.5278,1.4747,guidance,0,
45.602,164.6565,0.07712,0.00804,pulse:0+5:0.160,165.8876,164.6565,-1.2311,1.4075,guidance,0,
45.700,165.0994,0.07847,0.00849,pulse:0+5:0.160,165.8876,165.0994,-0.7882,1.3590,guidance,0,
45.802,165.5442,0.07631,0.00851,pulse:0+5:0.160,165.8876,165.5442,-0.3434,1.4666,guidance,0,
45.901,165.9935,0.07559,0.00886,pulse:0+5:0.160,165.8876,165.9935,0.1059,1.3919,guidance,0,
46.002,166.4373,0.07687,0.00867,pulse:0+5:0.160,165.8876,166.4373,0.5497,1.3742,guidance,0,
46.098,166.8476,0.07739,0.00833,pulse:0+5:0.160,165.8876,166.8476,0.9599,1.3491,guidance,0,
46.198,167.2956,0.07671,0.00747,pulse:0+5:0.160,168.5201,167.2956,-1.2245,1.3077,guidance,0,
46.301,167.7348,0.07797,0.00686,pulse:0+5:0.160,168.5201,167.7348,-0.7853,1.2652,guidance,0,
46.403,168.1887,0.07750,0.00756,pulse:0+5:0.160,168.5201,168.1887,-0.3314,1.4650,guidance,0,
46.500,168.6147,0.07546,0.00708,pulse:0+5:0.160,168.5201,168.6147,0.0946,1.4433,guidance,0,
46.600,169.0619,0.07690,0.00670,pulse:0+5:0.160,168.5201,169.0619,0.5418,1.3883,guidance,0,
46.700,169.5248,0.07669,0.00625,pulse:0+5:0.160,170.7491,169.5248,-1.2243,1.2773,guidance,0,
46.802,170.0028,0.07771,0.00591,pulse:0+5:0.160,170.7491,170.0028,-0.7463,1.3861,guidance,0,
46.901,170.4339,0.07617,0.00634,pulse:0+5:0.160,170.7491,170.4339,-0.3152,1.4489,guidance,0,
47.002,170.8737,0.07552,0.00671,pulse:0+5:0.160,170.7491,170.8737,0.1246,1.3566,guidance,0,
47.098,171.2754,0.07560,0.00659,pulse:0+5:0.160,170.7491,171.2754,0.5263,1.4214,guidance,0,
47.200,171.7143,0.07577,0.00639,pulse:0+5:0.160,172.9237,171.7143,-1.2095,1.3824,guidance,0,
47.302,172.1669,0.07607,0.00619,pulse:0+5:0.160,172.9237,172.1669,-0.7568,1.3066,guidance,0,
47.400,172.5832,0.07438,0.00764,pulse:0+5:0.160,172.9237,172.5832,-0.3405,1.4339,guidance,0,
47.502,172.9974,0.07295,0.00770,pulse:0+5:0.160,172.9237,172.9974,0.0736,1.2747,guidance,0,
47.602,173.4067,0.07289,0.00807,pulse:0+5:0.160,172.9237,173.4067,0.4829,1.3742,guidance,0,
47.700,173.7923,0.07336,0.00878,pulse:0+5:0.160,172.9237,173.7923,0.8686,1.4648,guidance,0,
47.802,174.1983,0.07286,0.00914,pulse:0+5:0.320,176.0065,174.1983,-1.8082,1.5133,guidance,0,
47.897,174.5786,0.07210,0.00933,pulse:0+5:0.320,176.0065,174.5786,-1.4279,1.5155,guidance,0,
48.003,175.0248,0.07108,0.01077,pulse:0+5:0.320,176.0065,175.0248,-0.9817,1.4040,guidance,0,
48.098,175.4028,0.06908,0.01144,pulse:0+5:0.320,176.0065,175.4028,-0.6037,1.4172,guidance,0,
48.197,175.7970,0.06819,0.01272,pulse:0+5:0.320,176.0065,175.7970,-0.2095,1.3250,guidance,0,
48.299,176.2005,0.06732,0.01329,pulse:0+5:0.320,176.0065,176.2005,0.1940,1.2987,guidance,0,
48.400,176.6017,0.06663,0.01299,pulse:0:0.320,178.2614,176.6017,-1.6598,1.3927,guidance,0,
48.500,176.9550,0.06682,0.01298,pulse:0:0.320,178.2614,176.9550,-1.3065,1.3349,guidance,0,
48.599,177.3286,0.06669,0.01358,pulse:0:0.320,178.2614,177.3286,-0.9328,1.3296,guidance,0,
48.700,177.7067,0.06463,0.01380,pulse:0:0.320,178.2614,177.7067,-0.5547,1.2383,guidance,0,
48.797,178.0502,0.06335,0.01345,pulse:0:0.320,178.2614,178.0502,-0.2112,1.4205,guidance,0,
48.897,178.4097,0.06290,0.01319,pulse:0:0.320,178.2614,178.4097,0.1483,1.4158,guidance,0,
49.002,178.8059,0.06270,0.01286,coast:0.320,179.6130,178.8059,-0.8071,1.2681,guidance,0,
49.102,179.1694,0.06358,0.01310,coast:0.320,179.6130,179.1694,-0.4436,1.2348,guidance,0,
49.201,179.5122,0.06312,0.01210,coast:0.320,179.6130,179.5122,-0.1008,1.3321,guidance,0,
49.302,179.8993,0.06336,0.01214,coast:0.320,179.6130,179.8993,0.2863,1.3169,guidance,0,
49.397,179.7326,-0.06423,0.01140,coast:0.320,179.6130,179.7326,0.1196,1.3260,guidance,0,
49.502,179.3534,-0.06410,0.01062,coast:0.320,179.6130,179.3534,-0.2596,1.2367,guidance,0,
49.602,178.9783,-0.06484,0.01073,pulse:0:0.320,177.3639,178.9783,1.6145,1.3665,guidance,0,
49.701,178.6306,-0.06474,0.00989,pulse:0:0.320,177.3639,178.6306,1.2667,1.3120,guidance,0,
49.797,178.2754,-0.06491,0.01055,pulse:0:0.320,177.3639,178.2754,0.9116,1.3283,guidance,0,
49.897,177.8993,-0.06291,0.00983,pulse:0:0.320,177.3639,177.8993,0.5355,1.3286,guidance,0,
50.000,177.5374,-0.06288,0.00869,pulse:0:0.320,177.3639,177.5374,0.1736,1.3792,guidance,0,
50.099,177.1692,-0.06251,0.00944,pulse:0:0.320,177.3639,177.1692,-0.1947,1.4034,guidance,0,
50.199,176.8177,-0.06312,0.00958,pulse:1+3:0.160,175.8012,176.8177,1.0165,1.4043,guidance,0,
50.298,176.4562,-0.06296,0.00991,pulse:1+3:0.160,175.8012,176.4562,0.6550,1.3430,guidance,0,
50.401,176.1004,-0.06393,0.00979,pulse:1+3:0.160,175.8012,176.1004,0.2992,1.2588,guidance,0,
50.500,175.7193,-0.06515,0.01033,pulse:1+3:0.160,175.8012,175.7193,-0.0818,1.2290,guidance,0,
50.599,175.3415,-0.06579,0.00907,pulse:1+3:0.160,175.8012,175.3415,-0.4597,1.2456,guidance,0,
50.698,174.9708,-0.06525,0.01021,pulse:1+3:0.160,175.8012,174.9708,-0.8303,1.3727,guidance,0,
50.802,174.5770,-0.06642,0.01084,pulse:1+3:0.160,173.5076,174.5770,1.0694,1.4491,guidance,0,
50.901,174.1988,-0.06633,0.01099,pulse:1+3:0.160,173.5076,174.1988,0.6912,1.3660,guidance,0,
50.998,173.8354,-0.06688,0.01130,pulse:1+3:0.160,173.5076,173.8354,0.3278,1.3539,guidance,0,
51.100,173.4674,-0.06784,0.01164,pulse:1+3:0.160,173.5076,173.4674,-0.0402,1.4594,guidance,0,
51.199,173.0858,-0.06821,0.01239,pulse:1+3:0.160,173.5076,173.0858,-0.4218,1.3136,guidance,0,
51.297,172.6918,-0.06707,0.01253,pulse:1+3:0.160,173.5076,172.6918,-0.8158,1.3472,guidance,0,
51.401,172.2976,-0.06718,0.01292,pulse:1+3:0.160,171.2160,172.2976,1.0816,1.4002,guidance,0,
51.503,171.9195,-0.06715,0.01259,pulse:1+3:0.160,171.2160,171.9195,0.7035,1.3352,guidance,0,
51.598,171.5366,-0.06779,0.01258,pulse:1+3:0.160,171.2160,171.5366,0.3206,1.3218,guidance,0,
51.698,171.1397,-0.06870,0.01275,pulse:1+3:0.160,171.2160,171.1397,-0.0763,1.3064,guidance,0,
51.798,170.7585,-0.06792,0.01300,pulse:1+3:0.160,171.2160,170.7585,-0.4575,1.4311,guidance,0,
51.902,170.3461,-0.06790,0.01262,pulse:1+3:0.160,169.2529,170.3461,1.0932,1.4411,guidance,0,
51.997,169.9587,-0.06732,0.01282,pulse:1+3:0.160,169.2529,169.9587,0.7058,1.2638,guidance,0,
52.098,169.5689,-0.06757,0.01295,pulse:1+3:0.160,169.2529,169.5689,0.3161,1.2885,guidance,0,
52.197,169.1492,-0.06825,0.01286,pulse:1+3:0.160,169.2529,169.1492,-0.1036,1.2005,guidance,0,
52.301,168.7581,-0.06792,0.01273,pulse:1+3:0.160,169.2529,168.7581,-0.4948,1.3584,guidance,0,
52.403,168.3698,-0.06760,0.01227,pulse:1+3:0.160,167.2815,168.3698,1.0883,1.4210,guidance,0,
52.499,168.0166,-0.06672,0.01247,pulse:1+3:0.160,167.2815,168.0166,0.7351,1.4171,guidance,0,
52.600,167.6289,-0.06714,0.01198,pulse:1+3:0.160,167.2815,167.6289,0.3474,1.2319,guidance,0,
52.701,167.2433,-0.06808,0.01137,pulse:1+3:0.160,167.2815,167.2433,-0.0382,1.3355,guidance,0,
52.802,166.8692,-0.06720,0.01214,pulse:1+3:0.160,167.2815,166.8692,-0.4123,1.4081,guidance,0,
52.901,166.4732,-0.06735,0.01194,pulse:1+3:0.160,167.2815,166.4732,-0.8082,1.2554,guidance,0,
53.000,166.0941,-0.06597,0.01227,pulse:1+3:0.160,165.0320,166.0941,1.0622,1.3142,guidance,0,
53.103,165.7033,-0.06643,0.01204,pulse:1+3:0.160,165.0320,165.7033,0.6713,1.3026,guidance,0,
53.199,165.3422,-0.06644,0.01170,pulse:1+3:0.160,165.0320,165.3422,0.3102,1.2640,guidance,0,
53.298,164.9750,-0.06767,0.01178,pulse:1+3:0.160,165.0320,164.9750,-0.0570,1.3750,guidance,0,
53.401,164.5776,-0.06744,0.01232,pulse:1+3:0.160,165.0320,164.5776,-0.4544,1.3555,guidance,0,
53.499,164.1794,-0.06735,0.01219,pulse:1+3:0.160,165.0320,164.1794,-0.8526,1.2446,guidance,0,
53.600,163.7991,-0.06669,0.01284,pulse:1+3:0.160,162.7254,163.7991,1.0737,1.3974,guidance,0,
53.701,163.4125,-0.06701,0.01270,pulse:1+3:0.160,162.7254,163.4125,0.6871,1.2679,guidance,0,
53.799,163.0403,-0.06804,0.01255,pulse:1+3:0.160,162.7254,163.0403,0.3150,1.2835,guidance,0,
53.900,162.6382,-0.06852,0.01300,pulse:1+3:0.160,162.7254,162.6382,-0.0871,1.2833,guidance,0,
54.000,162.2530,-0.06868,0.01324,pulse:1+3:0.160,162.7254,162.2530,-0.4723,1.2289,guidance,0,
54.097,161.8599,-0.06894,0.01308,pulse:1+3:0.160,162.7254,161.8599,-0.8654,1.1744,guidance,0,
54.197,161.4653,-0.06948,0.01309,pulse:1+4:0.160,160.3445,161.4653,1.1208,1.2694,guidance,0,
54.299,161.0500,-0.06969,0.01352,pulse:1+4:0.160,160.3445,161.0500,0.7055,1.3696,guidance,0,
54.402,160.6329,-0.07084,0.01320,pulse:1+4:0.160,160.3445,160.6329,0.2883,1.4169,guidance,0,
54.500,160.2488,-0.07297,0.01260,pulse:1+4:0.160,160.3445,160.2488,-0.0957,1.4280,guidance,0,
54.602,159.8371,-0.07314,0.01267,pulse:1+4:0.160,160.3445,159.8371,-0.5075,1.4237,guidance,0,
54.698,159.4246,-0.07326,0.01240,pulse:1+4:0.160,158.2430,159.4246,1.1816,1.2325,guidance,0,
54.799,159.0099,-0.07327,0.01199,pulse:1+4:0.160,158.2430,159.0099,0.7669,1.2632,guidance,0,
54.900,158.5907,-0.07404,0.01147,pulse:1+4:0.160,158.2430,158.5907,0.3477,1.3340,guidance,0,
54.998,158.1565,-0.07602,0.01096,pulse:1+4:0.160,158.2430,158.1565,-0.0865,1.1713,guidance,0,
55.099,157.7076,-0.07631,0.01103,pulse:1+4:0.160,158.2430,157.7076,-0.5354,1.2258,guidance,0,
55.201,157.2590,-0.07647,0.01044,pulse:1+4:0.160,156.0260,157.2590,1.2330,1.1738,guidance,0,
55.300,156.8265,-0.07697,0.01126,pulse:1+4:0.160,156.0260,156.8265,0.8005,1.1946,guidance,0,
55.397,156.3751,-0.07778,0.01019,pulse:1+4:0.160,156.0260,156.3751,0.3491,1.1590,guidance,0,
55.502,155.8914,-0.07879,0.00858,pulse:1+4:0.160,156.0260,155.8914,-0.1346,1.1721,guidance,0,
55.599,155.4539,-0.07886,0.00993,pulse:1+4:0.160,156.0260,155.4539,-0.5721,1.2647,guidance,0,
55.699,155.0003,-0.07841,0.00855,pulse:1+4:0.160,156.0260,155.0003,-1.0257,1.1699,guidance,0,
55.799,154.5510,-0.07848,0.00950,pulse:1+4:0.160,153.2859,154.5510,1.2652,1.2765,guidance,0,
55.900,154.0981,-0.07827,0.00932,pulse:1+4:0.160,153.2859,154.0981,0.8123,1.3427,guidance,0,
56.002,153.6207,-0.07901,0.00875,pulse:1+4:0.160,153.2859,153.6207,0.3349,1.2694,guidance,0,
56.102,153.1549,-0.07968,0.00890,pulse:1+4:0.160,153.2859,153.1549,-0.1310,1.1926,guidance,0,
56.203,152.6871,-0.07980,0.00874,pulse:1+4:0.160,153.2859,152.6871,-0.5988,1.2740,guidance,0,
56.301,152.2325,-0.07967,0.00916,pulse:1+4:0.160,150.9483,152.2325,1.2842,1.1502,guidance,0,
56.398,151.8105,-0.07909,0.00963,pulse:1+4:0.160,150.9483,151.8105,0.8622,1.1153,guidance,0,
56.502,151.3220,-0.07990,0.00935,pulse:1+4:0.160,150.9483,151.3220,0.3737,1.1732,guidance,0,
56.601,150.8685,-0.08057,0.00924,pulse:1+4:0.160,150.9483,150.8685,-0.0798,1.2737,guidance,0,
56.700,150.4004,-0.08079,0.00940,pulse:1+4:0.160,150.9483,150.4004,-0.5479,1.3785,guidance,0,
56.801,149.9353,-0.07968,0.00920,pulse:1+4:0.160,150.9483,149.9353,-1.0130,1.1786,guidance,0,
56.898,149.4668,-0.07919,0.00958,pulse:1+4:0.160,148.1902,149.4668,1.2766,1.2884,guidance,0,
56.999,149.0327,-0.07908,0.00998,pulse:1+4:0.160,148.1902,149.0327,0.8425,1.2452,guidance,0,
57.098,148.5882,-0.07972,0.00938,pulse:1+4:0.160,148.1902,148.5882,0.3979,1.2188,guidance,0,
57.199,148.1341,-0.08061,0.00912,pulse:1+4:0.160,148.1902,148.1341,-0.0561,1.1518,guidance,0,
57.302,147.6709,-0.07990,0.00986,pulse:1+4:0.160,148.1902,147.6709,-0.5193,1.2932,guidance,0,
57.402,147.2073,-0.08041,0.00922,pulse:1+4:0.160,145.9113,147.2073,1.2960,1.3007,guidance,0,
57.501,146.7665,-0.07975,0.00919,pulse:1+4:0.160,145.9113,146.7665,0.8552,1.1463,guidance,0,
57.600,146.2979,-0.08065,0.00979,pulse:1+4:0.160,145.9113,146.2979,0.3866,1.1511,guidance,0,
57.702,145.8300,-0.08061,0.00904,pulse:1+4:0.160,145.9113,145.8300,-0.0813,1.2570,guidance,0,
57.801,145.4017,-0.08158,0.00955,pulse:1+4:0.160,145.9113,145.4017,-0.5097,1.3052,guidance,0,
57.897,144.9542,-0.08130,0.00951,pulse:1+4:0.160,145.9113,144.9542,-0.9571,1.3217,guidance,0,
58.000,144.4868,-0.08152,0.00991,pulse:1+4:0.160,143.1730,144.4868,1.3138,1.2783,guidance,0,
58.100,144.0123,-0.08142,0.00995,pulse:1+4:0.160,143.1730,144.0123,0.8393,1.2589,guidance,0,
58.202,143.5293,-0.08210,0.00915,pulse:1+4:0.160,143.1730,143.5293,0.3563,1.2491,guidance,0,
58.299,143.0491,-0.08405,0.00981,pulse:1+4:0.160,143.1730,143.0491,-0.1239,1.1480,guidance,0,
58.402,142.5687,-0.08332,0.01020,pulse:1+4:0.160,143.1730,142.5687,-0.6043,1.2987,guidance,0,
58.498,142.1107,-0.08391,0.00975,pulse:1+4:0.160,143.1730,142.1107,-1.0623,1.3387,guidance,0,
58.603,141.5917,-0.08449,0.00967,pulse:1+4:0.160,140.2302,141.5917,1.3615,1.3756,guidance,0,
58.698,141.1395,-0.08401,0.00964,pulse:1+4:0.160,140.2302,141.1395,0.9092,1.2692,guidance,0,
58.797,140.6415,-0.08580,0.01033,pulse:1+4:0.160,140.2302,140.6415,0.4113,1.3179,guidance,0,
58.900,140.1524,-0.08717,0.01027,pulse:1+4:0.160,140.2302,140.1524,-0.0779,1.1871,guidance,0,
59.001,139.6451,-0.08726,0.01052,pulse:1+4:0.160,140.2302,139.6451,-0.5851,1.3168,guidance,0,
59.098,139.1430,-0.08743,0.01040,pulse:1+4:0.160,140.2302,139.1430,-1.0872,1.2150,guidance,0,
59.197,138.6537,-0.08788,0.01104,pulse:1+4:0.160,137.2380,138.6537,1.4157,1.2407,guidance,0,
59.300,138.1449,-0.08800,0.01069,pulse:1+4:0.160,137.2380,138.1449,0.9069,1.2625,guidance,0,
59.398,137.6512,-0.08915,0.01119,pulse:1+4:0.160,137.2380,137.6512,0.4131,1.1456,guidance,0,
59.499,137.1333,-0.09038,0.01142,pulse:1+4:0.160,137.2380,137.1333,-0.1047,1.2796,guidance,0,
59.601,136.6068,-0.09017,0.01166,pulse:1+4:0.160,137.2380,136.6068,-0.6312,1.3523,guidance,0,
59.701,136.1019,-0.09038,0.01172,pulse:1+4:0.160,134.6460,136.1019,1.4559,1.2604,guidance,0,
59.803,135.5822,-0.09023,0.01147,pulse:1+4:0.160,134.6460,135.5822,0.9362,1.1766,guidance,0,
59.902,135.0811,-0.09143,0.01130,pulse:1+4:0.160,134.6460,135.0811,0.4350,1.2171,guidance,0,
59.999,134.5664,-0.09249,0.01252,pulse:1+4:0.160,134.6460,134.5664,-0.0797,1.2308,guidance,0,
60.102,134.0263,-0.09231,0.01260,pulse:1+4:0.160,134.6460,134.0263,-0.6198,1.1565,guidance,0,
60.200,133.5094,-0.09220,0.01223,pulse:1+4:0.160,134.6460,133.5094,-1.1366,1.0934,guidance,0,
60.299,133.0008,-0.09152,0.01183,pulse:1+4:0.160,131.5267,133.0008,1.4741,1.1317,guidance,0,
60.401,132.4517,-0.09185,0.01189,pulse:1+4:0.160,131.5267,132.4517,0.9250,1.2151,guidance,0,
60.498,131.9389,-0.09239,0.01255,pulse:1+4:0.160,131.5267,131.9389,0.4122,1.1521,guidance,0,
60.602,131.3686,-0.09374,0.01273,pulse:1+4:0.160,131.5267,131.3686,-0.1581,1.0755,guidance,0,
60.701,130.8552,-0.09316,0.01251,pulse:1+4:0.160,131.5267,130.8552,-0.6715,1.0590,guidance,0,
60.802,130.3095,-0.09280,0.01291,pulse:1+4:0.160,128.8150,130.3095,1.4945,1.2528,guidance,0,
60.901,129.7905,-0.09242,0.01298,pulse:1+4:0.160,128.8150,129.7905,0.9755,1.2378,guidance,0,
60.999,129.2687,-0.09331,0.01304,pulse:1+4:0.160,128.8150,129.2687,0.4537,1.3012,guidance,0,
61.103,128.7088,-0.09405,0.01436,pulse:1+4:0.160,128.8150,128.7088,-0.1062,1.2215,guidance,0,
61.202,128.1702,-0.09384,0.01411,pulse:1+4:0.160,128.8150,128.1702,-0.6448,1.1998,guidance,0,
61.299,127.6543,-0.09310,0.01447,pulse:1+4:0.160,128.8150,127.6543,-1.1607,1.2309,guidance,0,
61.398,127.1201,-0.09290,0.01492,pulse:1+4:0.160,125.6240,127.1201,1.4961,1.2366,guidance,0,
61.502,126.5576,-0.09257,0.01450,pulse:1+4:0.160,125.6240,126.5576,0.9336,1.2575,guidance,0,
61.598,126.0560,-0.09311,0.01581,pulse:1+4:0.160,125.6240,126.0560,0.4320,1.1604,guidance,0,
61.701,125.5020,-0.09391,0.01633,pulse:1+4:0.160,125.6240,125.5020,-0.1220,1.2970,guidance,0,
61.798,124.9802,-0.09359,0.01669,pulse:1+4:0.160,125.6240,124.9802,-0.6438,1.1230,guidance,0,
61.897,124.4422,-0.09351,0.01741,pulse:1+4:0.160,125.6240,124.4422,-1.1818,1.2637,guidance,0,
61.999,123.8865,-0.09371,0.01726,pulse:1+4:0.160,122.3776,123.8865,1.5090,1.2965,guidance,0,
62.102,123.3448,-0.09366,0.01681,pulse:1+4:0.160,122.3776,123.3448,0.9672,1.1116,guidance,0,
62.201,122.8124,-0.09449,0.01824,pulse:1+4:0.160,122.3776,122.8124,0.4348,1.1081,guidance,0,
62.303,122.2665,-0.09555,0.01942,pulse:1+4:0.160,122.3776,122.2665,-0.1111,1.2031,guidance,0,
62.399,121.7334,-0.09505,0.01991,pulse:1+4:0.160,122.3776,121.7334,-0.6442,1.2990,guidance,0,
62.501,121.1718,-0.09518,0.01914,pulse:1+4:0.160,119.6393,121.1718,1.5325,1.2368,guidance,0,
62.600,120.6294,-0.09561,0.01970,pulse:1+4:0.160,119.6393,120.6294,0.9901,1.1569,guidance,0,
62.697,120.0851,-0.09655,0.02073,pulse:1+4:0.160,119.6393,120.0851,0.4458,1.2826,guidance,0,
62.798,119.5221,-0.09751,0.02116,pulse:1+4:0.160,119.6393,119.5221,-0.1172,1.2449,guidance,0,
62.900,118.9531,-0.09851,0.02140,pulse:1+4:0.160,119.6393,118.9531,-0.6862,1.1087,guidance,0,
63.000,118.4018,-0.09790,0.02041,pulse:1+4:0.160,119.6393,118.4018,-1.2375,1.1211,guidance,0,
63.101,117.8277,-0.09830,0.02098,coast:0.320,115.3511,117.8277,2.4766,1.1188,guidance,0,
63.200,117.2644,-0.09832,0.02097,coast:0.320,115.3511,117.2644,1.9133,1.0651,guidance,0,
63.302,116.7032,-0.09854,0.02111,coast:0.320,115.3511,116.7032,1.3521,1.0933,guidance,0,
63.397,116.1758,-0.09794,0.02054,coast:0.320,115.3511,116.1758,0.8247,1.0556,guidance,0,
63.502,115.5728,-0.09873,0.02043,coast:0.320,115.3511,115.5728,0.2217,1.1061,guidance,0,
63.600,115.0128,-0.09852,0.02027,coast:0.320,115.3511,115.0128,-0.3383,1.2209,guidance,0,
63.703,114.4321,-0.09848,0.02037,coast:0.320,111.9509,114.4321,2.4812,1.1590,guidance,0,
63.798,113.8824,-0.09923,0.02030,coast:0.320,111.9509,113.8824,1.9315,1.1339,guidance,0,
63.897,113.3052,-0.09885,0.02087,coast:0.320,111.9509,113.3052,1.3543,1.0921,guidance,0,
63.998,112.7438,-0.09933,0.02082,coast:0.320,111.9509,112.7438,0.7929,1.1877,guidance,0,
64.097,112.1637,-0.09930,0.02040,coast:0.320,111.9509,112.1637,0.2128,1.2456,guidance,0,
64.200,111.5726,-0.09988,0.02092,coast:0.320,111.9509,111.5726,-0.3783,1.1233,guidance,0,
64.301,110.9958,-0.09982,0.02109,coast:0.320,108.4811,110.9958,2.5147,1.2824,guidance,0,
64.401,110.4192,-0.09899,0.02191,coast:0.320,108.4811,110.4192,1.9380,1.2616,guidance,0,
64.497,109.8683,-0.09923,0.02193,coast:0.320,108.4811,109.8683,1.3871,1.1231,guidance,0,
64.598,109.2780,-0.09891,0.02184,coast:0.320,108.4811,109.2780,0.7968,1.1831,guidance,0,
64.698,108.7167,-0.09909,0.02197,coast:0.320,108.4811,108.7167,0.2356,1.2755,guidance,0,
64.798,108.1414,-0.09931,0.02237,coast:0.320,108.4811,108.1414,-0.3397,1.3205,guidance,0,
64.899,107.5507,-0.09952,0.02291,coast:0.320,105.0437,107.5507,2.5070,1.1982,guidance,0,
65.002,106.9950,-0.09848,0.02256,coast:0.320,105.0437,106.9950,1.9513,1.1380,guidance,0,
65.098,106.4457,-0.09881,0.02373,coast:0.320,105.0437,106.4457,1.4020,1.1911,guidance,0,
65.202,105.8580,-0.09897,0.02365,coast:0.320,105.0437,105.8580,0.8143,1.2266,guidance,0,
65.300,105.3166,-0.09876,0.02454,coast:0.320,105.0437,105.3166,0.2729,1.2528,guidance,0,
65.400,104.7583,-0.09834,0.02469,coast:0.320,102.2814,104.7583,2.4769,1.1092,guidance,0,
65.502,104.1793,-0.09832,0.02482,coast:0.320,102.2814,104.1793,1.8979,1.2072,guidance,0,
65.599,103.6353,-0.09746,0.02533,coast:0.320,102.2814,103.6353,1.3539,1.2890,guidance,0,
65.703,103.0368,-0.09748,0.02542,coast:0.320,102.2814,103.0368,0.7554,1.2626,guidance,0,
65.801,102.4890,-0.09738,0.02553,coast:0.320,102.2814,102.4890,0.2076,1.2870,guidance,0,
65.900,101.9590,-0.09739,0.02513,coast:0.320,99.5063,101.9590,2.4527,1.1818,guidance,0,
65.998,101.4010,-0.09754,0.02588,coast:0.320,99.5063,101.4010,1.8947,1.1206,guidance,0,
66.102,100.8326,-0.09629,0.02620,coast:0.320,99.5063,100.8326,1.3263,1.0521,guidance,0,
66.201,100.3026,-0.09713,0.02622,coast:0.320,99.5063,100.3026,0.7963,1.2105,guidance,0,
66.302,99.7399,-0.09639,0.02613,coast:0.320,99.5063,99.7399,0.2336,1.1695,guidance,0,
66.403,99.1928,-0.09658,0.02570,coast:0.320,96.7606,99.1928,2.4322,1.2658,guidance,0,
66.502,98.6370,-0.09673,0.02578,coast:0.320,96.7606,98.6370,1.8764,1.0953,guidance,0,
66.599,98.1087,-0.09716,0.02547,coast:0.320,96.7606,98.1087,1.3481,1.2174,guidance,0,
66.703,97.5263,-0.09620,0.02587,coast:0.320,96.7606,97.5263,0.7656,1.0832,guidance,0,
66.797,97.0128,-0.09664,0.02597,coast:0.320,96.7606,97.0128,0.2522,1.2166,guidance,0,
66.898,96.4479,-0.09645,0.02587,coast:0.320,96.7606,96.4479,-0.3127,1.2923,guidance,0,
67.000,95.8754,-0.09681,0.02579,coast:0.320,93.4375,95.8754,2.4379,1.2733,guidance,0,
67.101,95.3268,-0.09621,0.02619,coast:0.320,93.4375,95.3268,1.8893,1.2269,guidance,0,
67.200,94.7922,-0.09613,0.02614,coast:0.320,93.4375,94.7922,1.3547,1.3078,guidance,0,
67.299,94.2595,-0.09638,0.02693,coast:0.320,93.4375,94.2595,0.8220,1.1446,guidance,0,
67.401,93.6865,-0.09611,0.02704,coast:0.320,93.4375,93.6865,0.2490,1.1127,guidance,0,
67.500,93.1333,-0.09626,0.02691,coast:0.320,93.4375,93.1333,-0.3043,1.2172,guidance,0,
67.549,92.8644,-0.09626,0.02726,coast:0.320,90.4408,92.8644,2.4235,1.2717,guidance,0,
67.702,92.0251,-0.09642,0.02815,coast:0.320,90.4408,92.0251,1.5843,1.2609,guidance,0,
67.797,91.5019,-0.09636,0.02756,coast:0.320,90.4408,91.5019,1.0611,1.1391,guidance,0,
67.900,90.9384,-0.09667,0.02853,coast:0.320,90.4408,90.9384,0.4975,1.2480,guidance,0,
67.997,90.4014,-0.09609,0.02867,coast:0.320,90.4408,90.4014,-0.0395,1.1596,guidance,0,
68.100,89.8286,-0.09633,0.02888,coast:0.320,87.4037,89.8286,2.4248,1.2067,guidance,0,
68.200,89.2839,-0.09663,0.02965,coast:0.320,87.4037,89.2839,1.8801,1.1341,guidance,0,
68.300,88.7340,-0.09666,0.02967,coast:0.320,87.4037,88.7340,1.3303,1.1957,guidance,0,
68.398,88.1914,-0.09642,0.03052,coast:0.320,87.4037,88.1914,0.7876,1.2939,guidance,0,
68.501,87.5930,-0.09721,0.03101,coast:0.320,87.4037,87.5930,0.1892,1.3250,guidance,0,
68.597,87.0506,-0.09653,0.03102,coast:0.320,87.4037,87.0506,-0.3531,1.1172,guidance,0,
68.699,86.4671,-0.09704,0.03141,coast:0.320,84.0251,86.4671,2.4420,1.0872,guidance,0,
68.803,85.8862,-0.09677,0.03107,coast:0.320,84.0251,85.8862,1.8610,1.1519,guidance,0,
68.897,85.3556,-0.09632,0.03169,coast:0.320,84.0251,85.3556,1.3305,1.2209,guidance,0,
69.000,84.7988,-0.09688,0.03178,coast:0.320,84.0251,84.7988,0.7736,1.0729,guidance,0,
69.100,84.2445,-0.09635,0.03239,coast:0.320,84.0251,84.2445,0.2194,1.0503,guidance,0,
69.198,83.7173,-0.09672,0.03246,coast:0.320,84.0251,83.7173,-0.3078,1.1547,guidance,0,
69.301,83.1306,-0.09649,0.03266,coast:0.320,80.7031,83.1306,2.4275,1.2054,guidance,0,
69.400,82.5869,-0.09584,0.03251,coast:0.320,80.7031,82.5869,1.8838,1.2712,guidance,0,
69.503,82.0166,-0.09599,0.03254,coast:0.320,80.7031,82.0166,1.3136,1.0998,guidance,0,
69.600,81.4653,-0.09602,0.03256,coast:0.320,80.7031,81.4653,0.7622,1.2349,guidance,0,
69.697,80.9158,-0.09615,0.03301,coast:0.320,80.7031,80.9158,0.2127,1.2635,guidance,0,
69.800,80.3401,-0.09547,0.03319,coast:0.320,80.7031,80.3401,-0.3630,1.1248,guidance,0,
69.900,79.7959,-0.09499,0.03357,coast:0.320,77.4067,79.7959,2.3892,1.1884,guidance,0,
70.002,79.2424,-0.09525,0.03317,coast:0.320,77.4067,79.2424,1.8357,1.1834,guidance,0,
70.098,78.7186,-0.09475,0.03452,coast:0.320,77.4067,78.7186,1.3119,1.0923,guidance,0,
70.200,78.1648,-0.09481,0.03414,coast:0.320,77.4067,78.1648,0.7580,1.2029,guidance,0,
70.299,77.6016,-0.09444,0.03407,coast:0.320,77.4067,77.6016,0.1949,1.1138,guidance,0,
70.402,77.0401,-0.09444,0.03495,coast:0.320,74.6652,77.0401,2.3749,1.1510,guidance,0,
70.502,76.5072,-0.09482,0.03494,coast:0.320,74.6652,76.5072,1.8420,1.0955,guidance,0,
70.597,75.9889,-0.09488,0.03461,coast:0.320,74.6652,75.9889,1.3237,1.1077,guidance,0,
70.701,75.4478,-0.09371,0.03525,coast:0.320,74.6652,75.4478,0.7827,1.1924,guidance,0,
70.799,74.9240,-0.09316,0.03587,coast:0.320,74.6652,74.9240,0.2588,1.1284,guidance,0,
70.899,74.3764,-0.09372,0.03644,coast:0.320,74.6652,74.3764,-0.2888,1.1621,guidance,0,
71.000,73.8290,-0.09359,0.03662,coast:0.320,71.4764,73.8290,2.3526,1.2313,guidance,0,
71.100,73.2699,-0.09321,0.03677,coast:0.320,71.4764,73.2699,1.7934,1.1825,guidance,0,
71.198,72.7549,-0.09317,0.03720,coast:0.320,71.4764,72.7549,1.2785,1.1057,guidance,0,
71.299,72.2292,-0.09335,0.03797,coast:0.320,71.4764,72.2292,0.7528,1.2507,guidance,0,
71.398,71.7036,-0.09312,0.03829,coast:0.320,71.4764,71.7036,0.2272,1.1961,guidance,0,
71.500,71.1443,-0.09275,0.03873,coast:0.320,68.8140,71.1443,2.3303,1.1670,guidance,0,
71.602,70.5981,-0.09336,0.03871,coast:0.320,68.8140,70.5981,1.7841,1.1080,guidance,0,
71.701,70.0693,-0.09251,0.03909,coast:0.320,68.8140,70.0693,1.2553,1.2020,guidance,0,
71.803,69.5416,-0.09309,0.04021,coast:0.320,68.8140,69.5416,0.7276,1.1992,guidance,0,
71.901,69.0216,-0.09237,0.04029,coast:0.320,68.8140,69.0216,0.2076,1.1476,guidance,0,
71.999,68.4947,-0.09339,0.04031,coast:0.320,68.8140,68.4947,-0.3193,1.1067,guidance,0,
72.100,67.9529,-0.09253,0.04079,coast:0.320,65.6293,67.9529,2.3236,1.0776,guidance,0,
72.199,67.4335,-0.09226,0.04092,coast:0.320,65.6293,67.4335,1.8042,1.2544,guidance,0,
72.303,66.8869,-0.09244,0.04177,coast:0.320,65.6293,66.8869,1.2576,1.1053,guidance,0,
72.400,66.3711,-0.09253,0.04195,coast:0.320,65.6293,66.3711,0.7418,1.1933,guidance,0,
72.503,65.8500,-0.09173,0.04207,coast:0.320,65.6293,65.8500,0.2207,1.0857,guidance,0,
72.601,65.3357,-0.09227,0.04194,coast:0.320,63.0196,65.3357,2.3161,1.1287,guidance,0,
72.699,64.8404,-0.09192,0.04257,coast:0.320,63.0196,64.8404,1.8207,1.2252,guidance,0,
72.800,64.3085,-0.09180,0.04363,coast:0.320,63.0196,64.3085,1.2889,1.0825,guidance,0,
72.901,63.7691,-0.09132,0.04315,coast:0.320,63.0196,63.7691,0.7495,1.1607,guidance,0,
72.997,63.2882,-0.09130,0.04418,coast:0.320,63.0196,63.2882,0.2686,1.1625,guidance,0,
73.097,62.7456,-0.09112,0.04449,coast:0.320,63.0196,62.7456,-0.2740,1.2882,guidance,0,
73.202,62.2077,-0.09152,0.04422,pulse:0+5:0.240,60.3404,62.2077,1.8673,1.1547,guidance,0,
73.301,61.6732,-0.09157,0.04482,pulse:0+5:0.240,60.3404,61.6732,1.3328,1.2635,guidance,0,
73.401,61.1527,-0.09003,0.04404,pulse:0+5:0.240,60.3404,61.1527,0.8124,1.2732,guidance,0,
73.500,60.6634,-0.08750,0.04362,pulse:0+5:0.240,60.3404,60.6634,0.3230,1.2671,guidance,0,
73.601,60.1723,-0.08693,0.04371,pulse:0+5:0.240,60.3404,60.1723,-0.1680,1.0827,guidance,0,
73.702,59.6677,-0.08794,0.04518,pulse:0+5:0.320,57.4865,59.6677,2.1812,1.1105,guidance,0,
73.799,59.1940,-0.08734,0.04549,pulse:0+5:0.320,57.4865,59.1940,1.7075,1.2410,guidance,0,
73.900,58.6916,-0.08699,0.04611,pulse:0+5:0.320,57.4865,58.6916,1.2051,1.1860,guidance,0,
74.000,58.2025,-0.08648,0.04596,pulse:0+5:0.320,57.4865,58.2025,0.7159,1.0572,guidance,0,
74.099,57.7155,-0.08637,0.04625,pulse:0+5:0.320,57.4865,57.7155,0.2290,1.2359,guidance,0,
74.202,57.2024,-0.08617,0.04578,pulse:0+5:0.320,55.0662,57.2024,2.1363,1.1174,guidance,0,
74.302,56.7127,-0.08518,0.04692,pulse:0+5:0.320,55.0662,56.7127,1.6465,1.1572,guidance,0,
74.399,56.2454,-0.08493,0.04672,pulse:0+5:0.320,55.0662,56.2454,1.1793,1.0458,guidance,0,
74.497,55.7706,-0.08320,0.04629,pulse:0+5:0.320,55.0662,55.7706,0.7045,1.0588,guidance,0,
74.600,55.2966,-0.08175,0.04587,pulse:0+5:0.320,55.0662,55.2966,0.2304,1.0528,guidance,0,
74.698,54.8617,-0.08055,0.04561,pulse:0+5:0.320,55.0662,54.8617,-0.2045,1.1169,guidance,0,
74.798,54.3830,-0.07998,0.04554,pulse:0+5:0.320,52.4035,54.3830,1.9795,1.1435,guidance,0,
74.903,53.9213,-0.07977,0.04682,pulse:0+5:0.320,52.4035,53.9213,1.5178,1.2482,guidance,0,
75.001,53.4606,-0.07991,0.04660,pulse:0+5:0.320,52.4035,53.4606,1.0571,1.1319,guidance,0,
75.100,53.0119,-0.07822,0.04643,pulse:0+5:0.320,52.4035,53.0119,0.6084,1.0208,guidance,0,
75.199,52.5809,-0.07741,0.04606,pulse:0+5:0.320,52.4035,52.5809,0.1774,1.0457,guidance,0,
75.298,52.1345,-0.07707,0.04635,pulse:0+5:0.320,50.2292,52.1345,1.9054,1.1950,guidance,0,3
75.402,51.6852,-0.07655,0.04717,pulse:0+5:0.320,50.2292,51.6852,1.4561,1.1056,guidance,0,3
75.501,51.2440,-0.07537,0.04659,pulse:0+5:0.320,50.2292,51.2440,1.0149,1.0887,guidance,0,3
75.602,50.8373,-0.07500,0.04541,pulse:0+5:0.320,50.2292,50.8373,0.6081,1.0063,guidance,0,3
75.700,50.4154,-0.07300,0.04475,pulse:0+5:0.320,50.2292,50.4154,0.1862,1.0665,guidance,0,3
75.802,50.0013,-0.07257,0.04439,pulse:0+5:0.320,48.2079,50.0013,1.7934,0.9815,guidance,0,3
75.850,49.8007,-0.07229,0.04555,pulse:0+5:0.320,48.2079,49.8007,1.5928,1.0559,guidance,0,3
76.000,49.1771,-0.07146,0.04477,pulse:0+5:0.320,48.2079,49.1771,0.9692,1.2031,guidance,0,3
76.097,48.7848,-0.07077,0.04452,pulse:0+5:0.320,48.2079,48.7848,0.5769,1.0784,guidance,0,3
76.200,48.3651,-0.06969,0.04415,pulse:0+5:0.320,48.2079,48.3651,0.1572,1.0914,guidance,0,3
76.299,47.9452,-0.06912,0.04418,pulse:0+5:0.320,48.2079,47.9452,-0.2627,1.1944,guidance,0,3
76.397,47.5356,-0.06895,0.04454,pulse:0+5:0.320,45.8335,47.5356,1.7022,1.1565,guidance,0,3
76.503,47.1283,-0.06947,0.04546,pulse:0+5:0.320,45.8335,47.1283,1.2948,1.2126,guidance,0,3
76.600,46.7416,-0.06892,0.04505,pulse:0+5:0.320,45.8335,46.7416,0.9082,1.1950,guidance,0,3
76.698,46.3636,-0.06758,0.04473,pulse:0+5:0.320,45.8335,46.3636,0.5301,1.2074,guidance,0,3
76.799,45.9844,-0.06656,0.04403,pulse:0+5:0.320,45.8335,45.9844,0.1509,1.2068,guidance,0,3
76.899,45.5781,-0.06608,0.04383,pulse:0+5:0.320,43.9478,45.5781,1.6303,1.0446,guidance,0,3
77.003,45.2016,-0.06600,0.04538,pulse:0+5:0.320,43.9478,45.2016,1.2538,0.9614,guidance,0,3
77.098,44.8559,-0.06476,0.04491,pulse:0+5:0.320,43.9478,44.8559,0.9081,1.1011,guidance,0,3
77.198,44.4931,-0.06329,0.04397,pulse:0+5:0.320,43.9478,44.4931,0.5453,1.0511,guidance,0,3
77.297,44.1048,-0.06254,0.04307,pulse:0+5:0.320,43.9478,44.1048,0.1570,0.9913,guidance,0,3
77.402,43.7143,-0.06258,0.04349,pulse:0+5:0.320,42.1719,43.7143,1.5424,1.0174,guidance,0,3
77.502,43.3505,-0.06279,0.04432,pulse:0+5:0.320,42.1719,43.3505,1.1786,1.1206,guidance,0,3
77.601,43.0055,-0.06086,0.04377,pulse:0+5:0.320,42.1719,43.0055,0.8336,1.1367,guidance,0,3
77.703,42.6403,-0.05990,0.04287,pulse:0+5:0.320,42.1719,42.6403,0.4684,1.1032,guidance,0,3
77.802,42.2893,-0.05906,0.04201,pulse:0+5:0.320,42.1719,42.2893,0.1174,0.9901,guidance,0,3
77.898,41.9667,-0.05847,0.04247,pulse:0+5:0.320,42.1719,41.9667,-0.2052,1.1244,guidance,0,3
78.001,41.6443,-0.05830,0.04263,pulse:0+5:0.320,40.2092,41.6443,1.4351,1.0284,guidance,0,3
78.103,41.2835,-0.05859,0.04353,pulse:0+5:0.320,40.2092,41.2835,1.0744,1.0952,guidance,0,3
78.201,40.9620,-0.05738,0.04277,pulse:0+5:0.320,40.2092,40.9620,0.7528,1.0456,guidance,0,3
78.302,40.6329,-0.05606,0.04202,pulse:0+5:0.320,40.2092,40.6329,0.4238,0.9701,guidance,0,3
78.399,40.3381,-0.05477,0.04134,pulse:0+5:0.320,40.2092,40.3381,0.1289,0.9814,guidance,0,3
78.502,40.0087,-0.05423,0.04079,pulse:0+5:0.320,38.6747,40.0087,1.3341,0.9837,guidance,0,3
78.602,39.6966,-0.05368,0.04147,pulse:0+5:0.320,38.6747,39.6966,1.0219,0.9777,guidance,0,3
78.697,39.3980,-0.05316,0.04062,pulse:0+5:0.320,38.6747,39.3980,0.7233,1.1064,guidance,0,3
78.800,39.1077,-0.05164,0.03963,pulse:0+5:0.320,38.6747,39.1077,0.4330,0.9612,guidance,0,3
78.903,38.8029,-0.05101,0.03866,pulse:0+5:0.320,38.6747,38.8029,0.1282,0.9440,guidance,0,3
79.001,38.5191,-0.05035,0.03805,pulse:0+5:0.320,38.6747,38.5191,-0.1555,0.9043,guidance,0,3
79.102,38.2349,-0.05008,0.03864,pulse:0+5:0.320,37.0039,38.2349,1.2310,0.9289,guidance,0,3
79.201,37.9596,-0.05023,0.03917,pulse:0+5:0.320,37.0039,37.9596,0.9557,1.0722,guidance,0,3
79.299,37.6757,-0.04927,0.03868,pulse:0+5:0.320,37.0039,37.6757,0.6718,1.0632,guidance,0,3
79.401,37.3945,-0.04809,0.03744,pulse:0+5:0.320,37.0039,37.3945,0.3907,1.0302,guidance,0,3
79.502,37.1108,-0.04698,0.03726,pulse:0+5:0.320,37.0039,37.1108,0.1070,1.0263,guidance,0,3
79.599,36.8608,-0.04597,0.03745,pulse:0+5:0.320,37.0039,36.8608,-0.1430,1.0544,guidance,0,3
79.700,36.5913,-0.04640,0.03765,pulse:0:0.320,35.4471,36.5913,1.1443,1.0704,guidance,0,3
79.798,36.3253,-0.04616,0.03765,pulse:0:0.320,35.4471,36.3253,0.8783,1.0500,guidance,0,3
79.900,36.0774,-0.04555,0.03709,pulse:0:0.320,35.4471,36.0774,0.6303,0.9351,guidance,0,3
79.998,35.8162,-0.04466,0.03642,pulse:0:0.320,35.4471,35.8162,0.3691,0.9005,guidance,0,3
80.100,35.5563,-0.04390,0.03607,pulse:0:0.320,35.4471,35.5563,0.1093,1.0122,guidance,0,3
80.200,35.3090,-0.04323,0.03624,pulse:0:0.320,34.2433,35.3090,1.0657,0.9134,guidance,0,3
80.302,35.0697,-0.04378,0.03693,pulse:0:0.320,34.2433,35.0697,0.8265,1.0658,guidance,0,3
80.399,34.8205,-0.04304,0.03715,pulse:0:0.320,34.2433,34.8205,0.5772,0.9367,guidance,0,3
80.498,34.6008,-0.04221,0.03555,pulse:0:0.320,34.2433,34.6008,0.3575,0.9427,guidance,0,3
80.600,34.3617,-0.04144,0.03612,pulse:0:0.320,34.2433,34.3617,0.1185,1.0104,guidance,0,3
80.698,34.1248,-0.04087,0.03583,pulse:0:0.320,34.2433,34.1248,-0.1185,0.9933,guidance,0,3
80.797,33.9174,-0.04103,0.03587,pulse:0+5:0.320,32.9119,33.9174,1.0055,1.0445,guidance,0,3
80.902,33.6790,-0.04065,0.03691,pulse:0+5:0.320,32.9119,33.6790,0.7671,1.0196,guidance,0,3
81.000,33.4370,-0.03969,0.03594,pulse:0+5:0.320,32.9119,33.4370,0.5251,1.0196,guidance,0,3
81.100,33.2182,-0.03947,0.03544,pulse:0+5:0.320,32.9119,33.2182,0.3063,0.9607,guidance,0,3
81.198,33.0013,-0.03821,0.03507,pulse:0+5:0.320,32.9119,33.0013,0.0894,0.9770,guidance,0,3
81.299,32.7636,-0.03854,0.03392,pulse:0+5:0.320,31.8194,32.7636,0.9442,0.9134,guidance,0,3
81.398,32.5431,-0.03833,0.03530,pulse:0+5:0.320,31.8194,32.5431,0.7237,1.0259,guidance,0,3
81.500,32.3273,-0.03749,0.03470,pulse:0+5:0.320,31.8194,32.3273,0.5079,1.0568,guidance,0,3
81.599,32.1187,-0.03692,0.03423,pulse:0+5:0.320,31.8194,32.1187,0.2993,1.0704,guidance,0,3
81.702,31.9120,-0.03535,0.03367,pulse:0+5:0.320,31.8194,31.9120,0.0926,0.9585,guidance,0,3
81.799,31.7132,-0.03524,0.03307,pulse:0:0.320,30.8458,31.7132,0.8674,1.0284,guidance,0,3
81.903,31.5069,-0.03468,0.03242,pulse:0:0.320,30.8458,31.5069,0.6612,1.0202,guidance,0,3
81.999,31.2988,-0.03490,0.03324,pulse:0:0.320,30.8458,31.2988,0.4530,0.9198,guidance,0,3
82.102,31.1087,-0.03368,0.03275,pulse:0:0.320,30.8458,31.1087,0.2629,0.8666,guidance,0,3
82.200,30.9195,-0.03320,0.03195,pulse:0:0.320,30.8458,30.9195,0.0738,0.9131,guidance,0,3
82.298,30.7084,-0.03325,0.03058,pulse:0:0.320,30.8458,30.7084,-0.1374,0.9064,guidance,0,3
82.397,30.5139,-0.03273,0.03174,pulse:0+5:0.320,29.7141,30.5139,0.7997,0.9650,guidance,0,3
82.498,30.3279,-0.03309,0.03158,pulse:0+5:0.320,29.7141,30.3279,0.6137,1.0319,guidance,0,3
82.597,30.1527,-0.03161,0.03207,pulse:0+5:0.320,29.7141,30.1527,0.4385,1.0540,guidance,0,3
82.700,29.9912,-0.03076,0.03090,pulse:0+5:0.320,29.7141,29.9912,0.2771,1.0271,guidance,0,3
82.803,29.8085,-0.03038,0.02984,pulse:0+5:0.320,29.7141,29.8085,0.0943,0.9084,guidance,0,3
82.898,29.6362,-0.02974,0.02956,pulse:0:0.320,28.9046,29.6362,0.7317,1.0025,guidance,0,3
82.998,29.4656,-0.02977,0.02986,pulse:0:0.320,28.9046,29.4656,0.5611,1.0662,guidance,0,3
83.097,29.2998,-0.02916,0.02962,pulse:0:0.320,28.9046,29.2998,0.3952,0.9211,guidance,0,3
83.201,29.1335,-0.02848,0.02792,pulse:0:0.320,28.9046,29.1335,0.2290,0.9912,guidance,0,3
83.302,28.9624,-0.02863,0.02742,pulse:0:0.320,28.9046,28.9624,0.0578,0.8504,guidance,0,3
83.401,28.8186,-0.02834,0.02744,pulse:0:0.320,28.1206,28.8186,0.6980,0.9519,guidance,0,3
83.502,28.6458,-0.02718,0.02759,pulse:0:0.320,28.1206,28.6458,0.5252,0.9303,guidance,0,3
83.603,28.4635,-0.02704,0.02672,pulse:0:0.320,28.1206,28.4635,0.3429,0.9813,guidance,0,3
83.705,28.3046,-0.02660,0.02567,pulse:0:0.320,28.1206,28.3046,0.1840,0.9635,guidance,0,3
83.805,28.1575,-0.02659,0.02513,pulse:0:0.320,28.1206,28.1575,0.0369,0.8599,guidance,0,3
83.907,28.0007,-0.02630,0.02492,pulse:0+4:0.320,27.3464,28.0007,0.6543,0.9893,guidance,0,3
84.005,27.8467,-0.02556,0.02570,pulse:0+4:0.320,27.3464,27.8467,0.5003,0.9762,guidance,0,3
84.103,27.7015,-0.02536,0.02441,pulse:0+4:0.320,27.3464,27.7015,0.3551,0.8836,guidance,0,3
84.207,27.5698,-0.02553,0.02386,pulse:0+4:0.320,27.3464,27.5698,0.2234,0.8420,guidance,0,3
84.304,27.4234,-0.02514,0.02323,pulse:0+4:0.320,27.3464,27.4234,0.0770,0.9836,guidance,0,3
84.402,27.2709,-0.02538,0.02323,pulse:0+4:0.320,27.3464,27.2709,-0.0755,0.8538,guidance,0,3
84.508,27.1298,-0.02491,0.02345,pulse:0+4:0.320,26.5093,27.1298,0.6205,0.8008,guidance,0,3
84.605,26.9750,-0.02486,0.02394,pulse:0+4:0.320,26.5093,26.9750,0.4657,0.8360,guidance,0,3
84.704,26.8186,-0.02498,0.02352,pulse:0+4:0.320,26.5093,26.8186,0.3093,0.9737,guidance,0,3
84.806,26.6769,-0.02466,0.02239,pulse:0+4:0.320,26.5093,26.6769,0.1676,0.9305,guidance,0,3
84.906,26.5313,-0.02448,0.02253,pulse:0+4:0.320,26.5093,26.5313,0.0220,0.8185,guidance,0,3
85.005,26.3882,-0.02466,0.02234,pulse:0+4:0.320,26.5093,26.3882,-0.1211,0.8537,guidance,0,3
85.108,26.2337,-0.02469,0.02244,pulse:0+4:0.320,25.6180,26.2337,0.6158,0.8788,guidance,0,3
85.207,26.1085,-0.02459,0.02307,pulse:0+4:0.320,25.6180,26.1085,0.4905,0.9638,guidance,0,3
85.256,26.0317,-0.02445,0.02357,pulse:0+4:0.320,25.6180,26.0317,0.4137,0.9930,guidance,0,3
85.407,25.8155,-0.02408,0.02201,pulse:0+4:0.320,25.6180,25.8155,0.1975,0.8730,guidance,0,3
85.503,25.7071,-0.02440,0.02198,pulse:0+4:0.320,25.6180,25.7071,0.0891,0.9409,guidance,0,3
85.603,25.5560,-0.02393,0.02166,pulse:0+4:0.320,25.6180,25.5560,-0.0620,0.7990,guidance,0,3
85.705,25.4098,-0.02384,0.02189,pulse:0:0.320,24.8205,25.4098,0.5892,0.9092,guidance,0,3
85.803,25.2708,-0.02398,0.02198,pulse:0:0.320,24.8205,25.2708,0.4503,0.8909,guidance,0,3
85.907,25.1237,-0.02416,0.02109,pulse:0:0.320,24.8205,25.1237,0.3032,0.9420,guidance,0,3
86.003,24.9883,-0.02334,0.02060,pulse:0:0.320,24.8205,24.9883,0.1678,0.9200,guidance,0,3
86.105,24.8477,-0.02342,0.01971,pulse:0:0.320,24.8205,24.8477,0.0272,0.9191,guidance,0,3
86.205,24.7281,-0.02325,0.02003,pulse:0:0.320,24.1525,24.7281,0.5757,0.9369,guidance,0,3
86.307,24.5812,-0.02238,0.01971,pulse:0:0.320,24.1525,24.5812,0.4287,0.9066,guidance,0,3
86.405,24.4475,-0.02241,0.01876,pulse:0:0.320,24.1525,24.4475,0.2951,0.8304,guidance,0,3
86.507,24.3270,-0.02207,0.01817,pulse:0:0.320,24.1525,24.3270,0.1746,0.7549,guidance,0,3
86.606,24.2116,-0.02199,0.01698,pulse:0:0.320,24.1525,24.2116,0.0591,0.7408,guidance,0,3
86.704,24.0847,-0.02169,0.01677,pulse:0:0.320,24.1525,24.0847,-0.0678,0.7713,guidance,0,3
86.807,23.9578,-0.02147,0.01743,pulse:0:0.320,23.4251,23.9578,0.5327,0.7492,guidance,0,3
86.908,23.8505,-0.02097,0.01779,pulse:0:0.320,23.4251,23.8505,0.4254,0.8873,guidance,0,3
87.008,23.7373,-0.02179,0.01663,pulse:0:0.320,23.4251,23.7373,0.3122,0.9243,guidance,0,3
87.104,23.6391,-0.02053,0.01574,pulse:0:0.320,23.4251,23.6391,0.2140,0.9703,guidance,0,3
87.207,23.5294,-0.02026,0.01547,pulse:0:0.320,23.4251,23.5294,0.1043,0.9972,guidance,0,3
87.306,23.4289,-0.01986,0.01460,pulse:0:0.320,23.4251,23.4289,0.0038,0.9176,guidance,0,3
87.402,23.3270,-0.01999,0.01565,pulse:0:0.320,22.8305,23.3270,0.4965,0.8463,guidance,0,3
87.502,23.2083,-0.02065,0.01484,pulse:0:0.320,22.8305,23.2083,0.3779,0.8806,guidance,0,3
87.604,23.0877,-0.02065,0.01490,pulse:0:0.320,22.8305,23.0877,0.2572,0.8274,guidance,0,3
87.702,22.9759,-0.01943,0.01397,pulse:0:0.320,22.8305,22.9759,0.1454,0.8804,guidance,0,3
87.807,22.8634,-0.01919,0.01259,pulse:0:0.320,22.8305,22.8634,0.0329,0.8858,guidance,0,3
87.905,22.7705,-0.01966,0.01244,pulse:0:0.320,22.2808,22.7705,0.4897,0.7653,guidance,0,3
88.008,22.6328,-0.01935,0.01279,pulse:0:0.320,22.2808,22.6328,0.3520,0.8329,guidance,0,3
88.107,22.5206,-0.01939,0.01199,pulse:0:0.320,22.2808,22.5206,0.2398,0.8448,guidance,0,3
88.207,22.4204,-0.01939,0.01174,pulse:0:0.320,22.2808,22.4204,0.1396,0.8809,guidance,0,3
88.303,22.3228,-0.01897,0.01042,pulse:0:0.320,22.2808,22.3228,0.0420,0.7868,guidance,0,3
88.406,22.2146,-0.01959,0.01008,coast:0.320,21.7223,22.2146,0.4924,0.7938,guidance,0,3
88.507,22.0928,-0.01885,0.00999,coast:0.320,21.7223,22.0928,0.3705,0.7932,guidance,0,3
88.605,21.9775,-0.01873,0.01022,coast:0.320,21.7223,21.9775,0.2552,0.8824,guidance,0,3
88.702,21.8633,-0.01870,0.01077,coast:0.320,21.7223,21.8633,0.1410,0.9395,guidance,0,3
88.808,21.7483,-0.01907,0.01070,coast:0.320,21.7223,21.7483,0.0260,0.9160,guidance,0,3
88.903,21.6391,-0.01892,0.01178,coast:0.320,21.7223,21.6391,-0.0832,0.8004,guidance,0,3
89.008,21.5191,-0.01880,0.01134,pulse:0:0.320,21.0502,21.5191,0.4689,0.8608,guidance,0,3
89.107,21.4363,-0.01873,0.01139,pulse:0:0.320,21.0502,21.4363,0.3861,0.8471,guidance,0,3
89.203,21.3394,-0.01878,0.01115,pulse:0:0.320,21.0502,21.3394,0.2891,0.8007,guidance,0,3
89.305,21.2457,-0.01881,0.01046,pulse:0:0.320,21.0502,21.2457,0.1955,0.8255,guidance,0,3
89.406,21.1377,-0.01874,0.00874,pulse:0:0.320,21.0502,21.1377,0.0875,0.7964,guidance,0,3
89.502,21.0369,-0.01832,0.00857,pulse:0:0.320,21.0502,21.0369,-0.0133,0.9161,guidance,0,3
89.605,20.9090,-0.01841,0.00890,pulse:0+4:0.320,20.4440,20.9090,0.4650,0.9037,guidance,0,3
89.706,20.7998,-0.01889,0.00939,pulse:0+4:0.320,20.4440,20.7998,0.3559,0.8177,guidance,0,3
89.806,20.6845,-0.01794,0.00847,pulse:0+4:0.320,20.4440,20.6845,0.2405,0.8939,guidance,0,3
89.903,20.5844,-0.01883,0.00926,pulse:0+4:0.320,20.4440,20.5844,0.1404,0.8462,guidance,0,3
90.007,20.4790,-0.01881,0.00878,pulse:0+4:0.320,20.4440,20.4790,0.0350,0.9082,guidance,0,3
90.107,20.3707,-0.01836,0.00877,coast:0.320,19.9092,20.3707,0.4615,0.8983,guidance,0,3
90.206,20.2584,-0.01844,0.00911,coast:0.320,19.9092,20.2584,0.3492,0.8806,guidance,0,3
90.306,20.1508,-0.01821,0.00844,coast:0.320,19.9092,20.1508,0.2417,0.8490,guidance,0,3
90.407,20.0514,-0.01865,0.00998,coast:0.320,19.9092,20.0514,0.1423,0.8404,guidance,0,3
90.506,19.9487,-0.01830,0.00960,coast:0.320,19.9092,19.9487,0.0396,0.8761,guidance,0,3
90.607,19.8572,-0.01800,0.00990,coast:0.320,19.9092,19.8572,-0.0520,0.9159,guidance,0,3
90.703,19.7560,-0.01824,0.00883,pulse:0:0.320,19.2999,19.7560,0.4562,0.8059,guidance,0,3
90.806,19.6530,-0.01789,0.00900,pulse:0:0.320,19.2999,19.6530,0.3532,0.8366,guidance,0,3
90.908,19.5260,-0.01816,0.00923,pulse:0:0.320,19.2999,19.5260,0.2261,0.9058,guidance,0,3
91.003,19.4312,-0.01805,0.00863,pulse:0:0.320,19.2999,19.4312,0.1314,0.8281,guidance,0,3
91.107,19.3101,-0.01734,0.00770,pulse:0:0.320,19.2999,19.3101,0.0103,0.9046,guidance,0,3
91.207,19.2218,-0.01795,0.00792,pulse:5:0.320,18.7746,19.2218,0.4472,0.8210,guidance,0,3
91.303,19.1213,-0.01748,0.00726,pulse:5:0.320,18.7746,19.1213,0.3467,0.7840,guidance,0,3
91.402,19.0271,-0.01785,0.00704,pulse:5:0.320,18.7746,19.0271,0.2525,0.9160,guidance,0,3
91.507,18.9281,-0.01757,0.00578,pulse:5:0.320,18.7746,18.9281,0.1535,0.9011,guidance,0,3
91.603,18.8307,-0.01799,0.00518,pulse:5:0.320,18.7746,18.8307,0.0561,0.7679,guidance,0,3
91.703,18.7246,-0.01744,0.00514,pulse:5:0.320,18.7746,18.7246,-0.0500,0.6973,guidance,0,3
91.805,18.6412,-0.01785,0.00530,coast:0.320,18.1916,18.6412,0.4496,0.8758,guidance,0,3
91.903,18.5268,-0.01779,0.00538,coast:0.320,18.1916,18.5268,0.3352,0.8507,guidance,0,3
92.004,18.4188,-0.01787,0.00539,coast:0.320,18.1916,18.4188,0.2272,0.7259,guidance,0,3
92.108,18.3319,-0.01725,0.00536,coast:0.320,18.1916,18.3319,0.1403,0.7577,guidance,0,3
92.204,18.2248,-0.01709,0.00472,coast:0.320,18.1916,18.2248,0.0332,0.7187,guidance,0,3
92.308,18.1302,-0.01695,0.00524,coast:0.320,17.7034,18.1302,0.4268,0.8616,guidance,0,3
92.405,18.0374,-0.01778,0.00568,coast:0.320,17.7034,18.0374,0.3340,0.8115,guidance,0,3
92.502,17.9364,-0.01738,0.00594,coast:0.320,17.7034,17.9364,0.2330,0.7372,guidance,0,3
92.605,17.8637,-0.01667,0.00641,coast:0.320,17.7034,17.8637,0.1603,0.7969,guidance,0,3
92.703,17.7521,-0.01716,0.00614,coast:0.320,17.7034,17.7521,0.0486,0.9079,guidance,0,3
92.806,17.6579,-0.01729,0.00643,coast:0.320,17.7034,17.6579,-0.0456,0.7592,guidance,0,3
92.903,17.5578,-0.01733,0.00687,coast:0.320,17.1217,17.5578,0.4361,0.8800,guidance,0,3
93.005,17.4592,-0.01768,0.00556,coast:0.320,17.1217,17.4592,0.3375,0.8490,guidance,0,3
93.105,17.3675,-0.01755,0.00631,coast:0.320,17.1217,17.3675,0.2458,0.7470,guidance,0,3
93.205,17.2739,-0.01686,0.00612,coast:0.320,17.1217,17.2739,0.1521,0.8613,guidance,0,3
93.305,17.1759,-0.01692,0.00643,coast:0.320,17.1217,17.1759,0.0542,0.7812,guidance,0,3
93.407,17.0840,-0.01718,0.00651,coast:0.320,16.6518,17.0840,0.4322,0.9039,guidance,0,3
93.503,16.9966,-0.01736,0.00591,coast:0.320,16.6518,16.9966,0.3448,0.7449,guidance,0,3
93.605,16.8984,-0.01693,0.00606,coast:0.320,16.6518,16.8984,0.2466,0.7689,guidance,0,3
93.705,16.7918,-0.01645,0.00590,coast:0.320,16.6518,16.7918,0.1401,0.7710,guidance,0,3
93.807,16.6780,-0.01717,0.00627,coast:0.320,16.6518,16.6780,0.0262,0.7878,guidance,0,3
93.908,16.5722,-0.01688,0.00581,coast:0.320,16.1474,16.5722,0.4248,0.7991,guidance,0,3
94.007,16.4843,-0.01689,0.00650,coast:0.320,16.1474,16.4843,0.3369,0.7650,guidance,0,3
94.103,16.3911,-0.01664,0.00578,coast:0.320,16.1474,16.3911,0.2437,0.7898,guidance,0,3
94.206,16.2728,-0.01720,0.00640,coast:0.320,16.1474,16.2728,0.1254,0.9052,guidance,0,3
94.307,16.1792,-0.01728,0.00625,coast:0.320,16.1474,16.1792,0.0318,0.9402,guidance,0,3
94.408,16.0782,-0.01707,0.00581,coast:0.320,15.6486,16.0782,0.4296,0.7412,guidance,0,3
94.505,15.9850,-0.01693,0.00563,coast:0.320,15.6486,15.9850,0.3364,0.7382,guidance,0,3
94.604,15.8881,-0.01675,0.00584,coast:0.320,15.6486,15.8881,0.2395,0.7215,guidance,0,3
94.702,15.7975,-0.01671,0.00602,coast:0.320,15.6486,15.7975,0.1489,0.7337,guidance,0,3
94.803,15.7058,-0.01664,0.00583,coast:0.320,15.6486,15.7058,0.0572,0.6836,guidance,0,3
94.903,15.5907,-0.01687,0.00586,coast:0.320,15.6486,15.5907,-0.0579,0.7924,guidance,0,3
95.007,15.5009,-0.01721,0.00556,pulse:5:0.320,15.0703,15.5009,0.4306,0.7765,guidance,0,3
95.106,15.4197,-0.01621,0.00603,pulse:5:0.320,15.0703,15.4197,0.3495,0.8392,guidance,0,3
95.208,15.3212,-0.01676,0.00554,pulse:5:0.320,15.0703,15.3212,0.2509,0.7259,guidance,0,3
95.308,15.2351,-0.01668,0.00469,pulse:5:0.320,15.0703,15.2351,0.1648,0.7866,guidance,0,3
95.405,15.1514,-0.01690,0.00416,pulse:5:0.320,15.0703,15.1514,0.0812,0.7674,guidance,0,3
95.505,15.0495,-0.01666,0.00368,pulse:5:0.320,15.0703,15.0495,-0.0208,0.7774,guidance,0,3
95.605,14.9467,-0.01641,0.00405,pulse:0+5:0.320,14.5373,14.9467,0.4094,0.8989,guidance,0,3
95.704,14.8535,-0.01633,0.00347,pulse:0+5:0.320,14.5373,14.8535,0.3163,0.9211,guidance,0,3
95.808,14.7601,-0.01622,0.00279,pulse:0+5:0.320,14.5373,14.7601,0.2228,0.8501,guidance,0,3
95.905,14.6732,-0.01606,0.00215,pulse:0+5:0.320,14.5373,14.6732,0.1359,0.7099,guidance,0,3
96.007,14.5653,-0.01590,0.00189,pulse:0+5:0.320,14.5373,14.5653,0.0280,0.7306,guidance,0,3
96.104,14.4798,-0.01623,0.00280,pulse:0+5:0.320,14.5373,14.4798,-0.0575,0.8418,guidance,0,3
96.207,14.3899,-0.01555,0.00174,pulse:1+4:0.320,13.9940,14.3899,0.3959,0.7043,guidance,0,3
96.304,14.3031,-0.01595,0.00205,pulse:1+4:0.320,13.9940,14.3031,0.3090,0.7584,guidance,0,3
96.404,14.2165,-0.01566,0.00227,pulse:1+4:0.320,13.9940,14.2165,0.2224,0.7737,guidance,0,3
96.504,14.1402,-0.01578,0.00343,pulse:1+4:0.320,13.9940,14.1402,0.1462,0.8688,guidance,0,3
96.605,14.0628,-0.01576,0.00484,pulse:1+4:0.320,13.9940,14.0628,0.0688,0.7406,guidance,0,3
96.706,13.9695,-0.01597,0.00524,pulse:1+4:0.320,13.9940,13.9695,-0.0245,0.7187,guidance,0,3
96.806,13.8745,-0.01626,0.00569,coast:0.320,13.4655,13.8745,0.4090,0.7139,guidance,0,3
96.906,13.7743,-0.01602,0.00565,coast:0.320,13.4655,13.7743,0.3088,0.7822,guidance,0,3
97.007,13.6830,-0.01667,0.00571,coast:0.320,13.4655,13.6830,0.2175,0.7170,guidance,0,3
97.107,13.5836,-0.01605,0.00594,coast:0.320,13.4655,13.5836,0.1181,0.8543,guidance,0,3
97.206,13.4958,-0.01615,0.00560,coast:0.320,13.4655,13.4958,0.0303,0.7964,guidance,0,3
97.306,13.3896,-0.01680,0.00568,coast:0.320,12.9668,13.3896,0.4227,0.7532,guidance,0,3
97.406,13.2856,-0.01658,0.00634,coast:0.320,12.9668,13.2856,0.3188,0.8271,guidance,0,3
97.505,13.1987,-0.01642,0.00496,coast:0.320,12.9668,13.1987,0.2318,0.8457,guidance,0,3
97.604,13.1026,-0.01662,0.00538,coast:0.320,12.9668,13.1026,0.1358,0.8163,guidance,0,3
97.705,12.9917,-0.01624,0.00497,coast:0.320,12.9668,12.9917,0.0249,0.6936,guidance,0,3
97.807,12.8793,-0.01615,0.00501,pulse:0+5:0.320,12.4752,12.8793,0.4040,0.7823,guidance,0,3
97.906,12.7880,-0.01652,0.00477,pulse:0+5:0.320,12.4752,12.7880,0.3128,0.7176,guidance,0,3
98.008,12.6816,-0.01639,0.00348,pulse:0+5:0.320,12.4752,12.6816,0.2064,0.7815,guidance,0,3
98.105,12.5978,-0.01593,0.00147,pulse:0+5:0.320,12.4752,12.5978,0.1226,0.6854,guidance,0,3
98.207,12.4912,-0.01652,0.00140,pulse:0+5:0.320,12.4752,12.4912,0.0160,0.6859,guidance,0,3
98.305,12.4106,-0.01576,0.00189,pulse:0+5:0.320,12.4752,12.4106,-0.0647,0.7828,guidance,0,3
98.404,12.3272,-0.01626,0.00194,pulse:1+4:0.320,11.9146,12.3272,0.4126,0.7123,guidance,0,3
98.506,12.2194,-0.01570,0.00188,pulse:1+4:0.320,11.9146,12.2194,0.3048,0.8299,guidance,0,3
98.605,12.1269,-0.01610,0.00132,pulse:1+4:0.320,11.9146,12.1269,0.2123,0.8701,guidance,0,3
98.702,12.0543,-0.01627,0.00322,pulse:1+4:0.320,11.9146,12.0543,0.1397,0.7540,guidance,0,3
98.806,11.9733,-0.01646,0.00439,pulse:1+4:0.320,11.9146,11.9733,0.0587,0.7216,guidance,0,3
98.907,11.8713,-0.01564,0.00533,pulse:4:0.160,11.6203,11.8713,0.2509,0.8058,terminal,0,3
99.006,11.7844,-0.01607,0.00515,pulse:4:0.160,11.6203,11.7844,0.1641,0.8212,terminal,0,3
99.108,11.6859,-0.01605,0.00605,pulse:4:0.160,11.6203,11.6859,0.0655,0.6974,terminal,0,3
99.203,11.5826,-0.01648,0.00768,pulse:4:0.160,11.3186,11.5826,0.2639,0.7793,terminal,0,3
99.304,11.4892,-0.01585,0.00751,pulse:4:0.160,11.3186,11.4892,0.1706,0.6538,terminal,0,3
99.403,11.4080,-0.01647,0.00804,pulse:4:0.160,11.3186,11.4080,0.0893,0.7543,terminal,0,3
99.506,11.3123,-0.01609,0.00896,pulse:5:0.160,11.0553,11.3123,0.2570,0.6776,terminal,0,3
99.603,11.2248,-0.01620,0.00906,pulse:5:0.160,11.0553,11.2248,0.1695,0.6617,terminal,0,3
99.706,11.1270,-0.01687,0.00898,pulse:5:0.160,11.0553,11.1270,0.0717,0.7166,terminal,0,3
99.802,11.0316,-0.01573,0.00805,pulse:0:0.160,10.7801,11.0316,0.2516,0.6709,terminal,0,3
99.903,10.9411,-0.01595,0.00756,pulse:0:0.160,10.7801,10.9411,0.1610,0.7846,terminal,0,3
100.007,10.8570,-0.01586,0.00736,pulse:0:0.160,10.7801,10.8570,0.0769,0.7512,terminal,0,3
100.103,10.7676,-0.01617,0.00648,pulse:5:0.160,10.5088,10.7676,0.2588,0.6771,terminal,0,3
100.203,10.7004,-0.01579,0.00601,pulse:5:0.160,10.5088,10.7004,0.1916,0.7350,terminal,0,3
100.307,10.5975,-0.01579,0.00554,pulse:5:0.160,10.5088,10.5975,0.0887,0.8043,terminal,0,3
100.405,10.4777,-0.01598,0.00478,pulse:5:0.160,10.2217,10.4777,0.2560,0.6677,terminal,0,3
100.508,10.3907,-0.01616,0.00465,pulse:5:0.160,10.2217,10.3907,0.1690,0.6917,terminal,0,3
100.606,10.3061,-0.01651,0.00303,pulse:5:0.160,10.2217,10.3061,0.0844,0.6843,terminal,0,3
100.707,10.2147,-0.01628,0.00287,pulse:5:0.160,9.9538,10.2147,0.2609,0.7388,terminal,0,3
100.802,10.1229,-0.01621,0.00296,pulse:5:0.160,9.9538,10.1229,0.1691,0.7960,terminal,0,3
100.904,10.0150,-0.01659,0.00195,pulse:5:0.160,9.9538,10.0150,0.0612,0.7536,terminal,0,3
101.005,9.9263,-0.01603,0.00161,pulse:5:0.160,9.6692,9.9263,0.2571,0.7401,terminal,0,3
101.107,9.8291,-0.01628,0.00215,pulse:5:0.160,9.6692,9.8291,0.1600,0.8195,terminal,0,3
101.204,9.7285,-0.01595,0.00109,pulse:5:0.160,9.6692,9.7285,0.0593,0.7133,terminal,0,3
101.304,9.6463,-0.01583,0.00102,pulse:0:0.160,9.3923,9.6463,0.2539,0.8103,terminal,0,3
101.406,9.5782,-0.01608,0.00104,pulse:0:0.160,9.3923,9.5782,0.1858,0.6718,terminal,0,3
101.504,9.4829,-0.01632,0.00112,pulse:0:0.160,9.3923,9.4829,0.0906,0.6254,terminal,0,3
101.603,9.3704,-0.01578,0.00156,coast:0.080,9.1897,9.3704,0.1808,0.7092,terminal,0,3
101.702,9.2880,-0.01616,0.00128,coast:0.080,9.1897,9.2880,0.0983,0.7936,terminal,0,3
101.808,9.1951,-0.01549,0.00200,coast:0.080,9.1897,9.1951,0.0054,0.6884,terminal,0,3
101.904,9.1189,-0.01523,0.00204,pulse:5:0.160,8.8747,9.1189,0.2442,0.7211,terminal,0,3
102.005,9.0367,-0.01484,0.00232,pulse:5:0.160,8.8747,9.0367,0.1620,0.7056,terminal,0,3
102.104,8.9635,-0.01576,0.00202,pulse:5:0.160,8.8747,8.9635,0.0888,0.7884,terminal,0,3
102.206,8.8580,-0.01570,0.00129,pulse:1:0.160,8.6062,8.8580,0.2518,0.6575,terminal,0,3
102.307,8.7555,-0.01515,0.00165,pulse:1:0.160,8.6062,8.7555,0.1493,0.7892,terminal,0,3
102.402,8.6441,-0.01492,0.00164,pulse:1:0.160,8.6062,8.6441,0.0379,0.8292,terminal,0,3
102.506,8.5434,-0.01587,0.00207,pulse:5:0.160,8.2888,8.5434,0.2546,0.7154,terminal,0,3
102.607,8.4627,-0.01514,0.00212,pulse:5:0.160,8.2888,8.4627,0.1739,0.7591,terminal,0,3
102.706,8.3863,-0.01558,0.00187,pulse:5:0.160,8.2888,8.3863,0.0975,0.6618,terminal,0,3
102.807,8.3010,-0.01519,0.00091,pulse:0:0.160,8.0574,8.3010,0.2436,0.6709,terminal,0,3
102.902,8.2118,-0.01572,0.00105,pulse:0:0.160,8.0574,8.2118,0.1544,0.7809,terminal,0,3
103.007,8.1218,-0.01546,0.00023,pulse:0:0.160,8.0574,8.1218,0.0645,0.7085,terminal,0,3
103.105,8.0280,-0.01540,0.00189,pulse:1+4:0.080,7.8516,8.0280,0.1764,0.7600,terminal,0,3
103.206,7.9599,-0.01560,0.00220,pulse:1+4:0.080,7.8516,7.9599,0.1084,0.7997,terminal,0,3
103.303,7.8896,-0.01594,0.00112,pulse:1+4:0.080,7.8516,7.8896,0.0381,0.6604,terminal,0,3
103.404,7.8064,-0.01566,0.00078,pulse:4:0.160,7.5551,7.8064,0.2512,0.6169,terminal,0,3
103.503,7.6989,-0.01582,0.00128,pulse:4:0.160,7.5551,7.6989,0.1438,0.7557,terminal,0,3
103.604,7.5736,-0.01617,0.00120,pulse:4:0.160,7.5551,7.5736,0.0185,0.7649,terminal,0,3
103.704,7.4831,-0.01655,0.00092,pulse:1:0.160,7.2175,7.4831,0.2656,0.7962,terminal,0,3
103.806,7.3827,-0.01610,0.00028,pulse:1:0.160,7.2175,7.3827,0.1651,0.7982,terminal,0,3
103.904,7.2882,-0.01615,0.00051,pulse:1:0.160,7.2175,7.2882,0.0707,0.7394,terminal,0,3
104.007,7.1904,-0.01661,0.00164,coast:0.040,7.0382,7.1904,0.1522,0.6720,terminal,0,3
104.103,7.1182,-0.01574,0.00146,coast:0.040,7.0382,7.1182,0.0800,0.7003,terminal,0,3
104.205,7.0316,-0.01585,0.00076,coast:0.040,7.0382,7.0316,-0.0066,0.6124,terminal,0,3
104.306,6.9389,-0.01687,0.00088,pulse:0:0.080,6.7455,6.9389,0.1933,0.6947,terminal,0,3
104.405,6.8435,-0.01615,0.00055,pulse:0:0.080,6.7455,6.8435,0.0980,0.6735,terminal,0,3
104.505,6.7637,-0.01609,0.00047,pulse:0:0.080,6.7455,6.7637,0.0182,0.6673,terminal,0,3
104.608,6.6592,-0.01609,0.00027,pulse:1+5:0.040,6.5117,6.6592,0.1475,0.6243,terminal,0,3
104.702,6.6010,-0.01522,0.00051,pulse:1+5:0.040,6.5117,6.6010,0.0893,0.6454,terminal,0,3
104.807,6.5066,-0.01578,0.00064,pulse:1+5:0.040,6.5117,6.5066,-0.0051,0.7211,terminal,0,3
104.905,6.4456,-0.01512,0.00124,pulse:5:0.160,6.2031,6.4456,0.2425,0.7967,terminal,0,3
105.004,6.3508,-0.01539,0.00136,pulse:5:0.160,6.2031,6.3508,0.1477,0.6409,terminal,0,3
105.104,6.2372,-0.01538,0.00034,pulse:5:0.160,6.2031,6.2372,0.0341,0.6367,terminal,0,3
105.203,6.1296,-0.01578,0.00040,coast:0.040,5.9850,6.1296,0.1446,0.5860,terminal,0,3
105.306,6.0262,-0.01577,0.00029,coast:0.040,5.9850,6.0262,0.0411,0.5672,terminal,0,3
105.403,5.9496,-0.01563,0.00052,coast:0.040,5.9850,5.9496,-0.0354,0.7010,terminal,0,3
105.506,5.8550,-0.01482,0.00049,pulse:5:0.160,5.6173,5.8550,0.2377,0.7097,terminal,0,3
105.607,5.7804,-0.01532,0.00054,pulse:5:0.160,5.6173,5.7804,0.1631,0.6922,terminal,0,3
105.703,5.6926,-0.01556,0.00083,pulse:5:0.160,5.6173,5.6926,0.0753,0.6454,terminal,0,3
105.806,5.6017,-0.01564,0.00118,pulse:4:0.160,5.3507,5.6017,0.2510,0.6068,terminal,0,3
105.907,5.5140,-0.01526,0.00140,pulse:4:0.160,5.3507,5.5140,0.1633,0.5943,terminal,0,3
106.006,5.4157,-0.01583,0.00107,pulse:4:0.160,5.3507,5.4157,0.0650,0.5685,terminal,0,3
106.104,5.3266,-0.01571,0.00063,pulse:1+4:0.040,5.1826,5.3266,0.1440,0.6836,terminal,0,3
106.202,5.2195,-0.01580,0.00043,pulse:1+4:0.040,5.1826,5.2195,0.0369,0.6637,terminal,0,3
106.303,5.1230,-0.01578,0.00076,pulse:1+4:0.040,5.1826,5.1230,-0.0596,0.7368,terminal,0,3
106.403,5.0346,-0.01536,0.00054,pulse:4:0.160,4.7881,5.0346,0.2465,0.6274,terminal,0,3
106.506,4.9351,-0.01559,0.00103,pulse:4:0.160,4.7881,4.9351,0.1469,0.7572,terminal,0,3
106.604,4.8542,-0.01619,0.00102,pulse:4:0.160,4.7881,4.8542,0.0661,0.7634,terminal,0,3
106.707,4.7496,-0.01604,0.00093,pulse:4:0.160,4.4921,4.7496,0.2574,0.7517,terminal,0,3
106.805,4.6669,-0.01648,0.00177,pulse:4:0.160,4.4921,4.6669,0.1747,0.6481,terminal,0,3
106.905,4.5772,-0.01614,0.00208,pulse:4:0.160,4.4921,4.5772,0.0850,0.6203,terminal,0,3
107.004,4.4918,-0.01563,0.00302,pulse:0:0.160,4.2414,4.4918,0.2505,0.7301,terminal,0,3
107.106,4.3867,-0.01594,0.00304,pulse:0:0.160,4.2414,4.3867,0.1453,0.6986,terminal,0,3
107.204,4.2979,-0.01603,0.00222,pulse:0:0.160,4.2414,4.2979,0.0565,0.6296,terminal,0,3
107.307,4.2047,-0.01569,0.00176,pulse:5:0.160,3.9531,4.2047,0.2516,0.7338,terminal,0,3
107.406,4.0980,-0.01554,0.00049,pulse:5:0.160,3.9531,4.0980,0.1449,0.6967,terminal,0,3
107.503,3.9989,-0.01585,0.00048,pulse:5:0.160,3.9531,3.9989,0.0458,0.6481,terminal,0,3
107.603,3.9033,-0.01626,0.00027,coast:0.040,3.7543,3.9033,0.1490,0.6531,terminal,0,3
107.707,3.8211,-0.01599,0.00071,coast:0.040,3.7543,3.8211,0.0668,0.5735,terminal,0,3
107.807,3.7344,-0.01637,0.00012,coast:0.040,3.7543,3.7344,-0.0199,0.6460,terminal,0,3
107.907,3.6506,-0.01593,0.00013,pulse:5:0.160,3.3950,3.6506,0.2555,0.6873,terminal,0,3
108.002,3.5694,-0.01584,0.00098,pulse:5:0.160,3.3950,3.5694,0.1744,0.7250,terminal,0,3
108.106,3.5049,-0.01585,0.00088,pulse:5:0.160,3.3950,3.5049,0.1099,0.6377,terminal,0,3
108.206,3.4053,-0.01599,0.00119,pulse:1:0.160,3.1489,3.4053,0.2564,0.7042,terminal,0,3
108.308,3.3280,-0.01586,0.00118,pulse:1:0.160,3.1489,3.3280,0.1791,0.6418,terminal,0,3
108.406,3.2621,-0.01552,0.00055,pulse:1:0.160,3.1489,3.2621,0.1132,0.6750,terminal,0,3
108.502,3.1651,-0.01542,0.00186,pulse:0:0.160,2.9178,3.1651,0.2473,0.7366,terminal,0,3
108.602,3.0685,-0.01542,0.00101,pulse:0:0.160,2.9178,3.0685,0.1507,0.6110,terminal,0,3
108.703,2.9624,-0.01524,0.00123,pulse:0:0.160,2.9178,2.9624,0.0446,0.6156,terminal,0,3
108.804,2.8726,-0.01544,0.00143,pulse:1+5:0.040,2.7311,2.8726,0.1415,0.5394,terminal,0,3
108.903,2.7763,-0.01571,0.00157,pulse:1+5:0.040,2.7311,2.7763,0.0452,0.6175,terminal,0,3
109.005,2.6965,-0.01527,0.00105,pulse:1+5:0.040,2.7311,2.6965,-0.0346,0.5503,terminal,0,3
109.107,2.6007,-0.01493,0.00064,pulse:1+5:0.040,2.4639,2.6007,0.1368,0.6729,terminal,0,3
109.204,2.5101,-0.01547,0.00025,pulse:1+5:0.040,2.4639,2.5101,0.0462,0.6866,terminal,0,3
109.307,2.4020,-0.01562,0.00040,pulse:1+5:0.040,2.4639,2.4020,-0.0619,0.5930,terminal,0,3
109.405,2.3154,-0.01547,0.00083,pulse:1:0.120,2.1027,2.3154,0.2127,0.5959,terminal,0,3
109.506,2.2087,-0.01599,0.00035,pulse:1:0.120,2.1027,2.2087,0.1060,0.7338,terminal,0,3
109.604,2.1163,-0.01585,0.00033,pulse:1:0.120,2.1027,2.1163,0.0136,0.7005,terminal,0,3
109.704,2.0522,-0.01572,0.00094,pulse:0:0.120,1.8362,2.0522,0.2160,0.6593,terminal,0,3
109.805,1.9620,-0.01559,0.00108,pulse:0:0.120,1.8362,1.9620,0.1258,0.7392,terminal,0,3
109.907,1.8680,-0.01587,0.00130,pulse:0:0.120,1.8362,1.8680,0.0318,0.5628,terminal,0,3
110.003,1.7818,-0.01562,0.00128,pulse:4:0.120,1.5671,1.7818,0.2147,0.6578,terminal,0,3
110.108,1.6741,-0.01576,0.00170,pulse:4:0.120,1.5671,1.6741,0.1070,0.7073,terminal,0,3
110.203,1.6201,-0.01592,0.00088,pulse:4:0.120,1.5671,1.6201,0.0530,0.7225,terminal,0,3
110.307,1.5362,-0.01590,0.00075,pulse:4:0.120,1.3175,1.5362,0.2187,0.6885,terminal,0,3
110.403,1.4467,-0.01579,0.00139,pulse:4:0.120,1.3175,1.4467,0.1292,0.5810,terminal,0,3
110.506,1.3498,-0.01590,0.00068,pulse:4:0.120,1.3175,1.3498,0.0323,0.5383,terminal,0,3
110.603,1.2593,-0.01570,0.00019,pulse:1:0.120,1.0435,1.2593,0.2159,0.5893,terminal,0,3
110.707,1.1528,-0.01640,0.00072,pulse:1:0.120,1.0435,1.1528,0.1094,0.6461,terminal,0,3
110.807,1.0665,-0.01584,0.00100,pulse:1:0.120,1.0435,1.0665,0.0230,0.5761,terminal,0,3
110.905,0.9853,-0.01556,0.00186,pulse:0:0.120,0.7716,0.9853,0.2137,0.6145,terminal,0,3
111.004,0.9179,-0.01548,0.00269,pulse:0:0.120,0.7716,0.9179,0.1463,0.5734,terminal,0,3
111.107,0.8278,-0.01568,0.00160,pulse:0:0.120,0.7716,0.8278,0.0562,0.6170,terminal,0,3
111.207,0.7479,-0.01544,0.00189,pulse:0:0.120,0.5360,0.7479,0.2120,0.6576,terminal,0,3
111.308,0.6399,-0.01568,0.00114,pulse:0:0.120,0.5360,0.6399,0.1040,0.7109,terminal,0,3
111.408,0.5435,-0.01590,0.00105,pulse:0:0.120,0.5360,0.5435,0.0075,0.6895,terminal,0,3
111.508,0.4508,-0.01601,0.00072,pulse:2:0.120,0.2329,0.4508,0.2180,0.6123,terminal,0,3
111.604,0.3774,-0.01645,0.00127,pulse:2:0.120,0.2329,0.3774,0.1445,0.5418,terminal,0,3
111.706,0.2830,-0.01530,0.00048,pulse:2:0.120,0.2329,0.2830,0.0502,0.6225,terminal,0,3
111.804,0.1979,-0.01487,0.00084,pulse:2:0.120,0.0133,0.1979,0.1846,0.6773,terminal,0,3
111.906,0.1125,-0.01459,0.00416,pulse:2:0.120,0.0133,0.1125,0.0992,0.5408,terminal,0,3
112.006,0.0411,-0.01235,0.00772,pulse:2:0.120,0.0133,0.0411,0.0278,0.5506,terminal,0,3
112.105,0.0322,0.01061,0.00997,pulse:2:0.120,0.2231,0.0322,-0.1909,0.6376,terminal,0,3
112.203,0.1092,0.01388,0.00351,pulse:2:0.120,0.2231,0.1092,-0.1139,0.6814,terminal,0,3
112.305,0.1889,0.01375,0.00176,pulse:2:0.120,0.2231,0.1889,-0.0343,0.5872,terminal,0,3
112.407,0.2792,0.01295,0.00025,pulse:2:0.120,0.4555,0.2792,-0.1764,0.6005,terminal,0,3
112.504,0.3728,0.01385,0.00042,pulse:2:0.120,0.4555,0.3728,-0.0827,0.7028,terminal,0,3
112.602,0.4511,0.01326,0.00033,pulse:2:0.120,0.4555,0.4511,-0.0044,0.5630,terminal,0,3
112.707,0.5187,0.01238,0.00116,pulse:2:0.120,0.6874,0.5187,-0.1687,0.5103,terminal,0,3
112.803,0.5837,0.01257,0.00142,pulse:2:0.120,0.6874,0.5837,-0.1036,0.6558,terminal,0,3
112.907,0.6425,0.01199,0.00177,pulse:2:0.120,0.6874,0.6425,-0.0449,0.5904,terminal,0,3
113.007,0.7325,0.01213,0.00144,pulse:2:0.120,0.8979,0.7325,-0.1654,0.6686,terminal,0,3
113.106,0.7985,0.01221,0.00212,pulse:2:0.120,0.8979,0.7985,-0.0994,0.6993,terminal,0,3
113.202,0.8528,0.01185,0.00216,pulse:2:0.120,0.8979,0.8528,-0.0451,0.5652,terminal,0,3
113.306,0.9233,0.01181,0.00233,pulse:2:0.120,1.0846,0.9233,-0.1613,0.6225,terminal,0,3
113.404,1.0040,0.01210,0.00181,pulse:2:0.120,1.0846,1.0040,-0.0806,0.5971,terminal,0,3
113.508,1.0713,0.01088,0.00276,pulse:2:0.120,1.0846,1.0713,-0.0133,0.5512,terminal,0,3
113.603,1.1351,0.01109,0.00239,pulse:2:0.120,1.2865,1.1351,-0.1514,0.6370,terminal,0,3
113.705,1.1956,0.01091,0.00217,pulse:2:0.120,1.2865,1.1956,-0.0909,0.6949,terminal,0,3
113.803,1.2500,0.01063,0.00222,pulse:2:0.120,1.2865,1.2500,-0.0365,0.5804,terminal,0,3
113.903,1.3342,0.01136,0.00266,pulse:2:0.120,1.4894,1.3342,-0.1552,0.5599,terminal,0,3
114.002,1.3872,0.01030,0.00282,pulse:2:0.120,1.4894,1.3872,-0.1022,0.6144,terminal,0,3
114.105,1.4566,0.00996,0.00337,pulse:2:0.120,1.4894,1.4566,-0.0328,0.5680,terminal,0,3
114.203,1.5151,0.01027,0.00306,pulse:2:0.120,1.6555,1.5151,-0.1404,0.6065,terminal,0,3
114.304,1.5672,0.00968,0.00232,pulse:2:0.120,1.6555,1.5672,-0.0883,0.5999,terminal,0,3
114.405,1.6273,0.00991,0.00265,pulse:2:0.120,1.6555,1.6273,-0.0282,0.6363,terminal,0,3
114.503,1.6955,0.00922,0.00304,pulse:2:0.120,1.8216,1.6955,-0.1260,0.6600,terminal,0,3
114.603,1.7472,0.00917,0.00308,pulse:2:0.120,1.8216,1.7472,-0.0744,0.5629,terminal,0,3
114.707,1.7933,0.00907,0.00298,pulse:2:0.120,1.8216,1.7933,-0.0282,0.4902,terminal,0,3
114.806,1.8637,0.00937,0.00252,pulse:2:0.120,1.9916,1.8637,-0.1279,0.4794,terminal,0,3
114.902,1.9077,0.00870,0.00300,pulse:2:0.120,1.9916,1.9077,-0.0839,0.4928,terminal,0,3
115.003,1.9501,0.00777,0.00316,pulse:2:0.120,1.9916,1.9501,-0.0415,0.6091,terminal,0,3
115.106,1.9989,0.00780,0.00322,pulse:0:0.120,2.1059,1.9989,-0.1069,0.6797,terminal,0,3
115.207,2.0504,0.00808,0.00311,pulse:0:0.120,2.1059,2.0504,-0.0555,0.5752,terminal,0,3
115.305,2.0996,0.00807,0.00211,pulse:0:0.120,2.1059,2.0996,-0.0062,0.6764,terminal,0,3
115.405,2.1420,0.00746,0.00183,pulse:0:0.120,2.2438,2.1420,-0.1018,0.6716,terminal,0,3
115.506,2.1673,0.00768,0.00238,pulse:0:0.120,2.2438,2.1673,-0.0765,0.5819,terminal,0,3
115.606,2.2122,0.00768,0.00146,pulse:0:0.120,2.2438,2.2122,-0.0316,0.6680,terminal,0,3
115.707,2.2401,0.00712,0.00162,pulse:0:0.120,2.3372,2.2401,-0.0971,0.5778,terminal,0,3
115.802,2.2853,0.00703,0.00179,pulse:0:0.120,2.3372,2.2853,-0.0519,0.5460,terminal,0,3
115.907,2.3274,0.00747,0.00265,pulse:0:0.120,2.3372,2.3274,-0.0098,0.6169,terminal,0,3
116.004,2.3646,0.00673,0.00220,pulse:0:0.120,2.4566,2.3646,-0.0920,0.6193,terminal,0,3
116.106,2.4073,0.00777,0.00220,pulse:0:0.120,2.4566,2.4073,-0.0493,0.5782,terminal,0,3
116.204,2.4482,0.00724,0.00267,pulse:0:0.120,2.4566,2.4482,-0.0083,0.5324,terminal,0,3
116.304,2.4852,0.00665,0.00297,pulse:2:0.120,2.5759,2.4852,-0.0908,0.6340,terminal,0,3
116.408,2.5391,0.00713,0.00261,pulse:2:0.120,2.5759,2.5391,-0.0369,0.5120,terminal,0,3
116.505,2.5799,0.00686,0.00348,pulse:2:0.120,2.5759,2.5799,0.0039,0.6630,terminal,0,3
116.607,2.6330,0.00710,0.00258,pulse:0:0.120,2.7301,2.6330,-0.0971,0.6532,terminal,0,3
116.705,2.6788,0.00743,0.00272,pulse:0:0.120,2.7301,2.6788,-0.0512,0.6774,terminal,0,3
116.807,2.7001,0.00672,0.00282,pulse:0:0.120,2.7301,2.7001,-0.0300,0.6736,terminal,0,3
116.906,2.7615,0.00681,0.00255,pulse:2:0.120,2.8542,2.7615,-0.0927,0.6825,terminal,0,3
117.004,2.8146,0.00746,0.00270,pulse:2:0.120,2.8542,2.8146,-0.0396,0.5997,terminal,0,3
117.105,2.8440,0.00675,0.00374,pulse:2:0.120,2.8542,2.8440,-0.0103,0.6811,terminal,0,3
117.206,2.8978,0.00642,0.00264,pulse:2:0.120,2.9853,2.8978,-0.0875,0.6514,terminal,0,3
117.303,2.9243,0.00642,0.00267,pulse:2:0.120,2.9853,2.9243,-0.0610,0.5646,terminal,0,3
117.403,2.9725,0.00690,0.00348,pulse:2:0.120,2.9853,2.9725,-0.0128,0.5659,terminal,0,3
117.508,3.0084,0.00652,0.00337,pulse:0:0.160,3.1119,3.0084,-0.1035,0.6197,terminal,0,3
117.604,3.0546,0.00617,0.00315,pulse:0:0.160,3.1119,3.0546,-0.0573,0.4969,terminal,0,3
117.703,3.0947,0.00615,0.00321,pulse:0:0.160,3.1119,3.0947,-0.0172,0.6301,terminal,0,3
117.804,3.1371,0.00637,0.00282,pulse:0:0.160,3.2380,3.1371,-0.1009,0.6701,terminal,0,3
117.904,3.1480,0.00579,0.00249,pulse:0:0.160,3.2380,3.1480,-0.0901,0.5545,terminal,0,3
118.002,3.1721,0.00572,0.00283,pulse:0:0.160,3.2380,3.1721,-0.0659,0.6624,terminal,0,3
118.106,3.2211,0.00535,0.00309,pulse:2:0.160,3.3054,3.2211,-0.0843,0.5597,terminal,0,3
118.207,3.2577,0.00548,0.00301,pulse:2:0.160,3.3054,3.2577,-0.0478,0.6494,terminal,0,3
118.304,3.2734,0.00543,0.00323,pulse:2:0.160,3.3054,3.2734,-0.0320,0.5590,terminal,0,3
118.404,3.2990,0.00508,0.00347,pulse:2:0.160,3.3791,3.2990,-0.0801,0.5048,terminal,0,3
118.505,3.3236,0.00465,0.00292,pulse:2:0.160,3.3791,3.3236,-0.0555,0.5522,terminal,0,3
118.603,3.3550,0.00449,0.00367,pulse:2:0.160,3.3791,3.3550,-0.0241,0.5256,terminal,0,3
118.705,3.3760,0.00383,0.00344,pulse:0:0.160,3.4364,3.3760,-0.0604,0.6150,terminal,0,3
118.807,3.3879,0.00373,0.00313,pulse:0:0.160,3.4364,3.3879,-0.0485,0.5066,terminal,0,3
118.907,3.4043,0.00366,0.00416,pulse:0:0.160,3.4364,3.4043,-0.0321,0.4842,terminal,0,3
119.005,3.4182,0.00361,0.00441,pulse:2:0.160,3.4749,3.4182,-0.0567,0.5369,terminal,0,3
119.107,3.4295,0.00354,0.00417,pulse:2:0.160,3.4749,3.4295,-0.0453,0.4519,terminal,0,3
119.206,3.4381,0.00302,0.00522,pulse:2:0.160,3.4749,3.4381,-0.0368,0.4649,terminal,0,3
119.258,3.4445,0.00302,0.00437,pulse:2:0.160,3.4900,3.4445,-0.0454,0.4681,terminal,0,3
119.404,3.4482,0.00297,0.00455,pulse:2:0.160,3.4900,3.4482,-0.0418,0.5243,terminal,0,3
119.507,3.4740,0.00251,0.00556,pulse:4:0.160,3.5122,3.4740,-0.0382,0.5107,terminal,0,3
119.602,3.4859,0.00291,0.00499,pulse:4:0.160,3.5122,3.4859,-0.0263,0.5668,terminal,0,3
119.707,3.4986,0.00286,0.00506,pulse:4:0.160,3.5122,3.4986,-0.0136,0.6032,terminal,0,3
119.804,3.5034,0.00233,0.00429,pulse:4:0.160,3.5401,3.5034,-0.0366,0.6263,terminal,0,3
119.903,3.5155,0.00205,0.00466,pulse:4:0.160,3.5401,3.5155,-0.0246,0.5760,terminal,0,3
120.006,3.5212,0.00218,0.00326,pulse:4:0.160,3.5401,3.5212,-0.0189,0.6042,terminal,0,3
120.104,3.5432,0.00207,0.00352,pulse:4:0.160,3.5753,3.5432,-0.0321,0.6308,terminal,0,3
120.204,3.5447,0.00172,0.00298,pulse:4:0.160,3.5753,3.5447,-0.0306,0.6112,terminal,0,3
120.305,3.5590,0.00160,0.00207,pulse:4:0.160,3.5753,3.5590,-0.0163,0.5651,terminal,0,3
120.406,3.5928,0.00191,0.00197,pulse:4:0.160,3.6220,3.5928,-0.0292,0.4656,terminal,0,3
120.503,3.6103,0.00160,0.00135,pulse:4:0.160,3.6220,3.6103,-0.0118,0.5713,terminal,0,3
120.604,3.6290,0.00186,0.00146,pulse:4:0.160,3.6220,3.6290,0.0069,0.5087,terminal,0,3
120.706,3.6332,0.00101,0.00079,pulse:0:0.160,3.6481,3.6332,-0.0149,0.5264,terminal,0,3
120.803,3.6518,0.00096,0.00103,pulse:0:0.160,3.6481,3.6518,0.0038,0.4827,terminal,0,3
120.906,3.6713,0.00088,0.00038,pulse:0:0.160,3.6481,3.6713,0.0232,0.5743,terminal,0,3
121.006,3.6793,0.00105,0.00139,pulse:2:0.160,3.6944,3.6793,-0.0151,0.4702,terminal,0,3
121.106,3.6972,0.00125,0.00125,pulse:2:0.160,3.6944,3.6972,0.0028,0.5398,terminal,0,3
121.205,3.6957,0.00115,0.00127,pulse:2:0.160,3.6944,3.6957,0.0013,0.5231,terminal,0,3
121.306,3.6989,0.00010,0.00146,pulse:0:0.160,3.6992,3.6989,-0.0003,0.5034,terminal,0,3
121.407,3.6708,0.00028,0.00179,pulse:0:0.160,3.6992,3.6708,-0.0284,0.4406,terminal,0,3
121.504,3.6499,0.00101,0.00208,pulse:0:0.160,3.6992,3.6499,-0.0493,0.5395,terminal,0,3
121.606,3.6504,0.00004,0.00239,pulse:4:0.160,3.6496,3.6504,0.0008,0.6217,terminal,0,3
121.704,3.6326,0.00021,0.00196,pulse:4:0.160,3.6496,3.6326,-0.0170,0.5742,terminal,0,3
121.803,3.6275,-0.00011,0.00146,pulse:4:0.160,3.6496,3.6275,-0.0221,0.5581,terminal,0,3
121.903,3.6456,-0.00026,0.00062,pulse:4:0.160,3.6399,3.6456,0.0057,0.5873,terminal,0,3
122.006,3.6601,-0.00029,0.00045,pulse:4:0.160,3.6399,3.6601,0.0202,0.4898,terminal,0,3
122.107,3.6538,-0.00104,0.00074,pulse:4:0.160,3.6399,3.6538,0.0139,0.4669,terminal,0,3
122.206,3.6460,-0.00100,0.00115,pulse:0:0.160,3.6287,3.6460,0.0173,0.4405,terminal,0,3
122.305,3.6314,-0.00158,0.00161,pulse:0:0.160,3.6287,3.6314,0.0028,0.4683,terminal,0,3
122.404,3.6174,-0.00141,0.00111,pulse:0:0.160,3.6287,3.6174,-0.0113,0.4564,terminal,0,3
122.505,3.6129,-0.00136,0.00121,pulse:2:0.160,3.5893,3.6129,0.0235,0.5531,terminal,0,3
122.603,3.6028,-0.00093,0.00126,pulse:2:0.160,3.5893,3.6028,0.0134,0.4574,terminal,0,3
122.702,3.5918,-0.00168,0.00078,pulse:2:0.160,3.5893,3.5918,0.0025,0.4923,terminal,0,3
122.807,3.5847,-0.00152,0.00022,pulse:0:0.160,3.5589,3.5847,0.0258,0.5733,terminal,0,3
122.905,3.5848,-0.00166,0.00029,pulse:0:0.160,3.5589,3.5848,0.0259,0.5904,terminal,0,3
123.003,3.5853,-0.00204,0.00020,pulse:0:0.160,3.5589,3.5853,0.0264,0.5122,terminal,0,3
123.103,3.5589,-0.00198,0.00125,pulse:2:0.160,3.5256,3.5589,0.0334,0.4863,terminal,0,3
123.208,3.5395,-0.00194,0.00093,pulse:2:0.160,3.5256,3.5395,0.0140,0.5929,terminal,0,3
123.303,3.5350,-0.00212,0.00132,pulse:2:0.160,3.5256,3.5350,0.0095,0.5330,terminal,0,3
123.406,3.5128,-0.00253,0.00108,pulse:4:0.160,3.4708,3.5128,0.0420,0.5560,terminal,0,3
123.503,3.4848,-0.00265,0.00168,pulse:4:0.160,3.4708,3.4848,0.0140,0.5158,terminal,0,3
123.557,3.4901,-0.00279,0.00040,pulse:4:0.160,3.4708,3.4901,0.0193,0.5074,terminal,0,3
123.702,3.4944,-0.00250,0.00054,pulse:4:0.160,3.4527,3.4944,0.0416,0.5211,terminal,0,3
123.802,3.4829,-0.00269,0.00068,pulse:4:0.160,3.4527,3.4829,0.0301,0.4749,terminal,0,3
123.903,3.4510,-0.00315,0.00084,pulse:4:0.160,3.4527,3.4510,-0.0017,0.4159,terminal,0,3
124.005,3.4354,-0.00394,0.00149,pulse:0:0.160,3.3711,3.4354,0.0643,0.3865,terminal,0,3
124.104,3.4007,-0.00355,0.00191,pulse:0:0.160,3.3711,3.4007,0.0296,0.3707,terminal,0,3
124.204,3.3660,-0.00388,0.00209,pulse:0:0.160,3.3711,3.3660,-0.0051,0.3833,terminal,0,3
124.305,3.3652,-0.00320,0.00195,pulse:2:0.160,3.3123,3.3652,0.0529,0.4639,terminal,0,3
124.402,3.3368,-0.00388,0.00204,pulse:2:0.160,3.3123,3.3368,0.0245,0.4715,terminal,0,3
124.506,3.3232,-0.00455,0.00114,pulse:2:0.160,3.3123,3.3232,0.0109,0.3924,terminal,0,3
124.602,3.2741,-0.00436,0.00108,pulse:2:0.160,3.2025,3.2741,0.0716,0.4942,terminal,0,3
124.704,3.2477,-0.00458,0.00103,pulse:2:0.160,3.2025,3.2477,0.0452,0.4074,terminal,0,3
124.805,3.2212,-0.00419,0.00019,pulse:2:0.160,3.2025,3.2212,0.0187,0.5218,terminal,0,3
124.906,3.1899,-0.00483,0.00101,pulse:4:0.160,3.1110,3.1899,0.0789,0.3976,terminal,0,3
125.008,3.1608,-0.00519,0.00052,pulse:4:0.160,3.1110,3.1608,0.0499,0.4663,terminal,0,3
125.102,3.1360,-0.00514,0.00089,pulse:4:0.160,3.1110,3.1360,0.0251,0.5075,terminal,0,3
125.205,3.1123,-0.00534,0.00133,pulse:2:0.160,3.0250,3.1123,0.0873,0.4913,terminal,0,3
125.305,3.0656,-0.00566,0.00146,pulse:2:0.160,3.0250,3.0656,0.0406,0.5023,terminal,0,3
125.402,3.0548,-0.00547,0.00132,pulse:2:0.160,3.0250,3.0548,0.0299,0.5564,terminal,0,3
125.508,3.0164,-0.00609,0.00168,pulse:0:0.160,2.9175,3.0164,0.0989,0.4887,terminal,0,3
125.603,2.9947,-0.00533,0.00171,pulse:0:0.160,2.9175,2.9947,0.0772,0.4628,terminal,0,3
125.703,2.9600,-0.00622,0.00082,pulse:0:0.160,2.9175,2.9600,0.0425,0.4526,terminal,0,3
125.806,2.9216,-0.00669,0.00053,pulse:2:0.120,2.8287,2.9216,0.0929,0.4025,terminal,0,3
125.908,2.9012,-0.00613,0.00052,pulse:2:0.120,2.8287,2.9012,0.0724,0.4087,terminal,0,3
126.008,2.8665,-0.00631,0.00005,pulse:2:0.120,2.8287,2.8665,0.0377,0.5113,terminal,0,3
126.105,2.8437,-0.00672,0.00019,pulse:2:0.120,2.7504,2.8437,0.0933,0.4400,terminal,0,3
126.208,2.8021,-0.00624,0.00068,pulse:2:0.120,2.7504,2.8021,0.0517,0.5157,terminal,0,3
126.304,2.7808,-0.00692,0.00060,pulse:2:0.120,2.7504,2.7808,0.0305,0.4672,terminal,0,3
126.403,2.7449,-0.00722,0.00183,pulse:0:0.120,2.6451,2.7449,0.0998,0.4984,terminal,0,3
126.506,2.7086,-0.00689,0.00187,pulse:0:0.120,2.6451,2.7086,0.0635,0.5449,terminal,0,3
126.605,2.6565,-0.00743,0.00101,pulse:0:0.120,2.6451,2.6565,0.0114,0.5477,terminal,0,3
126.708,2.6082,-0.00744,0.00143,pulse:0:0.120,2.5053,2.6082,0.1029,0.5757,terminal,0,3
126.808,2.5603,-0.00698,0.00100,pulse:0:0.120,2.5053,2.5603,0.0550,0.4960,terminal,0,3
126.908,2.5150,-0.00783,0.00146,pulse:0:0.120,2.5053,2.5150,0.0096,0.4515,terminal,0,3
127.004,2.4699,-0.00735,0.00110,pulse:4:0.120,2.3681,2.4699,0.1017,0.4371,terminal,0,3
127.103,2.4400,-0.00780,0.00132,pulse:4:0.120,2.3681,2.4400,0.0719,0.5060,terminal,0,3
127.203,2.3817,-0.00761,0.00038,pulse:4:0.120,2.3681,2.3817,0.0136,0.4047,terminal,0,3
127.307,2.3294,-0.00758,0.00081,pulse:0:0.120,2.2244,2.3294,0.1050,0.4764,terminal,0,3
127.407,2.2925,-0.00801,0.00019,pulse:0:0.120,2.2244,2.2925,0.0681,0.4252,terminal,0,3
127.504,2.2650,-0.00824,0.00017,pulse:0:0.120,2.2244,2.2650,0.0405,0.4035,terminal,0,3
127.607,2.2183,-0.00812,0.00110,pulse:0:0.120,2.1060,2.2183,0.1123,0.4685,terminal,0,3
127.703,2.1661,-0.00802,0.00086,pulse:0:0.120,2.1060,2.1661,0.0601,0.5296,terminal,0,3
127.807,2.1141,-0.00835,0.00104,pulse:0:0.120,2.1060,2.1141,0.0081,0.5327,terminal,0,3
127.907,2.0560,-0.00817,0.00244,pulse:4:0.120,1.9433,2.0560,0.1127,0.4469,terminal,0,3
128.003,2.0062,-0.00834,0.00178,pulse:4:0.120,1.9433,2.0062,0.0629,0.5178,terminal,0,3
128.104,1.9662,-0.00838,0.00128,pulse:4:0.120,1.9433,1.9662,0.0229,0.4730,terminal,0,3
128.203,1.9273,-0.00853,0.00178,pulse:2+4:0.040,1.8492,1.9273,0.0781,0.3609,terminal,0,3
128.307,1.8759,-0.00896,0.00141,pulse:2+4:0.040,1.8492,1.8759,0.0267,0.3691,terminal,0,3
128.405,1.8162,-0.00870,0.00148,pulse:2+4:0.040,1.8492,1.8162,-0.0329,0.4932,terminal,0,3
128.507,1.7675,-0.00866,0.00113,pulse:2:0.120,1.6481,1.7675,0.1194,0.4189,terminal,0,3
128.607,1.7211,-0.00827,0.00145,pulse:2:0.120,1.6481,1.7211,0.0729,0.5269,terminal,0,3
128.705,1.6632,-0.00853,0.00097,pulse:2:0.120,1.6481,1.6632,0.0151,0.4107,terminal,0,3
128.804,1.6147,-0.00901,0.00076,pulse:2:0.120,1.4905,1.6147,0.1242,0.4733,terminal,0,3
128.905,1.5525,-0.00874,0.00063,pulse:2:0.120,1.4905,1.5525,0.0620,0.4085,terminal,0,3
129.007,1.5074,-0.00892,0.00032,pulse:2:0.120,1.4905,1.5074,0.0169,0.3473,terminal,0,3
129.107,1.4400,-0.00943,0.00078,pulse:0:0.120,1.3102,1.4400,0.1298,0.4924,terminal,0,3
129.206,1.3812,-0.00960,0.00134,pulse:0:0.120,1.3102,1.3812,0.0710,0.4573,terminal,0,3
129.303,1.3211,-0.00992,0.00052,pulse:0:0.120,1.3102,1.3211,0.0109,0.5217,terminal,0,3
129.407,1.2773,-0.00972,0.00097,pulse:4:0.120,1.1434,1.2773,0.1339,0.4331,terminal,0,3
129.507,1.2459,-0.00949,0.00114,pulse:4:0.120,1.1434,1.2459,0.1024,0.5067,terminal,0,3
129.602,1.1681,-0.00964,0.00011,pulse:4:0.120,1.1434,1.1681,0.0246,0.4329,terminal,0,3
129.703,1.1049,-0.01029,0.00047,pulse:2:0.120,0.9631,1.1049,0.1418,0.4230,terminal,0,3
129.804,1.0351,-0.01014,0.00098,pulse:2:0.120,0.9631,1.0351,0.0720,0.4203,terminal,0,3
129.908,0.9560,-0.01085,0.00022,pulse:2:0.120,0.9631,0.9560,-0.0070,0.4414,terminal,0,3
130.006,0.8813,-0.01085,0.00035,pulse:0:0.120,0.7318,0.8813,0.1495,0.3637,terminal,0,3
130.106,0.8220,-0.01027,0.00064,pulse:0:0.120,0.7318,0.8220,0.0902,0.3406,terminal,0,3
130.205,0.7377,-0.01157,0.00077,pulse:0:0.120,0.7318,0.7377,0.0059,0.4240,terminal,0,3
130.306,0.6663,-0.01088,0.00204,pulse:2:0.120,0.5172,0.6663,0.1491,0.5033,terminal,0,3
130.403,0.6300,-0.01150,0.00128,pulse:2:0.120,0.5172,0.6300,0.1129,0.4054,terminal,0,3
130.503,0.5867,-0.01187,0.00199,pulse:2:0.120,0.5172,0.5867,0.0695,0.4243,terminal,0,3
130.605,0.5296,-0.01144,0.00101,pulse:1:0.120,0.3727,0.5296,0.1569,0.4433,terminal,0,3
130.705,0.4443,-0.01207,0.00170,pulse:1:0.120,0.3727,0.4443,0.0717,0.3947,terminal,0,3
130.806,0.4124,-0.01092,0.00028,pulse:1:0.120,0.3727,0.4124,0.0397,0.4280,terminal,0,3
130.907,0.3527,-0.01136,0.00136,pulse:5:0.120,0.1974,0.3527,0.1552,0.4614,terminal,0,3
131.004,0.2865,-0.01128,0.00094,pulse:5:0.120,0.1974,0.2865,0.0890,0.4081,terminal,0,3
131.105,0.2298,-0.01093,0.00174,pulse:5:0.120,0.1974,0.2298,0.0324,0.4791,terminal,0,3
131.206,0.1912,-0.01090,0.00161,pulse:5:0.120,0.0467,0.1912,0.1446,0.4139,terminal,0,3
131.306,0.1207,-0.01000,0.00358,pulse:5:0.120,0.0467,0.1207,0.0740,0.3954,terminal,0,3
131.405,0.0685,-0.00838,0.00639,pulse:5:0.120,0.0467,0.0685,0.0219,0.3194,terminal,0,3
131.503,0.0491,0.00248,0.01086,pulse:1:0.120,0.1705,0.0491,-0.1214,0.3721,terminal,0,3
131.605,0.0979,0.00778,0.00741,pulse:1:0.120,0.1705,0.0979,-0.0726,0.4377,terminal,0,3
131.703,0.1482,0.00971,0.00399,pulse:1:0.120,0.1705,0.1482,-0.0224,0.5174,terminal,0,3
131.804,0.2073,0.00943,0.00339,pulse:1:0.120,0.3399,0.2073,-0.1326,0.5001,terminal,0,3
131.903,0.2638,0.01031,0.00192,pulse:1:0.120,0.3399,0.2638,-0.0761,0.3819,terminal,0,3
132.003,0.3262,0.01042,0.00221,pulse:1:0.120,0.3399,0.3262,-0.0137,0.3844,terminal,0,3
132.106,0.3952,0.01025,0.00266,pulse:5:0.120,0.5373,0.3952,-0.1421,0.4593,terminal,0,3
132.206,0.4437,0.00992,0.00219,pulse:5:0.120,0.5373,0.4437,-0.0936,0.3973,terminal,0,3
132.307,0.5056,0.01008,0.00201,pulse:5:0.120,0.5373,0.5056,-0.0317,0.3271,terminal,0,3
132.405,0.5478,0.00989,0.00149,pulse:5:0.120,0.6840,0.5478,-0.1362,0.3280,terminal,0,3
132.508,0.6225,0.00997,0.00181,pulse:5:0.120,0.6840,0.6225,-0.0615,0.3908,terminal,0,3
132.605,0.6797,0.00996,0.00198,pulse:5:0.120,0.6840,0.6797,-0.0042,0.3955,terminal,0,3
132.706,0.7440,0.01009,0.00178,pulse:1:0.120,0.8830,0.7440,-0.1390,0.3563,terminal,0,3
132.802,0.7951,0.01045,0.00131,pulse:1:0.120,0.8830,0.7951,-0.0879,0.4838,terminal,0,3
132.906,0.8347,0.00920,0.00168,pulse:1:0.120,0.8830,0.8347,-0.0483,0.3676,terminal,0,3
133.003,0.9003,0.01005,0.00231,pulse:1:0.120,1.0390,0.9003,-0.1386,0.4807,terminal,0,3
133.104,0.9712,0.00974,0.00225,pulse:1:0.120,1.0390,0.9712,-0.0678,0.5059,terminal,0,3
133.206,1.0272,0.01033,0.00278,pulse:1:0.120,1.0390,1.0272,-0.0117,0.4286,terminal,0,3
133.307,1.0848,0.01003,0.00243,pulse:5:0.120,1.2232,1.0848,-0.1384,0.4083,terminal,0,3
133.406,1.1254,0.00938,0.00169,pulse:5:0.120,1.2232,1.1254,-0.0977,0.3902,terminal,0,3
133.504,1.1830,0.00953,0.00209,pulse:5:0.120,1.2232,1.1830,-0.0401,0.3415,terminal,0,3
133.606,1.2284,0.01000,0.00175,pulse:1:0.120,1.3661,1.2284,-0.1377,0.4563,terminal,0,3
133.702,1.2778,0.00985,0.00196,pulse:1:0.120,1.3661,1.2778,-0.0883,0.4025,terminal,0,3
133.805,1.3278,0.00967,0.00276,pulse:1:0.120,1.3661,1.3278,-0.0382,0.3169,terminal,0,3
133.905,1.4094,0.01001,0.00283,pulse:5:0.120,1.5475,1.4094,-0.1381,0.3136,terminal,0,3
134.006,1.4588,0.00960,0.00277,pulse:5:0.120,1.5475,1.4588,-0.0887,0.4669,terminal,0,3
134.105,1.5061,0.01001,0.00195,pulse:5:0.120,1.5475,1.5061,-0.0414,0.3383,terminal,0,3
134.205,1.5767,0.01025,0.00262,pulse:1:0.120,1.7181,1.5767,-0.1413,0.2904,terminal,0,3
134.304,1.6240,0.01026,0.00186,pulse:1:0.120,1.7181,1.6240,-0.0941,0.4138,terminal,0,3
134.406,1.6728,0.01004,0.00287,pulse:1:0.120,1.7181,1.6728,-0.0452,0.3779,terminal,0,3
134.504,1.7048,0.01006,0.00352,pulse:0:0.120,1.8438,1.7048,-0.1389,0.4751,terminal,0,3
134.607,1.7839,0.01036,0.00296,pulse:0:0.120,1.8438,1.7839,-0.0599,0.3924,terminal,0,3
134.703,1.8362,0.01019,0.00170,pulse:0:0.120,1.8438,1.8362,-0.0075,0.3617,terminal,0,3
134.805,1.9073,0.00943,0.00162,pulse:4:0.120,2.0371,1.9073,-0.1298,0.4075,terminal,0,3
134.907,1.9760,0.00997,0.00166,pulse:4:0.120,2.0371,1.9760,-0.0611,0.4744,terminal,0,3
135.003,2.0170,0.00995,0.00151,pulse:4:0.120,2.0371,2.0170,-0.0201,0.4994,terminal,0,3
135.103,2.0616,0.00965,0.00062,pulse:4:0.120,2.1944,2.0616,-0.1327,0.3394,terminal,0,3
135.204,2.1233,0.00997,0.00093,pulse:4:0.120,2.1944,2.1233,-0.0711,0.4330,terminal,0,3
135.305,2.1764,0.01030,0.00106,pulse:4:0.120,2.1944,2.1764,-0.0180,0.3257,terminal,0,3
135.405,2.2303,0.01024,0.00174,pulse:5:0.120,2.3713,2.2303,-0.1410,0.4284,terminal,0,3
135.507,2.2916,0.01032,0.00154,pulse:5:0.120,2.3713,2.2916,-0.0797,0.4838,terminal,0,3
135.604,2.3570,0.01000,0.00109,pulse:5:0.120,2.3713,2.3570,-0.0143,0.3830,terminal,0,3
135.706,2.4212,0.00974,0.00092,pulse:0+4:0.040,2.5105,2.4212,-0.0893,0.3972,terminal,0,3
135.807,2.4938,0.01044,0.00189,pulse:0+4:0.040,2.5105,2.4938,-0.0167,0.4383,terminal,0,3
135.904,2.5441,0.00991,0.00085,pulse:0+4:0.040,2.5105,2.5441,0.0336,0.4190,terminal,0,3
136.006,2.6282,0.01006,0.00124,pulse:0:0.120,2.7666,2.6282,-0.1384,0.2984,terminal,0,3
136.103,2.6676,0.00982,0.00114,pulse:0:0.120,2.7666,2.6676,-0.0990,0.3241,terminal,0,3
136.207,2.7319,0.00994,0.00077,pulse:0:0.120,2.7666,2.7319,-0.0347,0.4207,terminal,0,3
136.308,2.7869,0.01012,0.00078,pulse:4:0.120,2.9260,2.7869,-0.1391,0.4256,terminal,0,3
136.407,2.8405,0.01050,0.00072,pulse:4:0.120,2.9260,2.8405,-0.0855,0.4782,terminal,0,3
136.507,2.8939,0.01027,0.00075,pulse:4:0.120,2.9260,2.8939,-0.0320,0.3887,terminal,0,3
136.607,2.9509,0.01042,0.00071,pulse:0:0.120,3.0942,2.9509,-0.1433,0.3251,terminal,0,3
136.708,3.0186,0.01025,0.00106,pulse:0:0.120,3.0942,3.0186,-0.0755,0.2731,terminal,0,3
136.803,3.0749,0.00998,0.00069,pulse:0:0.120,3.0942,3.0749,-0.0192,0.2556,terminal,0,3
136.903,3.1403,0.01038,0.00082,pulse:4:0.160,3.3068,3.1403,-0.1665,0.2829,terminal,0,3
137.007,3.2016,0.00949,0.00093,pulse:4:0.160,3.3068,3.2016,-0.1053,0.3500,terminal,0,3
137.105,3.2613,0.00998,0.00121,pulse:4:0.160,3.3068,3.2613,-0.0455,0.3295,terminal,0,3
137.208,3.3188,0.00978,0.00222,pulse:5:0.160,3.4759,3.3188,-0.1571,0.2938,terminal,0,3
137.306,3.3697,0.00976,0.00217,pulse:5:0.160,3.4759,3.3697,-0.1062,0.3557,terminal,0,3
137.405,3.4205,0.01054,0.00201,pulse:5:0.160,3.4759,3.4205,-0.0554,0.3804,terminal,0,3
137.507,3.4665,0.00992,0.00028,pulse:0:0.160,3.6258,3.4665,-0.1592,0.3570,terminal,0,3
137.605,3.5320,0.00984,0.00132,pulse:0:0.160,3.6258,3.5320,-0.0937,0.4391,terminal,0,3
137.705,3.5962,0.01017,0.00030,pulse:0:0.160,3.6258,3.5962,-0.0295,0.3714,terminal,0,3
137.806,3.6544,0.00983,0.00118,pulse:1:0.080,3.7671,3.6544,-0.1127,0.3496,terminal,0,3
137.906,3.7264,0.01043,0.00170,pulse:1:0.080,3.7671,3.7264,-0.0407,0.3771,terminal,0,3
138.007,3.7776,0.00975,0.00046,pulse:1:0.080,3.7671,3.7776,0.0106,0.3464,terminal,0,3
138.107,3.8543,0.01005,0.00093,pulse:1+5:0.040,3.9464,3.8543,-0.0921,0.3921,terminal,0,3
138.207,3.9275,0.01032,0.00030,pulse:1+5:0.040,3.9464,3.9275,-0.0189,0.4040,terminal,0,3
138.307,3.9910,0.01067,0.00077,pulse:1+5:0.040,3.9464,3.9910,0.0447,0.3114,terminal,0,3
138.405,4.0605,0.00990,0.00026,pulse:0+4:0.040,4.1512,4.0605,-0.0907,0.3458,terminal,0,3
138.507,4.1005,0.01015,0.00066,pulse:0+4:0.040,4.1512,4.1005,-0.0507,0.3019,terminal,0,3
138.607,4.1490,0.01020,0.00077,pulse:0+4:0.040,4.1512,4.1490,-0.0022,0.4251,terminal,0,3
138.706,4.2124,0.00987,0.00126,pulse:1:0.160,4.3708,4.2124,-0.1584,0.3555,terminal,0,3
138.803,4.2687,0.01001,0.00144,pulse:1:0.160,4.3708,4.2687,-0.1021,0.3248,terminal,0,3
138.907,4.3234,0.00996,0.00079,pulse:1:0.160,4.3708,4.3234,-0.0474,0.3230,terminal,0,3
139.005,4.3957,0.01030,0.00112,pulse:5:0.080,4.5138,4.3957,-0.1180,0.3639,terminal,0,3
139.103,4.4573,0.00989,0.00054,pulse:5:0.080,4.5138,4.4573,-0.0564,0.2625,terminal,0,3
139.208,4.5107,0.01036,0.00040,pulse:5:0.080,4.5138,4.5107,-0.0030,0.4123,terminal,0,3
139.307,4.5641,0.00978,0.00054,pulse:4:0.160,4.7210,4.5641,-0.1569,0.3904,terminal,0,3
139.402,4.6184,0.01011,0.00096,pulse:4:0.160,4.7210,4.6184,-0.1027,0.3551,terminal,0,3
139.507,4.6901,0.00986,0.00018,pulse:4:0.160,4.7210,4.6901,-0.0310,0.4237,terminal,0,3
139.602,4.7293,0.00993,0.00098,pulse:1:0.160,4.8886,4.7293,-0.1594,0.3372,terminal,0,3
139.708,4.7853,0.01040,0.00081,pulse:1:0.160,4.8886,4.7853,-0.1034,0.4047,terminal,0,3
139.806,4.8375,0.01032,0.00145,pulse:1:0.160,4.8886,4.8375,-0.0511,0.3452,terminal,0,3
139.905,4.9053,0.01043,0.00164,pulse:0:0.160,5.0727,4.9053,-0.1673,0.4288,terminal,0,3
140.008,4.9593,0.01006,0.00192,pulse:0:0.160,5.0727,4.9593,-0.1134,0.3386,terminal,0,3
140.103,5.0295,0.01075,0.00105,pulse:0:0.160,5.0727,5.0295,-0.0431,0.2596,terminal,0,3
140.203,5.0796,0.01037,0.00064,pulse:1+5:0.040,5.1746,5.0796,-0.0951,0.3192,terminal,0,3
140.306,5.1476,0.00940,0.00112,pulse:1+5:0.040,5.1746,5.1476,-0.0270,0.3959,terminal,0,3
140.406,5.2144,0.00982,0.00048,pulse:1+5:0.040,5.1746,5.2144,0.0397,0.3322,terminal,0,3
140.504,5.2860,0.01029,0.00063,pulse:5:0.160,5.4511,5.2860,-0.1652,0.3086,terminal,0,3
140.605,5.3529,0.01031,0.00046,pulse:5:0.160,5.4511,5.3529,-0.0982,0.4159,terminal,0,3
140.704,5.4061,0.00968,0.00060,pulse:5:0.160,5.4511,5.4061,-0.0450,0.3689,terminal,0,3
140.803,5.4624,0.01054,0.00128,pulse:4:0.080,5.5832,5.4624,-0.1208,0.2536,terminal,0,3
140.905,5.5245,0.01024,0.00105,pulse:4:0.080,5.5832,5.5245,-0.0587,0.3116,terminal,0,3
141.005,5.5628,0.00988,0.00025,pulse:4:0.080,5.5832,5.5628,-0.0204,0.3209,terminal,0,3
141.103,5.6187,0.01038,0.00048,pulse:1+5:0.040,5.7138,5.6187,-0.0952,0.4081,terminal,0,3
141.208,5.6564,0.01023,0.00016,pulse:1+5:0.040,5.7138,5.6564,-0.0575,0.4189,terminal,0,3
141.305,5.7142,0.01043,0.00069,pulse:1+5:0.040,5.7138,5.7142,0.0004,0.3741,terminal,0,3
141.405,5.7748,0.00971,0.00028,pulse:5:0.160,5.9306,5.7748,-0.1558,0.3477,terminal,0,3
141.504,5.8209,0.01018,0.00045,pulse:5:0.160,5.9306,5.8209,-0.1097,0.2514,terminal,0,3
141.607,5.8958,0.01064,0.00078,pulse:5:0.160,5.9306,5.8958,-0.0348,0.2780,terminal,0,3
141.703,5.9556,0.01014,0.00159,pulse:0:0.160,6.1183,5.9556,-0.1627,0.3461,terminal,0,3
141.805,6.0049,0.01050,0.00146,pulse:0:0.160,6.1183,6.0049,-0.1134,0.2595,terminal,0,3
141.905,6.0614,0.01047,0.00148,pulse:0:0.160,6.1183,6.0614,-0.0569,0.2875,terminal,0,3
142.006,6.1310,0.01016,0.00137,pulse:4:0.160,6.2940,6.1310,-0.1630,0.3398,terminal,0,3
142.102,6.1779,0.01008,0.00168,pulse:4:0.160,6.2940,6.1779,-0.1160,0.3931,terminal,0,3
142.203,6.2523,0.01006,0.00101,pulse:4:0.160,6.2940,6.2523,-0.0417,0.2667,terminal,0,3
142.308,6.3102,0.00984,0.00007,pulse:0:0.160,6.4680,6.3102,-0.1578,0.3054,terminal,0,3
142.405,6.3741,0.01039,0.00024,pulse:0:0.160,6.4680,6.3741,-0.0939,0.3028,terminal,0,3
142.504,6.4531,0.01052,0.00116,pulse:0:0.160,6.4680,6.4531,-0.0150,0.3207,terminal,0,3
142.603,6.5236,0.01022,0.00206,pulse:1:0.080,6.6408,6.5236,-0.1172,0.3885,terminal,0,3
142.706,6.5734,0.01064,0.00181,pulse:1:0.080,6.6408,6.5734,-0.0674,0.2965,terminal,0,3
142.805,6.6226,0.01041,0.00046,pulse:1:0.080,6.6408,6.6226,-0.0182,0.3748,terminal,0,3
142.906,6.6829,0.01040,0.00102,pulse:1:0.160,6.8497,6.6829,-0.1669,0.3463,terminal,0,3
143.003,6.7312,0.01032,0.00052,pulse:1:0.160,6.8497,6.7312,-0.1185,0.3189,terminal,0,3
143.104,6.7942,0.01012,0.00045,pulse:1:0.160,6.8497,6.7942,-0.0556,0.3557,terminal,0,3
143.205,6.8674,0.01029,0.00145,pulse:0:0.160,7.0325,6.8674,-0.1651,0.2656,terminal,0,3
143.306,6.9240,0.01082,0.00162,pulse:0:0.160,7.0325,6.9240,-0.1085,0.3183,terminal,0,3
143.407,6.9710,0.00974,0.00126,pulse:0:0.160,7.0325,6.9710,-0.0616,0.3442,terminal,0,3
143.504,7.0274,0.01060,0.00081,pulse:1:0.160,7.1975,7.0274,-0.1701,0.2668,terminal,0,3
143.607,7.0814,0.00990,0.00115,pulse:1:0.160,7.1975,7.0814,-0.1161,0.3476,terminal,0,3
143.708,7.1355,0.00988,0.00068,pulse:1:0.160,7.1975,7.1355,-0.0620,0.3654,terminal,0,3
143.803,7.1804,0.00994,0.00102,pulse:5:0.160,7.3398,7.1804,-0.1594,0.3491,terminal,0,3
143.906,7.2747,0.01069,0.00083,pulse:5:0.160,7.3398,7.2747,-0.0651,0.3632,terminal,0,3
144.007,7.3114,0.00976,0.00091,pulse:5:0.160,7.3398,7.3114,-0.0284,0.2694,terminal,0,3
144.103,7.3506,0.00973,0.00184,pulse:4:0.160,7.5068,7.3506,-0.1562,0.2099,terminal,0,3
144.206,7.3924,0.01043,0.00116,pulse:4:0.160,7.5068,7.3924,-0.1143,0.3457,terminal,0,3
144.307,7.4448,0.01025,0.00084,pulse:4:0.160,7.5068,7.4448,-0.0620,0.3253,terminal,0,3
144.404,7.5045,0.00998,0.00071,pulse:4:0.080,7.6188,7.5045,-0.1143,0.2496,terminal,0,3
144.507,7.5627,0.01003,0.00027,pulse:4:0.080,7.6188,7.5627,-0.0561,0.2555,terminal,0,3
144.607,7.6169,0.00989,0.00043,pulse:4:0.080,7.6188,7.6169,-0.0019,0.2587,terminal,0,3
144.704,7.6791,0.01019,0.00050,pulse:4:0.160,7.8426,7.6791,-0.1635,0.3518,terminal,0,3
144.808,7.7436,0.01010,0.00049,pulse:4:0.160,7.8426,7.7436,-0.0990,0.3788,terminal,0,3
144.903,7.7806,0.01020,0.00156,pulse:4:0.160,7.8426,7.7806,-0.0620,0.3626,terminal,0,3
145.005,7.8460,0.01029,0.00200,pulse:5:0.160,8.0111,7.8460,-0.1651,0.3550,terminal,0,3
145.107,7.9255,0.01044,0.00179,pulse:5:0.160,8.0111,7.9255,-0.0856,0.2641,terminal,0,3
145.207,7.9824,0.01023,0.00162,pulse:5:0.160,8.0111,7.9824,-0.0287,0.1927,terminal,0,3
145.307,8.0495,0.01055,0.00108,pulse:1:0.080,8.1704,8.0495,-0.1209,0.3207,guidance,0,3
145.403,8.1128,0.01058,0.00099,pulse:1:0.080,8.1704,8.1128,-0.0576,0.2669,guidance,0,3
145.505,8.1793,0.01025,0.00085,pulse:1:0.080,8.1704,8.1793,0.0089,0.2026,guidance,0,3
145.608,8.2371,0.01017,0.00115,pulse:1:0.080,8.1704,8.2371,0.0667,0.1918,guidance,0,3
145.706,8.2942,0.01025,0.00064,pulse:1:0.080,8.1704,8.2942,0.1238,0.2355,guidance,0,3
145.807,8.3385,0.00986,0.00034,pulse:1:0.080,8.1704,8.3385,0.1681,0.2268,guidance,0,3
145.905,8.3978,0.00993,0.00094,pulse:5:0.160,8.5571,8.3978,-0.1593,0.2935,terminal,0,3
146.003,8.4379,0.00987,0.00023,pulse:5:0.160,8.5571,8.4379,-0.1193,0.2590,terminal,0,3
146.102,8.5147,0.01016,0.00058,pulse:5:0.160,8.5571,8.5147,-0.0424,0.3481,terminal,0,3
146.203,8.5636,0.00957,0.00123,pulse:1:0.160,8.7171,8.5636,-0.1535,0.2369,terminal,0,3
146.305,8.6216,0.01058,0.00057,pulse:1:0.160,8.7171,8.6216,-0.0955,0.3469,terminal,0,3
146.353,8.6590,0.01000,0.00088,pulse:1:0.160,8.7171,8.6590,-0.0581,0.3703,terminal,0,3
146.503,8.7479,0.01048,0.00226,pulse:0+4:0.080,8.8680,8.7479,-0.1201,0.3532,guidance,0,3
146.606,8.8001,0.01025,0.00267,pulse:0+4:0.080,8.8680,8.8001,-0.0679,0.3119,guidance,0,3
146.707,8.8487,0.00994,0.00178,pulse:0+4:0.080,8.8680,8.8487,-0.0193,0.2946,guidance,0,3
146.804,8.9037,0.00993,0.00162,pulse:0+4:0.080,8.8680,8.9037,0.0357,0.1928,guidance,0,3
146.903,8.9809,0.00979,0.00130,pulse:0+4:0.080,8.8680,8.9809,0.1129,0.2338,guidance,0,3
147.003,9.0233,0.01032,0.00178,pulse:0:0.080,9.1415,9.0233,-0.1182,0.2724,guidance,0,3
147.103,9.0723,0.01042,0.00243,pulse:0:0.080,9.1415,9.0723,-0.0692,0.2190,guidance,0,3
147.204,9.1091,0.00983,0.00108,pulse:0:0.080,9.1415,9.1091,-0.0324,0.1874,guidance,0,3
147.302,9.1789,0.00943,0.00103,pulse:0:0.080,9.1415,9.1789,0.0374,0.3286,guidance,0,3
147.407,9.2376,0.00979,0.00125,pulse:0:0.080,9.1415,9.2376,0.0961,0.2553,guidance,0,3
147.507,9.2922,0.01003,0.00114,pulse:0+4:0.080,9.4072,9.2922,-0.1150,0.3293,guidance,0,3
147.606,9.3416,0.00978,0.00138,pulse:0+4:0.080,9.4072,9.3416,-0.0655,0.2241,guidance,0,3
147.705,9.3936,0.01033,0.00072,pulse:0+4:0.080,9.4072,9.3936,-0.0136,0.3260,guidance,0,3
147.807,9.4251,0.01003,0.00057,pulse:0+4:0.080,9.4072,9.4251,0.0179,0.3708,guidance,0,3
147.905,9.4854,0.01027,0.00111,pulse:0+4:0.080,9.4072,9.4854,0.0782,0.3063,guidance,0,3
148.003,9.5567,0.01013,0.00110,pulse:0+4:0.080,9.4072,9.5567,0.1495,0.2753,guidance,0,3
148.103,9.6259,0.01022,0.00083,pulse:0:0.080,9.7431,9.6259,-0.1172,0.2549,guidance,0,3
148.204,9.6813,0.01006,0.00060,pulse:0:0.080,9.7431,9.6813,-0.0617,0.3436,guidance,0,3
148.308,9.7243,0.01021,0.00060,pulse:0:0.080,9.7431,9.7243,-0.0187,0.2215,guidance,0,3
148.406,9.7918,0.01000,0.00092,pulse:0:0.080,9.7431,9.7918,0.0487,0.2683,guidance,0,3
148.505,9.8734,0.00935,0.00128,pulse:0:0.080,9.7431,9.8734,0.1303,0.3490,guidance,0,3
148.607,9.9371,0.01028,0.00062,pulse:5:0.080,10.0549,9.9371,-0.1178,0.3514,guidance,0,3
148.703,9.9783,0.01024,0.00124,pulse:5:0.080,10.0549,9.9783,-0.0766,0.2346,guidance,0,3
148.802,10.0349,0.00993,0.00074,pulse:5:0.080,10.0549,10.0349,-0.0201,0.2916,guidance,0,3
148.906,10.0994,0.01000,0.00109,pulse:5:0.080,10.0549,10.0994,0.0445,0.3517,guidance,0,3
149.008,10.1385,0.01022,0.00119,pulse:5:0.080,10.0549,10.1385,0.0835,0.3305,guidance,0,3
149.103,10.1923,0.00977,0.00056,pulse:5:0.080,10.0549,10.1923,0.1374,0.2203,guidance,0,3
149.208,10.2623,0.01062,0.00084,pulse:1:0.080,10.3840,10.2623,-0.1217,0.2678,guidance,0,3
149.307,10.3053,0.00943,0.00111,pulse:1:0.080,10.3840,10.3053,-0.0786,0.2534,guidance,0,3
149.403,10.3646,0.01019,0.00026,pulse:1:0.080,10.3840,10.3646,-0.0193,0.2840,guidance,0,3
149.507,10.4194,0.00982,0.00028,pulse:1:0.080,10.3840,10.4194,0.0355,0.2924,guidance,0,3
149.607,10.4727,0.00993,0.00046,pulse:1:0.080,10.3840,10.4727,0.0888,0.3167,guidance,0,3
149.705,10.5456,0.01044,0.00044,pulse:1:0.080,10.3840,10.5456,0.1616,0.1891,guidance,0,3
149.753,10.5655,0.01014,0.00088,pulse:0+5:0.080,10.6817,10.5655,-0.1162,0.3325,guidance,0,3
149.902,10.6486,0.00967,0.00050,pulse:0+5:0.080,10.6817,10.6486,-0.0331,0.2050,guidance,0,3
150.007,10.7045,0.01026,0.00094,pulse:0+5:0.080,10.6817,10.7045,0.0229,0.3026,guidance,0,3
150.106,10.7746,0.00979,0.00169,pulse:0+5:0.080,10.6817,10.7746,0.0929,0.2480,guidance,0,3
150.207,10.8100,0.00999,0.00109,pulse:0+5:0.080,10.6817,10.8100,0.1284,0.2692,guidance,0,3
150.302,10.8554,0.01027,0.00112,pulse:1+4:0.080,10.9731,10.8554,-0.1177,0.3516,guidance,0,3
150.405,10.9136,0.00999,0.00146,pulse:1+4:0.080,10.9731,10.9136,-0.0594,0.2555,guidance,0,3
150.503,10.9680,0.00996,0.00046,pulse:1+4:0.080,10.9731,10.9680,-0.0051,0.2444,guidance,0,3
150.602,11.0461,0.01020,0.00035,pulse:1+4:0.080,10.9731,11.0461,0.0730,0.2305,guidance,0,3
150.706,11.1070,0.00969,0.00076,pulse:1+4:0.080,10.9731,11.1070,0.1339,0.1640,guidance,0,3
150.804,11.1542,0.00969,0.00006,pulse:0:0.160,11.3097,11.1542,-0.1555,0.3108,terminal,0,3
150.904,11.2057,0.00995,0.00115,pulse:0:0.160,11.3097,11.2057,-0.1039,0.3295,terminal,0,3
151.005,11.2499,0.01024,0.00078,pulse:0:0.160,11.3097,11.2499,-0.0598,0.3565,terminal,0,3
151.107,11.3145,0.00994,0.00244,coast:0.080,11.4284,11.3145,-0.1139,0.2021,terminal,0,3
151.203,11.3579,0.01018,0.00172,coast:0.080,11.4284,11.3579,-0.0705,0.3216,terminal,0,3
151.303,11.4282,0.00931,0.00185,coast:0.080,11.4284,11.4282,-0.0002,0.3468,terminal,0,3
151.407,11.5014,0.00917,0.00119,pulse:5:0.160,11.6486,11.5014,-0.1472,0.3637,terminal,0,3
151.508,11.5673,0.01018,0.00126,pulse:5:0.160,11.6486,11.5673,-0.0813,0.3513,terminal,0,3
151.603,11.6152,0.00991,0.00220,pulse:5:0.160,11.6486,11.6152,-0.0334,0.1882,terminal,0,3
151.702,11.6613,0.01000,0.00281,pulse:1+4:0.080,11.7760,11.6613,-0.1147,0.1462,guidance,0,3
151.802,11.7251,0.00986,0.00227,pulse:1+4:0.080,11.7760,11.7251,-0.0508,0.2394,guidance,0,3
151.908,11.7780,0.01007,0.00086,pulse:1+4:0.080,11.7760,11.7780,0.0020,0.2271,guidance,0,3
152.008,11.8359,0.00976,0.00100,pulse:1+4:0.080,11.7760,11.8359,0.0599,0.2895,guidance,0,3
152.104,11.9078,0.00949,0.00074,pulse:1+4:0.080,11.7760,11.9078,0.1319,0.2486,guidance,0,3
152.207,11.9812,0.01007,0.00088,pulse:1+4:0.080,12.0965,11.9812,-0.1153,0.2023,guidance,0,3
152.306,12.0360,0.01009,0.00105,pulse:1+4:0.080,12.0965,12.0360,-0.0605,0.1439,guidance,0,3
152.403,12.0992,0.01011,0.00087,pulse:1+4:0.080,12.0965,12.0992,0.0027,0.1884,guidance,0,3
152.503,12.1659,0.00974,0.00124,pulse:1+4:0.080,12.0965,12.1659,0.0693,0.2166,guidance,0,3
152.603,12.2310,0.01020,0.00070,pulse:1+4:0.080,12.0965,12.2310,0.1344,0.2318,guidance,0,3
152.704,12.2752,0.01018,0.00086,pulse:1+4:0.080,12.0965,12.2752,0.1786,0.2533,guidance,0,3
152.804,12.3312,0.00972,0.00041,pulse:0+4:0.160,12.4872,12.3312,-0.1559,0.2611,guidance,0,3
152.907,12.3842,0.01013,0.00087,pulse:0+4:0.160,12.4872,12.3842,-0.1030,0.2304,guidance,0,3
153.004,12.4526,0.01029,0.00001,pulse:0+4:0.160,12.4872,12.4526,-0.0346,0.2792,guidance,0,3
153.106,12.5092,0.01037,0.00121,pulse:0+4:0.160,12.4872,12.5092,0.0220,0.3062,guidance,0,3
153.205,12.5632,0.01035,0.00179,pulse:0+4:0.160,12.4872,12.5632,0.0761,0.2114,guidance,0,3
153.304,12.6280,0.01031,0.00152,pulse:1:0.160,12.7934,12.6280,-0.1654,0.2923,guidance,0,3
153.405,12.6843,0.00985,0.00156,pulse:1:0.160,12.7934,12.6843,-0.1090,0.2126,guidance,0,3
153.508,12.7531,0.00971,0.00109,pulse:1:0.160,12.7934,12.7531,-0.0402,0.1449,guidance,0,3
153.608,12.8033,0.00972,0.00123,pulse:1:0.160,12.7934,12.8033,0.0100,0.1343,guidance,0,3
153.706,12.8587,0.01025,0.00087,pulse:1:0.160,12.7934,12.8587,0.0654,0.1911,guidance,0,3
153.806,12.9149,0.01046,0.00082,pulse:0:0.160,13.0826,12.9149,-0.1678,0.2341,guidance,0,3
153.906,12.9742,0.01073,0.00131,pulse:0:0.160,13.0826,12.9742,-0.1084,0.1654,guidance,0,3
154.007,13.0282,0.00966,0.00108,pulse:0:0.160,13.0826,13.0282,-0.0545,0.2871,guidance,0,3
154.107,13.0877,0.01036,0.00157,pulse:0:0.160,13.0826,13.0877,0.0051,0.3160,guidance,0,3
154.207,13.1676,0.01055,0.00141,pulse:0:0.160,13.0826,13.1676,0.0850,0.1602,guidance,0,3
154.306,13.2200,0.00996,0.00181,pulse:0:0.160,13.0826,13.2200,0.1373,0.1675,guidance,0,3
154.402,13.2953,0.00956,0.00213,pulse:1:0.160,13.4488,13.2953,-0.1534,0.1247,guidance,0,3
154.503,13.3446,0.01051,0.00182,pulse:1:0.160,13.4488,13.3446,-0.1042,0.1699,guidance,0,3
154.604,13.3980,0.00979,0.00185,pulse:1:0.160,13.4488,13.3980,-0.0507,0.2572,guidance,0,3
154.703,13.4626,0.01058,0.00099,pulse:1:0.160,13.4488,13.4626,0.0139,0.3081,guidance,0,3
154.802,13.5210,0.01012,0.00174,pulse:1:0.160,13.4488,13.5210,0.0722,0.2647,guidance,0,3
154.902,13.5942,0.00981,0.00116,pulse:1:0.160,13.4488,13.5942,0.1454,0.2259,guidance,0,3
155.008,13.6488,0.01034,0.00142,pulse:0+5:0.160,13.8147,13.6488,-0.1659,0.3120,guidance,0,3
155.103,13.6713,0.00978,0.00118,pulse:0+5:0.160,13.8147,13.6713,-0.1434,0.2228,guidance,0,3
155.205,13.7303,0.01027,0.00077,pulse:0+5:0.160,13.8147,13.7303,-0.0844,0.2829,guidance,0,3
155.305,13.7863,0.00995,0.00178,pulse:0+5:0.160,13.8147,13.7863,-0.0284,0.1864,guidance,0,3
155.407,13.8572,0.01034,0.00217,pulse:0+5:0.160,13.8147,13.8572,0.0425,0.1307,guidance,0,3
155.503,13.9020,0.01007,0.00214,pulse:0+5:0.160,13.8147,13.9020,0.0874,0.2114,guidance,0,3
155.605,13.9592,0.01010,0.00222,pulse:1:0.160,14.1213,13.9592,-0.1621,0.2347,guidance,0,3
155.705,14.0052,0.01061,0.00157,pulse:1:0.160,14.1213,14.0052,-0.1161,0.2570,guidance,0,3
155.804,14.0593,0.01034,0.00098,pulse:1:0.160,14.1213,14.0593,-0.0620,0.1782,guidance,0,3
155.906,14.1342,0.01025,0.00038,pulse:1:0.160,14.1213,14.1342,0.0129,0.2001,guidance,0,3
156.003,14.2050,0.00988,0.00010,pulse:1:0.160,14.1213,14.2050,0.0837,0.2428,guidance,0,3
156.105,14.2702,0.00986,0.00076,pulse:1:0.160,14.1213,14.2702,0.1489,0.1676,guidance,0,3
156.205,14.3142,0.01033,0.00033,pulse:4:0.160,14.4798,14.3142,-0.1656,0.2757,guidance,0,3
156.302,14.3722,0.00956,0.00051,pulse:4:0.160,14.4798,14.3722,-0.1076,0.1979,guidance,0,3
156.402,14.4337,0.01054,0.00105,pulse:4:0.160,14.4798,14.4337,-0.0461,0.1740,guidance,0,3
156.505,14.4793,0.00984,0.00095,pulse:4:0.160,14.4798,14.4793,-0.0005,0.1922,guidance,0,3
156.606,14.5186,0.00998,0.00182,pulse:4:0.160,14.4798,14.5186,0.0388,0.1866,guidance,0,3
156.706,14.5815,0.00999,0.00114,pulse:0:0.160,14.7418,14.5815,-0.1604,0.1937,guidance,0,3
156.805,14.6438,0.01030,0.00144,pulse:0:0.160,14.7418,14.6438,-0.0981,0.1350,guidance,0,3
156.903,14.7112,0.00980,0.00059,pulse:0:0.160,14.7418,14.7112,-0.0307,0.1052,guidance,0,3
157.005,14.7909,0.00952,0.00121,pulse:0:0.160,14.7418,14.7909,0.0491,0.2088,guidance,0,3
157.108,14.8534,0.00992,0.00133,pulse:0:0.160,14.7418,14.8534,0.1116,0.2516,guidance,0,3
157.206,14.9206,0.01037,0.00163,pulse:1:0.160,15.0869,14.9206,-0.1663,0.1313,guidance,0,3
157.306,14.9864,0.01033,0.00163,pulse:1:0.160,15.0869,14.9864,-0.1005,0.1826,guidance,0,3
157.405,15.0502,0.00965,0.00099,pulse:1:0.160,15.0869,15.0502,-0.0368,0.1367,guidance,0,3
157.504,15.0998,0.00996,0.00090,pulse:1:0.160,15.0869,15.0998,0.0129,0.1017,guidance,0,3
157.607,15.1623,0.01071,0.00145,pulse:1:0.160,15.0869,15.1623,0.0754,0.1470,guidance,0,3
157.703,15.1770,0.00997,0.00100,pulse:1:0.160,15.0869,15.1770,0.0901,0.1109,guidance,0,3
157.807,15.2211,0.00982,0.00099,pulse:5:0.160,15.3787,15.2211,-0.1576,0.2269,guidance,0,3
157.905,15.2720,0.01043,0.00087,pulse:5:0.160,15.3787,15.2720,-0.1067,0.1853,guidance,0,3
158.007,15.3397,0.00977,0.00094,pulse:5:0.160,15.3787,15.3397,-0.0390,0.2717,guidance,0,3
158.104,15.3846,0.01027,0.00047,pulse:5:0.160,15.3787,15.3846,0.0059,0.1788,guidance,0,3
158.204,15.4323,0.00995,0.00059,pulse:5:0.160,15.3787,15.4323,0.0536,0.1242,guidance,0,3
158.303,15.5019,0.01036,0.00029,pulse:5:0.160,15.3787,15.5019,0.1233,0.1842,guidance,0,3
158.407,15.5618,0.01034,0.00032,pulse:0:0.160,15.7277,15.5618,-0.1659,0.1696,guidance,0,3
158.502,15.6226,0.00974,0.00055,pulse:0:0.160,15.7277,15.6226,-0.1051,0.1551,guidance,0,3
158.603,15.7030,0.01009,0.00098,pulse:0:0.160,15.7277,15.7030,-0.0247,0.2488,guidance,0,3
158.705,15.7501,0.00985,0.00169,pulse:0:0.160,15.7277,15.7501,0.0224,0.1906,guidance,0,3
158.803,15.8241,0.00982,0.00126,pulse:0:0.160,15.7277,15.8241,0.0964,0.1453,guidance,0,3
158.904,15.8787,0.00958,0.00190,pulse:0:0.160,15.7277,15.8787,0.1510,0.2524,guidance,0,3
159.007,15.9278,0.00999,0.00213,pulse:1+4:0.160,16.0881,15.9278,-0.1603,0.1230,guidance,0,3
159.103,15.9907,0.01021,0.00225,pulse:1+4:0.160,16.0881,15.9907,-0.0974,0.2067,guidance,0,3
159.205,16.0496,0.01017,0.00146,pulse:1+4:0.160,16.0881,16.0496,-0.0385,0.2679,guidance,0,3
159.308,16.1234,0.01060,0.00210,pulse:1+4:0.160,16.0881,16.1234,0.0353,0.1448,guidance,0,3
159.403,16.1820,0.01018,0.00204,pulse:1+4:0.160,16.0881,16.1820,0.0939,0.1341,guidance,0,3
159.502,16.2247,0.01033,0.00163,pulse:1+4:0.160,16.0881,16.2247,0.1366,0.1081,guidance,0,3
159.604,16.2921,0.00985,0.00230,pulse:5:0.160,16.4502,16.2921,-0.1581,0.2133,guidance,0,3
159.705,16.3445,0.01064,0.00154,pulse:5:0.160,16.4502,16.3445,-0.1056,0.2630,guidance,0,3
159.804,16.3989,0.01070,0.00089,pulse:5:0.160,16.4502,16.3989,-0.0513,0.2434,guidance,0,3
159.903,16.4577,0.01022,0.00087,pulse:5:0.160,16.4502,16.4577,0.0075,0.1598,guidance,0,3
160.002,16.5240,0.00994,0.00013,pulse:5:0.160,16.4502,16.5240,0.0738,0.2114,guidance,0,3
160.107,16.5878,0.00981,0.00052,pulse:0:0.160,16.7453,16.5878,-0.1575,0.2655,guidance,0,3
160.204,16.6463,0.00993,0.00054,pulse:0:0.160,16.7453,16.6463,-0.0991,0.1569,guidance,0,3
160.303,16.6853,0.01023,0.00065,pulse:0:0.160,16.7453,16.6853,-0.0600,0.2488,guidance,0,3
160.406,16.7627,0.00951,0.00123,pulse:0:0.160,16.7453,16.7627,0.0174,0.2586,guidance,0,3
160.507,16.8361,0.00976,0.00190,pulse:0:0.160,16.7453,16.8361,0.0908,0.2206,guidance,0,3
160.603,16.8970,0.00984,0.00198,pulse:0:0.160,16.7453,16.8970,0.1517,0.1464,guidance,0,3
160.703,16.9527,0.01094,0.00159,pulse:1:0.160,17.1282,16.9527,-0.1755,0.1908,guidance,0,3
160.807,17.0342,0.01068,0.00167,pulse:1:0.160,17.1282,17.0342,-0.0940,0.2586,guidance,0,3
160.908,17.0864,0.00981,0.00101,pulse:1:0.160,17.1282,17.0864,-0.0418,0.1180,guidance,0,3
161.007,17.1495,0.01040,0.00031,pulse:1:0.160,17.1282,17.1495,0.0213,0.1182,guidance,0,3
161.107,17.2111,0.01010,0.00067,pulse:1:0.160,17.1282,17.2111,0.0829,0.1500,guidance,0,3
161.203,17.2673,0.01037,0.00075,pulse:0:0.160,17.4337,17.2673,-0.1663,0.1266,guidance,0,3
161.303,17.3076,0.01022,0.00041,pulse:0:0.160,17.4337,17.3076,-0.1260,0.2014,guidance,0,3
161.402,17.3640,0.01025,0.00013,pulse:0:0.160,17.4337,17.3640,-0.0696,0.1066,guidance,0,3
161.504,17.4224,0.01034,0.00115,pulse:0:0.160,17.4337,17.4224,-0.0112,0.0855,guidance,0,3
161.606,17.4745,0.01031,0.00122,pulse:0:0.160,17.4337,17.4745,0.0409,0.0620,guidance,0,3
161.705,17.5481,0.00979,0.00170,pulse:1:0.160,17.7052,17.5481,-0.1571,0.1975,guidance,0,3
161.803,17.6078,0.00996,0.00135,pulse:1:0.160,17.7052,17.6078,-0.0975,0.2372,guidance,0,3
161.904,17.6644,0.01027,0.00091,pulse:1:0.160,17.7052,17.6644,-0.0408,0.1182,guidance,0,3
162.005,17.7190,0.01021,0.00078,pulse:1:0.160,17.7052,17.7190,0.0138,0.2007,guidance,0,3
162.104,17.7829,0.01075,0.00045,pulse:1:0.160,17.7052,17.7829,0.0776,0.1841,guidance,0,3
162.205,17.8321,0.01008,0.00021,pulse:1:0.160,17.7052,17.8321,0.1269,0.1865,guidance,0,3
162.257,17.8680,0.01045,0.00105,pulse:5:0.160,18.0356,17.8680,-0.1676,0.2160,guidance,0,3
162.404,17.9523,0.01050,0.00111,pulse:5:0.160,18.0356,17.9523,-0.0833,0.2411,guidance,0,3
162.504,18.0107,0.01015,0.00041,pulse:5:0.160,18.0356,18.0107,-0.0248,0.1732,guidance,0,3
162.603,18.0829,0.01040,0.00135,pulse:5:0.160,18.0356,18.0829,0.0474,0.1197,guidance,0,3
162.703,18.1322,0.01008,0.00165,pulse:5:0.160,18.0356,18.1322,0.0966,0.0981,guidance,0,3
162.807,18.2032,0.01057,0.00072,pulse:4:0.160,18.3728,18.2032,-0.1696,0.1365,guidance,0,3
162.904,18.2658,0.01007,0.00152,pulse:4:0.160,18.3728,18.2658,-0.1070,0.1593,guidance,0,3
163.006,18.3180,0.01017,0.00055,pulse:4:0.160,18.3728,18.3180,-0.0548,0.1489,guidance,0,3
163.103,18.3651,0.01006,0.00029,pulse:4:0.160,18.3728,18.3651,-0.0077,0.2301,guidance,0,3
163.206,18.4143,0.01024,0.00098,pulse:4:0.160,18.3728,18.4143,0.0415,0.2046,guidance,0,3
163.307,18.4753,0.00929,0.00094,pulse:4:0.160,18.3728,18.4753,0.1025,0.2498,guidance,0,3
163.408,18.5540,0.00993,0.00090,pulse:4:0.160,18.7133,18.5540,-0.1593,0.2471,guidance,0,3
163.502,18.6029,0.01050,0.00042,pulse:4:0.160,18.7133,18.6029,-0.1104,0.2458,guidance,0,3
163.604,18.6777,0.01048,0.00023,pulse:4:0.160,18.7133,18.6777,-0.0355,0.1111,guidance,0,3
163.704,18.7372,0.01038,0.00080,pulse:4:0.160,18.7133,18.7372,0.0239,0.0805,guidance,0,3
163.808,18.8035,0.00994,0.00117,pulse:4:0.160,18.7133,18.8035,0.0902,0.1394,guidance,0,3
163.907,18.8472,0.01040,0.00094,pulse:4:0.160,18.7133,18.8472,0.1340,0.0831,guidance,0,3
164.006,18.9132,0.01002,0.00091,coast:0.040,18.7133,18.9132,0.2000,0.0697,fallback,0,3
164.105,18.9777,0.01009,0.00086,coast:0.040,18.7133,18.9777,0.2645,0.0838,fallback,0,3
164.206,19.0303,0.01003,0.00090,coast:0.040,18.7133,19.0303,0.3171,0.1497,fallback,0,3
164.306,19.0774,0.00985,0.00069,coast:0.040,18.7133,19.0774,0.3641,0.0729,fallback,0,3
164.405,19.1428,0.01009,0.00104,coast:0.040,18.7133,19.1428,0.4296,0.1474,fallback,0,3
164.503,19.2092,0.01003,0.00088,coast:0.040,18.7133,19.2092,0.4959,0.1415,fallback,0,3
164.606,19.2813,0.01004,0.00104,pulse:5:0.160,19.4423,19.2813,-0.1611,0.2402,guidance,0,3
164.705,19.3125,0.01036,0.00075,pulse:5:0.160,19.4423,19.3125,-0.1299,0.2122,guidance,0,3
164.804,19.3642,0.01053,0.00074,pulse:5:0.160,19.4423,19.3642,-0.0781,0.1390,guidance,0,3
164.905,19.4131,0.01045,0.00048,pulse:5:0.160,19.4423,19.4131,-0.0292,0.2144,guidance,0,3
165.007,19.4614,0.01040,0.00016,pulse:5:0.160,19.4423,19.4614,0.0191,0.1833,guidance,0,3
165.103,19.5238,0.00981,0.00084,pulse:5:0.160,19.4423,19.5238,0.0814,0.1169,guidance,0,3
165.203,19.5749,0.00983,0.00010,pulse:5:0.160,19.7325,19.5749,-0.1577,0.1690,guidance,0,3
165.305,19.6389,0.00969,0.00015,pulse:5:0.160,19.7325,19.6389,-0.0936,0.1354,guidance,0,3
165.405,19.6934,0.01029,0.00105,pulse:5:0.160,19.7325,19.6934,-0.0391,0.1613,guidance,0,3
165.503,19.7766,0.01055,0.00163,pulse:5:0.160,19.7325,19.7766,0.0441,0.1432,guidance,0,3
165.605,19.8163,0.01032,0.00162,pulse:5:0.160,19.7325,19.8163,0.0838,0.1387,guidance,0,3
165.705,19.8588,0.01035,0.00186,pulse:1+4:0.160,20.0248,19.8588,-0.1661,0.1994,guidance,0,3
165.804,19.8982,0.00930,0.00136,pulse:1+4:0.160,20.0248,19.8982,-0.1266,0.0916,guidance,0,3
165.905,19.9670,0.01012,0.00064,pulse:1+4:0.160,20.0248,19.9670,-0.0578,0.0589,guidance,0,3
166.004,20.0386,0.01059,0.00229,pulse:1+4:0.160,20.0248,20.0386,0.0138,0.0894,guidance,0,3
166.106,20.1048,0.01065,0.00260,pulse:1+4:0.160,20.0248,20.1048,0.0800,0.1615,guidance,0,3
166.207,20.1665,0.00986,0.00258,pulse:0:0.160,20.3247,20.1665,-0.1582,0.1150,guidance,0,3
166.305,20.2167,0.01033,0.00241,pulse:0:0.160,20.3247,20.2167,-0.1080,0.1136,guidance,0,3
166.404,20.2702,0.00994,0.00216,pulse:0:0.160,20.3247,20.2702,-0.0545,0.1874,guidance,0,3
166.505,20.2998,0.01048,0.00012,pulse:0:0.160,20.3247,20.2998,-0.0249,0.0720,guidance,0,3
166.607,20.3660,0.01069,0.00038,pulse:0:0.160,20.3247,20.3660,0.0413,0.0475,guidance,0,3
166.702,20.4279,0.00997,0.00034,pulse:0:0.160,20.3247,20.4279,0.1032,0.0982,guidance,0,3
166.806,20.4921,0.01055,0.00043,coast:0.160,20.6614,20.4921,-0.1693,0.0826,guidance,0,3
166.907,20.5532,0.00988,0.00029,coast:0.160,20.6614,20.5532,-0.1083,0.1943,guidance,0,3
167.004,20.6006,0.00997,0.00034,coast:0.160,20.6614,20.6006,-0.0609,0.0868,guidance,0,3
167.102,20.6661,0.00977,0.00023,coast:0.160,20.6614,20.6661,0.0046,0.0617,guidance,0,3
167.208,20.7212,0.00992,0.00038,coast:0.160,20.6614,20.7212,0.0598,0.2038,guidance,0,3
167.304,20.7829,0.00964,0.00109,coast:0.160,20.6614,20.7829,0.1215,0.1046,guidance,0,3
167.404,20.8477,0.01042,0.00013,pulse:0+5:0.160,21.0149,20.8477,-0.1672,0.2029,guidance,0,3
167.504,20.9133,0.00966,0.00107,pulse:0+5:0.160,21.0149,20.9133,-0.1016,0.1945,guidance,0,3
167.606,20.9693,0.01016,0.00230,pulse:0+5:0.160,21.0149,20.9693,-0.0456,0.0814,guidance,0,3
167.704,21.0356,0.01028,0.00294,pulse:0+5:0.160,21.0149,21.0356,0.0207,0.1425,guidance,0,3
167.808,21.0741,0.01027,0.00316,pulse:0+5:0.160,21.0149,21.0741,0.0592,0.1831,guidance,0,3
167.906,21.1376,0.01019,0.00270,pulse:1+4:0.160,21.3010,21.1376,-0.1634,0.1934,guidance,0,3
168.007,21.1862,0.01053,0.00255,pulse:1+4:0.160,21.3010,21.1862,-0.1148,0.1372,guidance,0,3
168.106,21.2441,0.01024,0.00190,pulse:1+4:0.160,21.3010,21.2441,-0.0568,0.0935,guidance,0,3
168.203,21.2913,0.00993,0.00065,pulse:1+4:0.160,21.3010,21.2913,-0.0097,0.0916,guidance,0,3
168.305,21.3633,0.00990,0.00052,pulse:1+4:0.160,21.3010,21.3633,0.0624,0.1864,guidance,0,3
168.403,21.4254,0.01083,0.00110,pulse:1+4:0.160,21.3010,21.4254,0.1245,0.0543,guidance,0,3
168.503,21.4742,0.01028,0.00063,coast:0.040,21.3010,21.4742,0.1732,0.0781,fallback,0,3
168.605,21.5082,0.01032,0.00063,coast:0.040,21.3010,21.5082,0.2072,0.1496,fallback,0,3
168.705,21.5666,0.01021,0.00068,coast:0.040,21.3010,21.5666,0.2656,0.0721,fallback,0,3
168.805,21.6143,0.01017,0.00045,coast:0.040,21.3010,21.6143,0.3133,0.1041,fallback,0,3
168.905,21.6762,0.00974,0.00061,coast:0.040,21.3010,21.6762,0.3752,0.1200,fallback,0,3
168.955,21.7029,0.00980,0.00097,coast:0.040,21.3010,21.7029,0.4020,0.1199,fallback,0,3
169.104,21.7863,0.00960,0.00111,pulse:0+4:0.160,21.9402,21.7863,-0.1540,0.1675,guidance,0,3
169.206,21.8585,0.01011,0.00073,pulse:0+4:0.160,21.9402,21.8585,-0.0817,0.1749,guidance,0,3
169.308,21.9154,0.01017,0.00024,pulse:0+4:0.160,21.9402,21.9154,-0.0248,0.1641,guidance,0,3
169.404,21.9561,0.01046,0.00152,pulse:0+4:0.160,21.9402,21.9561,0.0159,0.1745,guidance,0,3
169.503,22.0237,0.01015,0.00089,pulse:0+4:0.160,21.9402,22.0237,0.0835,0.0894,guidance,0,3
169.606,22.0802,0.01020,0.00181,pulse:1:0.160,22.2437,22.0802,-0.1635,0.1447,guidance,0,3
169.704,22.1514,0.00973,0.00139,pulse:1:0.160,22.2437,22.1514,-0.0923,0.1538,guidance,0,3
169.805,22.2186,0.00970,0.00060,pulse:1:0.160,22.2437,22.2186,-0.0250,0.1347,guidance,0,3
169.908,22.2666,0.00962,0.00117,pulse:1:0.160,22.2437,22.2666,0.0229,0.1081,guidance,0,3
170.007,22.3408,0.01000,0.00152,pulse:1:0.160,22.2437,22.3408,0.0971,0.0834,guidance,0,3
170.103,22.3962,0.01031,0.00059,pulse:1:0.160,22.2437,22.3962,0.1525,0.0414,guidance,0,3
170.203,22.4642,0.01050,0.00063,coast:0.040,22.2437,22.4642,0.2205,0.0752,fallback,0,3
170.305,22.5068,0.00967,0.00084,coast:0.040,22.2437,22.5068,0.2631,0.0276,fallback,0,3
170.402,22.5475,0.00938,0.00076,coast:0.040,22.2437,22.5475,0.3038,0.0891,fallback,0,3
170.505,22.6122,0.00977,0.00113,coast:0.040,22.2437,22.6122,0.3685,0.1645,fallback,0,3
170.602,22.6563,0.01022,0.00103,coast:0.040,22.2437,22.6563,0.4126,0.1024,fallback,0,3
170.705,22.7219,0.00987,0.00088,coast:0.040,22.2437,22.7219,0.4782,0.0546,fallback,0,3
170.806,22.7735,0.00942,0.00119,coast:0.040,22.2437,22.7735,0.5298,0.0161,fallback,0,3
170.904,22.8289,0.01029,0.00095,coast:0.040,22.2437,22.8289,0.5852,0.0800,fallback,0,3
171.008,22.8987,0.01037,0.00099,coast:0.040,22.2437,22.8987,0.6551,0.0301,fallback,0,3
171.107,22.9496,0.01012,0.00113,coast:0.040,22.2437,22.9496,0.7059,0.1546,fallback,0,3
171.206,23.0006,0.00939,0.00107,coast:0.040,22.2437,23.0006,0.7570,0.0636,fallback,0,3
171.305,23.0625,0.01059,0.00126,coast:0.040,22.2437,23.0625,0.8188,0.1006,fallback,0,3
171.405,23.1076,0.00985,0.00107,coast:0.040,22.2437,23.1076,0.8639,0.0998,fallback,0,3
171.507,23.1643,0.00982,0.00178,coast:0.040,22.2437,23.1643,0.9206,0.1024,fallback,0,3
171.607,23.2397,0.01044,0.00138,coast:0.040,22.2437,23.2397,0.9961,0.1743,fallback,0,3
171.706,23.2934,0.01050,0.00166,coast:0.040,22.2437,23.2934,1.0497,0.0456,fallback,0,3
171.805,23.3424,0.01059,0.00184,coast:0.040,22.2437,23.3424,1.0987,0.1523,fallback,0,3
171.905,23.4140,0.00974,0.00221,coast:0.040,22.2437,23.4140,1.1703,0.2021,fallback,0,3
172.003,23.4766,0.01041,0.00146,coast:0.040,22.2437,23.4766,1.2330,0.1332,fallback,0,3
172.106,23.5477,0.01053,0.00166,coast:0.040,22.2437,23.5477,1.3041,0.0745,fallback,0,3
172.205,23.6140,0.01014,0.00178,coast:0.040,22.2437,23.6140,1.3703,0.0705,fallback,0,3
172.306,23.6636,0.01000,0.00129,coast:0.040,22.2437,23.6636,1.4199,0.0505,fallback,0,3
172.408,23.7182,0.00991,0.00125,coast:0.040,22.2437,23.7182,1.4745,0.0908,fallback,0,3
172.504,23.7925,0.00984,0.00094,coast:0.040,22.2437,23.7925,1.5488,0.1478,fallback,0,3
172.603,23.8568,0.00978,0.00087,coast:0.040,22.2437,23.8568,1.6131,0.0734,fallback,0,3
172.707,23.9172,0.01072,0.00110,coast:0.040,22.2437,23.9172,1.6735,0.1619,fallback,0,3
172.807,23.9750,0.01009,0.00070,pulse:5:0.160,24.1367,23.9750,-0.1618,0.0993,guidance,0,3
172.908,24.0209,0.00972,0.00063,pulse:5:0.160,24.1367,24.0209,-0.1159,0.0787,guidance,0,3
173.007,24.0890,0.01014,0.00071,pulse:5:0.160,24.1367,24.0890,-0.0477,0.0334,guidance,0,3
173.108,24.1548,0.01015,0.00105,pulse:5:0.160,24.1367,24.1548,0.0181,0.1297,guidance,0,3
173.207,24.2169,0.00983,0.00032,pulse:5:0.160,24.1367,24.2169,0.0802,0.0808,guidance,0,3
173.302,24.2695,0.00998,0.00119,pulse:5:0.160,24.1367,24.2695,0.1327,0.1444,guidance,0,3
173.403,24.3470,0.00987,0.00111,pulse:4:0.160,24.5053,24.3470,-0.1583,0.0947,guidance,0,3
173.505,24.4175,0.01007,0.00106,pulse:4:0.160,24.5053,24.4175,-0.0878,0.0972,guidance,0,3
173.604,24.4878,0.00986,0.00053,pulse:4:0.160,24.5053,24.4878,-0.0175,0.0286,guidance,0,3
173.703,24.5427,0.01069,0.00164,pulse:4:0.160,24.5053,24.5427,0.0374,0.0433,guidance,0,3
173.805,24.6179,0.01003,0.00134,pulse:4:0.160,24.5053,24.6179,0.1127,0.0316,guidance,0,3
173.906,24.6780,0.01026,0.00124,coast:0.320,24.9367,24.6780,-0.2587,0.0993,guidance,0,3
174.002,24.7163,0.01056,0.00138,coast:0.320,24.9367,24.7163,-0.2205,0.0958,guidance,0,3
174.108,24.7613,0.01019,0.00131,coast:0.320,24.9367,24.7613,-0.1754,0.1909,guidance,0,3
174.202,24.7922,0.01096,0.00153,coast:0.320,24.9367,24.7922,-0.1445,0.1765,guidance,0,3
174.305,24.8500,0.00995,0.00177,coast:0.320,24.9367,24.8500,-0.0868,0.1829,guidance,0,3
174.407,24.9155,0.01008,0.00112,coast:0.040,24.9367,24.9155,-0.0212,0.0473,fallback,0,3
174.502,24.9815,0.00996,0.00072,coast:0.040,24.9367,24.9815,0.0448,0.1668,fallback,0,3
174.607,25.0153,0.00980,0.00173,coast:0.040,24.9367,25.0153,0.0785,0.1502,fallback,0,3
174.705,25.0772,0.01004,0.00125,coast:0.040,24.9367,25.0772,0.1405,0.0854,fallback,0,3
174.804,25.1515,0.01038,0.00156,coast:0.040,24.9367,25.1515,0.2147,0.1446,fallback,0,3
174.907,25.1996,0.01017,0.00152,coast:0.040,24.9367,25.1996,0.2629,0.1983,fallback,0,3
175.007,25.2426,0.01055,0.00139,coast:0.320,25.5085,25.2426,-0.2659,0.0906,guidance,0,3
175.107,25.3187,0.01035,0.00146,coast:0.320,25.5085,25.3187,-0.1898,0.0460,guidance,0,3
175.204,25.3686,0.01051,0.00113,coast:0.320,25.5085,25.3686,-0.1399,0.0642,guidance,0,3
175.303,25.4186,0.01061,0.00068,coast:0.320,25.5085,25.4186,-0.0898,0.1452,guidance,0,3
175.404,25.4591,0.00988,0.00142,coast:0.320,25.5085,25.4591,-0.0494,0.1732,guidance,0,3
175.505,25.4905,0.00953,0.00107,coast:0.320,25.5085,25.4905,-0.0180,0.0445,guidance,0,3
175.602,25.5544,0.01005,0.00082,pulse:5:0.160,25.7157,25.5544,-0.1613,0.1618,guidance,0,3
175.655,25.5764,0.00999,0.00067,pulse:5:0.160,25.7157,25.5764,-0.1393,0.1763,guidance,0,3
175.802,25.6688,0.01015,0.00029,pulse:5:0.160,25.7157,25.6688,-0.0469,0.0433,guidance,0,3
175.903,25.7261,0.01032,0.00049,pulse:5:0.160,25.7157,25.7261,0.0105,0.1716,guidance,0,3
176.003,25.7645,0.01043,0.00059,pulse:5:0.160,25.7157,25.7645,0.0488,0.1965,guidance,0,3
176.105,25.8388,0.00963,0.00077,pulse:0:0.160,25.9934,25.8388,-0.1545,0.1517,guidance,0,3
176.207,25.9052,0.01019,0.00101,pulse:0:0.160,25.9934,25.9052,-0.0881,0.1178,guidance,0,3
176.304,25.9517,0.01012,0.00190,pulse:0:0.160,25.9934,25.9517,-0.0416,0.0498,guidance,0,3
176.405,26.0121,0.01000,0.00241,pulse:0:0.160,25.9934,26.0121,0.0187,0.0123,guidance,0,3
176.502,26.0751,0.01001,0.00266,pulse:0:0.160,25.9934,26.0751,0.0817,0.1549,guidance,0,3
176.603,26.1319,0.01021,0.00243,pulse:0:0.160,25.9934,26.1319,0.1385,0.0597,guidance,0,3
176.707,26.1960,0.01025,0.00217,pulse:1:0.160,26.3604,26.1960,-0.1644,0.1631,guidance,0,3
176.806,26.2461,0.01057,0.00217,pulse:1:0.160,26.3604,26.2461,-0.1142,0.0722,guidance,0,3
176.903,26.3108,0.01009,0.00092,pulse:1:0.160,26.3604,26.3108,-0.0495,0.0152,guidance,0,3
177.007,26.3863,0.00971,0.00040,pulse:1:0.160,26.3604,26.3863,0.0259,0.0966,guidance,0,3
177.106,26.4700,0.01025,0.00041,pulse:1:0.160,26.3604,26.4700,0.1097,0.1733,guidance,0,3
177.205,26.5287,0.01011,0.00059,pulse:1:0.160,26.3604,26.5287,0.1683,0.1177,guidance,0,3
177.307,26.5859,0.01044,0.00060,pulse:5:0.160,26.7534,26.5859,-0.1674,0.0984,guidance,0,3
177.407,26.6462,0.01023,0.00075,pulse:5:0.160,26.7534,26.6462,-0.1071,0.1099,guidance,0,3
177.503,26.6878,0.01062,0.00088,pulse:5:0.160,26.7534,26.6878,-0.0656,0.0568,guidance,0,3
177.602,26.7512,0.01019,0.00110,pulse:5:0.160,26.7534,26.7512,-0.0022,0.1146,guidance,0,3
177.702,26.8319,0.01042,0.00112,pulse:5:0.160,26.7534,26.8319,0.0786,0.1410,guidance,0,3
177.807,26.8930,0.01066,0.00151,pulse:5:0.160,26.7534,26.8930,0.1396,0.1822,guidance,0,3
177.905,26.9478,0.01011,0.00099,pulse:0:0.160,27.1099,26.9478,-0.1621,0.1583,guidance,0,3
178.004,27.0112,0.01018,0.00122,pulse:0:0.160,27.1099,27.0112,-0.0987,0.0228,guidance,0,3
178.105,27.0738,0.00964,0.00132,pulse:0:0.160,27.1099,27.0738,-0.0361,0.0561,guidance,0,3
178.204,27.1272,0.00961,0.00248,pulse:0:0.160,27.1099,27.1272,0.0173,0.1323,guidance,0,3
178.307,27.1852,0.00948,0.00190,pulse:0:0.160,27.1099,27.1852,0.0753,0.0174,guidance,0,3
178.407,27.2361,0.01055,0.00211,coast:0.040,27.1099,27.2361,0.1262,0.0392,fallback,0,3
178.507,27.3151,0.01042,0.00278,coast:0.040,27.1099,27.3151,0.2051,0.1186,fallback,0,3
178.606,27.3925,0.01045,0.00252,coast:0.040,27.1099,27.3925,0.2826,0.0447,fallback,0,3
178.703,27.4706,0.01053,0.00146,coast:0.040,27.1099,27.4706,0.3607,0.1378,fallback,0,3
178.804,27.5170,0.01049,0.00260,coast:0.040,27.1099,27.5170,0.4071,0.0996,fallback,0,3
178.902,27.5665,0.01060,0.00290,coast:0.040,27.1099,27.5665,0.4566,0.1577,fallback,0,3
179.006,27.6034,0.01024,0.00247,pulse:1:0.160,27.7678,27.6034,-0.1643,0.0926,guidance,0,3
179.102,27.6851,0.01077,0.00267,pulse:1:0.160,27.7678,27.6851,-0.0826,0.0070,guidance,0,3
179.206,27.7349,0.00954,0.00189,pulse:1:0.160,27.7678,27.7349,-0.0328,0.1484,guidance,0,3
179.308,27.7835,0.00982,0.00158,pulse:1:0.160,27.7678,27.7835,0.0157,0.0949,guidance,0,3
179.405,27.8448,0.00966,0.00148,pulse:1:0.160,27.7678,27.8448,0.0771,0.1539,guidance,0,3
179.506,27.8949,0.01038,0.00195,pulse:1:0.160,27.7678,27.8949,0.1271,0.1474,guidance,0,3
179.603,27.9269,0.01007,0.00172,pulse:4:0.160,28.0885,27.9269,-0.1616,0.1379,guidance,0,3
179.702,27.9864,0.01047,0.00085,pulse:4:0.160,28.0885,27.9864,-0.1021,0.0775,guidance,0,3
179.806,28.0353,0.00978,0.00122,pulse:4:0.160,28.0885,28.0353,-0.0533,0.1228,guidance,0,3
179.907,28.0962,0.00978,0.00054,pulse:4:0.160,28.0885,28.0962,0.0077,0.1005,guidance,0,3
