t,E,Ttrans,Trot,Tgyro,Trel,Vslosh,Vcoup,Hx,Hy,Hz,Hn,Px,Py,Pz,s,sd,th1,th2
0.000000000000e+0,2.472930255829e+0,0.000000000000e+0,7.980118502053e-1,-2.259052160705e-3,5.662085538759e-2,1.219452741655e+0,4.011038607415e-1,3.057402047113e+1,8.609316135746e+0,1.589658807822e+1,3.551890432746e+1,0.000000000000e+0,0.000000000000e+0,0.000000000000e+0,0.000000000000e+0,0.000000000000e+0,1.000000000000e-1,-7.000000000000e-2
2.000000000000e-2,2.472930255829e+0,0.000000000000e+0,7.984774647812e-1,-2.780347857593e-4,3.723930634303e-2,1.232151864549e+0,4.053396549414e-1,3.057402047113e+1,8.609316135746e+0,1.589658807822e+1,3.551890432746e+1,0.000000000000e+0,0.000000000000e+0,0.000000000000e+0,1.228822342948e-6,1.229583596512e-4,1.005576726027e-1,-7.033977868300e-2
4.000000000000e-2,2.472930255828e+0,0.000000000000e+0,7.995120194745e-1,5.733860225071e-4,2.253266359737e-2,1.241692783480e+0,4.086194032540e-1,3.057402047113e+1,8.609316135746e+0,1.589658807822e+1,3.551890432746e+1,0.000000000000e+0,0.000000000000e+0,0.000000000000e+0,4.920078583833e-6,2.461783019761e-4,1.010304013281e-1,-7.055874777279e-2
6.000000000000e-2,2.472930255828e+0,0.000000000000e+0,8.011194904578e-1,2.825651950224e-4,1.257146415129e-2,1.248029048716e+0,4.109276873083e-1,3.057402047113e+1,8.609316135746e+0,1.589658807822e+1,3.551890432746e+1,0.000000000000e+0,0.000000000000e+0,0.000000000000e+0,1.107509109612e-5,3.692687205480e-4,1.014178096091e-1,-7.065650508736e-2
8.000000000000e-2,2.472930255828e+0,0.000000000000e+0,8.033008136043e-1,-1.157047433212e-3,7.399972521364e-3,1.251132658367e+0,4.122538587690e-1,3.057402047113e+1,8.609316135746e+0,1.589658807822e+1,3.551890432746e+1,0.000000000000e+0,0.000000000000e+0,0.000000000000e+0,1.968735161654e-5,4.918377679860e-4,1.017195971817e-1,-7.063284660877e-2
1.000000000000e-1,2.472930255828e+0,0.000000000000e+0,8.060538682335e-1,-3.745864388781e-3,7.035961489996e-3,1.250994203058e+0,4.125920874356e-1,3.057402047113e+1,8.609316135746e+0,1.589658807822e+1,3.551890432746e+1,0.000000000000e+0,0.000000000000e+0,0.000000000000e+0,3.074251301873e-5,6.134935152970e-4,1.019355403078e-1,-7.048776683413e-2
1.200000000000e-1,2.472930255828e+0,0.000000000000e+0,8.093734780094e-1,-7.478152275229e-3,1.147064618976e-2,1.247622899112e+0,4.119413847927e-1,3.057402047113e+1,8.609316135746e+0,1.589658807822e+1,3.551890432746e+1,0.000000000000e+0,0.000000000000e+0,0.000000000000e+0,4.421839428071e-5,7.338446120570e-4,1.020654919248e-1,-7.022145881532e-2
1.400000000000e-1,2.472930255828e+0,0.000000000000e+0,8.132514289920e-1,-1.234205797028e-2,2.066877177559e-2,1.241046510105e+0,4.103056029258e-1,3.057402047113e+1,8.609316135746e+0,1.589658807822e+1,3.551890432746e+1,0.000000000000e+0,0.000000000000e+0,0.000000000000e+0,6.008499867165e-5,8.525009483091e-4,1.021093817222e-1,-6.983431388740e-2
1.600000000000e-1,2.472930255828e+0,0.000000000000e+0,8.176765047458e-1,-1.831966914532e-2,3.456885405487e-2,1.231311157334e+0,4.076934088391e-1,3.057402047113e+1,8.609316135746e+0,1.589658807822e+1,3.551890432746e+1,0.000000000000e+0,0.000000000000e+0,0.000000000000e+0,7.830454520083e-5,9.690743190231e-4,1.020672161453e-1,-6.932692108590e-2
1.800000000000e-1,2.472930255828e+0,0.000000000000e+0,8.226345383168e-1,-2.538710875682e-2,5.308357156534e-2,1.218481020376e+0,4.041182343263e-1,3.057402047113e+1,8.609316135746e+0,1.589658807823e+1,3.551890432746e+1,0.000000000000e+0,0.000000000000e+0,0.000000000000e+0,9.883151338813e-5,1.083179091910e-3,1.019390783253e-1,-6.870006625390e-2
2.000000000000e-1,2.472930255828e+0,0.000000000000e+0,8.281084807933e-1,-3.351466297012e-2,7.610030671891e-2,1.202637929618e+0,3.995982016678e-1,3.057402047113e+1,8.609316135746e+0,1.589658807823e+1,3.551890432746e+1,0.000000000000e+0,0.000000000000e+0,0.000000000000e+0,1.216127014303e-4,1.194432879288e-3,1.017251279373e-1,-6.795473083987e-2
2.200000000000e-1,2.472930255828e+0,0.000000000000e+0,8.340784860724e-1,-4.266694178967e-2,1.034818327696e-1,1.183880853235e+0,3.941560255408e-1,3.057402047113e+1,8.609316135746e+0,1.589658807823e+1,3.551890432746e+1,0.000000000000e+0,0.000000000000e+0,0.000000000000e+0,1.465872978498e-4,1.302457214577e-3,1.014256009851e-1,-6.709209038794e-2
2.400000000000e-1,2.472930255828e+0,0.000000000000e+0,8.405220113674e-1,-5.280307148686e-2,1.350671425217e-1,1.162325281779e+0,3.878188916470e-1,3.057402047113e+1,8.609316135746e+0,1.589658807823e+1,3.551890432746e+1,0.000000000000e+0,0.000000000000e+0,0.000000000000e+0,1.736869667237e-4,1.406878233855e-3,1.010408095141e-1,-6.611351272235e-2
2.600000000000e-1,2.472930255828e+0,0.000000000000e+0,8.474139328956e-1,-6.387691773784e-2,1.706724138709e-1,1.138102514124e+0,3.806183126747e-1,3.057402047113e+1,8.609316135746e+0,1.589658807823e+1,3.551890432746e+1,0.000000000000e+0,0.000000000000e+0,0.000000000000e+0,2.028359465968e-4,1.507327362712e-3,1.005711412519e-1,-6.502055582847e-2
2.800000000000e-1,2.472930255828e+0,0.000000000000e+0,8.547266761081e-1,-7.583733821070e-2,2.100921064772e-1,1.111358849128e+0,3.725899623248e-1,3.057402047113e+1,8.609316135746e+0,1.589658807823e+1,3.551890432746e+1,0.000000000000e+0,0.000000000000e+0,0.000000000000e+0,2.339511631846e-4,1.603442008466e-3,1.000170591779e-1,-6.381496543321e-2
3.000000000000e-1,2.472930255828e+0,0.000000000000e+0,8.624303597331e-1,-8.862846317389e-2,2.531001830990e-1,1.082254687930e+0,3.637734882392e-1,3.057402047113e+1,8.609316135746e+0,1.589658807823e+1,3.551890432746e+1,0.000000000000e+0,0.000000000000e+0,0.000000000000e+0,2.669423559738e-4,1.694866257552e-3,9.937910102149e-2,-6.249867228769e-2
3.200000000000e-1,2.472930255828e+0,0.000000000000e+0,8.704929528295e-1,-1.021900025379e-1,2.994514483869e-1,1.050963552374e+0,3.542123047754e-1,3.057402047113e+1,8.609316135746e+0,1.589658807823e+1,3.551890432746e+1,0.000000000000e+0,0.000000000000e+0,0.000000000000e+0,3.017122188186e-4,1.781251577688e-3,9.865787868986e-2,-6.107378915609e-2
3.400000000000e-1,2.472930255828e+0,0.000000000000e+0,8.788804439694e-1,-1.164575775898e-1,3.488829972387e-1,1.017671025533e+0,3.439533666766e-1,3.057402047113e+1,8.609316135746e+0,1.589658807823e+1,3.551890432746e+1,0.000000000000e+0,0.000000000000e+0,0.000000000000e+0,3.381565546229e-4,1.862257524126e-3,9.785407762627e-2,-5.954260751424e-2
3.600000000000e-1,2.472930255827e+0,0.000000000000e+0,8.875570215999e-1,-1.313630755369e-1,4.011157641675e-1,9.825736208157e-1,3.330469247812e-1,3.057402047113e+1,8.609316135746e+0,1.589658807823e+1,3.551890432746e+1,0.000000000000e+0,0.000000000000e+0,0.000000000000e+0,3.761644441810e-4,1.937552449083e-3,9.696845609899e-2,-5.790759396268e-2
3.800000000000e-1,2.472930255827e+0,0.000000000000e+0,8.964852645656e-1,-1.468350248420e-1,4.558561645235e-1,9.458775865654e-1,3.215462650148e-1,3.057402047113e+1,8.609316135746e+0,1.589658807823e+1,3.551890432746e+1,0.000000000000e+0,0.000000000000e+0,0.000000000000e+0,4.156184292284e-4,2.006814213135e-3,9.600184442196e-2,-5.617138635884e-2
4.000000000000e-1,2.472930255827e+0,0.000000000000e+0,9.056263417141e-1,-1.627989892086e-1,5.127978178580e-1,9.077976534693e-1,3.095074319945e-1,3.057402047113e+1,8.609316135746e+0,1.589658807822e+1,3.551890432746e+1,0.000000000000e+0,0.000000000000e+0,0.000000000000e+0,4.563947097285e-4,2.069730897104e-3,9.495514410794e-2,-5.433678967362e-2
4.200000000000e-1,2.472930255827e+0,0.000000000000e+0,9.149402194515e-1,-1.791779779636e-1,5.716233432104e-1,8.685557324678e-1,2.969889386611e-1,3.057402047113e+1,8.609316135746e+0,1.589658807822e+1,3.551890432746e+1,0.000000000000e+0,0.000000000000e+0,0.000000000000e+0,4.983633553880e-4,2.126001512717e-3,9.382932695493e-2,-5.240677157809e-2
4.400000000000e-1,2.472930255827e+0,0.000000000000e+0,9.243858760656e-1,-1.958928704834e-1,6.320062156574e-1,8.283795711551e-1,2.840514634324e-1,3.057402047113e+1,8.609316135746e+0,1.589658807822e+1,3.551890432746e+1,0.000000000000e+0,0.000000000000e+0,0.000000000000e+0,5.413885313561e-4,2.175336710020e-3,9.262543406695e-2,-5.038445776647e-2
4.600000000000e-1,2.472930255827e+0,0.000000000000e+0,9.339215215915e-1,-2.128628522232e-1,6.936126730730e-1,7.875013769424e-1,2.707575364433e-1,3.057402047113e+1,8.609316135746e+0,1.589658807822e+1,3.551890432746e+1,0.000000000000e+0,0.000000000000e+0,0.000000000000e+0,5.853287380214e-4,2.217459479311e-3,9.134457481002e-2,-4.827312702190e-2
4.800000000000e-1,2.472930255827e+0,0.000000000000e+0,9.435048219592e-1,-2.300058598345e-1,7.561036617298e-1,7.461564154689e-1,2.571712165035e-1,3.057402047113e+1,8.609316135746e+0,1.589658807822e+1,3.551890432746e+1,0.000000000000e+0,0.000000000000e+0,0.000000000000e+0,6.300370647719e-4,2.252105845120e-3,8.998792570444e-2,-4.607620603210e-2
5.000000000000e-1,2.472930255827e+0,0.000000000000e+0,9.530931261341e-1,-2.472390327967e-1,8.191368091142e-1,7.045815929155e-1,2.433577604597e-1,3.057402047113e+1,8.609316135746e+0,1.589658807822e+1,3.551890432746e+1,0.000000000000e+0,0.000000000000e+0,0.000000000000e+0,6.753614575339e-4,2.279025549550e-3,8.855672925452e-2,-4.379726396239e-2
5.200000000000e-1,2.472930255827e+0,0.000000000000e+0,9.626436949381e-1,-2.644791689426e-1,8.823684121407e-1,6.630140309903e-1,2.293832867003e-1,3.057402047113e+1,8.609316135746e+0,1.589658807822e+1,3.551890432745e+1,0.000000000000e+0,0.000000000000e+0,0.000000000000e+0,7.211449998457e-4,2.297982722099e-3,8.705229271688e-2,-4.144000679393e-2
5.400000000000e-1,2.472930255827e+0,0.000000000000e+0,9.721139302294e-1,-2.816431812299e-1,9.454554288343e-1,6.216896434147e-1,2.153144345782e-1,3.057402047113e+1,8.609316135746e+0,1.589658807822e+1,3.551890432745e+1,0.000000000000e+0,0.000000000000e+0,0.000000000000e+0,7.672262071692e-4,2.308756532942e-3,8.547598680852e-2,-3.900827143559e-2
5.600000000000e-1,2.472930255827e+0,0.000000000000e+0,9.814616031076e-1,-2.986485530933e-1,1.008057461507e+0,5.808417227420e-1,2.012180215634e-1,3.057402047113e+1,8.609316135746e+0,1.589658807822e+1,3.551890432745e+1,0.000000000000e+0,0.000000000000e+0,0.000000000000e+0,8.134393340745e-4,2.311141826516e-3,8.382924435590e-2,-3.650601961827e-2
5.800000000000e-1,2.472930255827e+0,0.000000000000e+0,9.906450798185e-1,-3.154137897163e-1,1.069838719480e+0,5.406995462915e-1,1.871606999527e-1,3.057402047113e+1,8.609316135745e+0,1.589658807822e+1,3.551890432745e+1,0.000000000000e+0,0.000000000000e+0,0.000000000000e+0,8.596146938726e-4,2.304949732150e-3,8.211355888648e-2,-3.393733158085e-2
6.000000000000e-1,2.472930255826e+0,0.000000000000e+0,9.996235440397e-1,-3.318588625793e-1,1.130469949516e+0,5.014870098687e-1,1.732086149813e-1,3.057402047113e+1,8.609316135745e+0,1.589658807822e+1,3.551890432745e+1,0.000000000000e+0,0.000000000000e+0,0.000000000000e+0,9.055789902034e-4,2.290008248447e-3,8.033048316394e-2,-3.130639955740e-2
6.200000000000e-1,2.472930255826e+0,0.000000000000e+0,1.008357214247e+0,-3.479056446721e-1,1.189630322289e+0,4.634212977834e-1,1.594270661795e-1,3.057402047113e+1,8.609316135745e+0,1.589658807822e+1,3.551890432745e+1,0.000000000000e+0,0.000000000000e+0,0.000000000000e+0,9.511556600213e-4,2.266162798087e-3,7.848162766862e-2,-2.861752107584e-2
6.400000000000e-1,2.472930255826e+0,0.000000000000e+0,1.016807554890e+0,-3.634783338145e-1,1.247009263492e+0,4.267115974502e-1,1.458801738083e-1,3.057402047113e+1,8.609316135745e+0,1.589658807822e+1,3.551890432745e+1,0.000000000000e+0,0.000000000000e+0,0.000000000000e+0,9.961652273537e-4,2.233276749753e-3,7.656865902456e-2,-2.587509207840e-2
6.600000000000e-1,2.472930255826e+0,0.000000000000e+0,1.024937480140e+0,-3.785038615904e-1,1.302308218497e+0,3.915578665894e-1,1.326305521901e-1,3.057402047113e+1,8.609316135745e+0,1.589658807822e+1,3.551890432745e+1,0.000000000000e+0,0.000000000000e+0,0.000000000000e+0,1.040425667142e-3,2.191231903941e-3,7.459329837480e-2,-2.308359987473e-2
6.800000000000e-1,2.472930255826e+0,0.000000000000e+0,1.032711549011e+0,-3.929122854880e-1,1.355242339877e+0,3.581496607106e-1,1.197389917159e-1,3.057402047112e+1,8.609316135745e+0,1.589658807822e+1,3.551890432745e+1,0.000000000000e+0,0.000000000000e+0,0.000000000000e+0,1.083752778410e-3,2.139928939520e-3,7.255731970641e-2,-2.024761593899e-2
7.000000000000e-1,2.472930255826e+0,0.000000000000e+0,1.040096150711e+0,-4.066371619344e-1,1.405542087590e+0,3.266650281868e-1,1.072641512727e-1,3.057402047112e+1,8.609316135745e+0,1.589658807822e+1,3.551890432745e+1,0.000000000000e+0,0.000000000000e+0,0.000000000000e+0,1.125960565952e-3,2.079287818040e-3,7.046254812695e-2,-1.737178856241e-2
7.200000000000e-1,2.472930255826e+0,0.000000000000e+0,1.047059679147e+0,-4.196158980293e-1,1.452954732135e+0,2.972694797959e-1,9.526226277753e-2,3.057402047112e+1,8.609316135744e+0,1.589658807822e+1,3.551890432745e+1,0.000000000000e+0,0.000000000000e+0,0.000000000000e+0,1.166861629648e-3,2.009248143000e-3,6.831085809407e-2,-1.446083537318e-2
7.400000000000e-1,2.472930255826e+0,0.000000000000e+0,1.053572695541e+0,-4.317900799085e-1,1.497245751620e+0,2.701150391299e-1,8.378684944301e-2,3.057402047112e+1,8.609316135744e+0,1.589658807822e+1,3.551890432745e+1,0.000000000000e+0,0.000000000000e+0,0.000000000000e+0,1.206267560510e-3,1.929769471461e-3,6.610417159985e-2,-1.151953573611e-2
7.600000000000e-1,2.472930255826e+0,0.000000000000e+0,1.059608078234e+0,-4.431057758134e-1,1.538200114325e+0,2.453393797559e-1,7.288845932400e-2,3.057402047112e+1,8.609316135744e+0,1.589658807822e+1,3.551890432745e+1,0.000000000000e+0,0.000000000000e+0,0.000000000000e+0,1.243989342446e-3,1.840831575680e-3,6.384445631195e-2,-8.552723044226e-3
7.800000000000e-1,2.472930255826e+0,0.000000000000e+0,1.065141158787e+0,-4.535138120971e-1,1.575623439077e+0,2.230650544497e-1,6.261441560966e-2,3.057402047112e+1,8.609316135744e+0,1.589658807822e+1,3.551890432745e+1,0.000000000000e+0,0.000000000000e+0,0.000000000000e+0,1.279837758756e-3,1.742434652727e-3,6.153372367312e-2,-5.565276915366e-3
8.000000000000e-1,2.472930255826e+0,0.000000000000e+0,1.070149843609e+0,-4.629700205633e-1,1.609343026521e+0,2.033988212292e-1,5.300858503044e-2,3.057402047112e+1,8.609316135744e+0,1.589658807822e+1,3.551890432745e+1,0.000000000000e+0,0.000000000000e+0,0.000000000000e+0,1.313623802270e-3,1.634599480336e-3,5.917402696120e-2,-2.562115306624e-3
8.200000000000e-1,2.472930255826e+0,0.000000000000e+0,1.074614720409e+0,-4.714354557187e-1,1.639208755205e+0,1.864310702851e-1,4.411116564529e-2,3.057402047112e+1,8.609316135743e+0,1.589658807822e+1,3.551890432745e+1,0.000000000000e+0,0.000000000000e+0,0.000000000000e+0,1.345159088068e-3,1.517367517610e-3,5.676745931136e-2,4.518134401637e-4
8.400000000000e-1,2.472930255826e+0,0.000000000000e+0,1.078519148877e+0,-4.788765807020e-1,1.665093837239e+0,1.722353552507e-1,3.595849516145e-2,3.057402047112e+1,8.609316135743e+0,1.589658807822e+1,3.551890432744e+1,0.000000000000e+0,0.000000000000e+0,0.000000000000e+0,1.374256267642e-3,1.390800949565e-3,5.431615170284e-2,3.471538608471e-3
8.600000000000e-1,2.472930255826e+0,0.000000000000e+0,1.081849335087e+0,-4.852654208547e-1,1.686895429206e+0,1.608680315695e-1,2.858288081783e-2,3.057402047112e+1,8.609316135743e+0,1.589658807822e+1,3.551890432744e+1,0.000000000000e+0,0.000000000000e+0,0.000000000000e+0,1.400729443391e-3,1.254982674846e-3,5.182227091196e-2,6.492075159203e-3
8.800000000000e-1,2.472930255826e+0,0.000000000000e+0,1.084594389237e+0,-4.905796841008e-1,1.704535094930e+0,1.523680040243e-1,2.201245173520e-2,3.057402047112e+1,8.609316135743e+0,1.589658807821e+1,3.551890432744e+1,0.000000000000e+0,0.000000000000e+0,0.000000000000e+0,1.424394582292e-3,1.110016236386e-3,4.928801743373e-2,9.508431811246e-3
9.000000000000e-1,2.472930255825e+0,0.000000000000e+0,1.086746366413e+0,-4.948028475153e-1,1.717959117651e+0,1.467565847753e-1,1.627103450142e-2,3.057402047112e+1,8.609316135742e+0,1.589658807821e+1,3.551890432744e+1,0.000000000000e+0,0.000000000000e+0,0.000000000000e+0,1.445069927616e-3,9.560256951354e-4,4.671562337410e-2,1.251561913678e-2
9.200000000000e-1,2.472930255825e+0,0.000000000000e+0,1.088300290216e+0,-4.979242096728e-1,1.727138660127e+0,1.440374625342e-1,1.137805262038e-2,3.057402047112e+1,8.609316135742e+0,1.589658807821e+1,3.551890432744e+1,0.000000000000e+0,0.000000000000e+0,0.000000000000e+0,1.462576407561e-3,7.931554474156e-4,4.410735031512e-2,1.550865765758e-2
9.400000000000e-1,2.472930255825e+0,0.000000000000e+0,1.089254159153e+0,-4.999389085882e-1,1.732069772174e+0,1.441967827775e-1,7.348450308759e-3,3.057402047112e+1,8.609316135742e+0,1.589658807821e+1,3.551890432744e+1,0.000000000000e+0,0.000000000000e+0,0.000000000000e+0,1.476738039666e-3,6.215699868442e-4,4.146548715515e-2,1.848258592864e-2
9.600000000000e-1,2.472930255825e+0,0.000000000000e+0,1.089608935840e+0,-5.008479052788e-1,1.732773246110e+0,1.472033381764e-1,4.192640977485e-3,3.057402047112e+1,8.609316135742e+0,1.589658807821e+1,3.551890432744e+1,0.000000000000e+0,0.000000000000e+0,0.000000000000e+0,1.487382329924e-3,4.414536121533e-4,3.879234792661e-2,2.143246859531e-2
9.800000000000e-1,2.472930255825e+0,0.000000000000e+0,1.089368519153e+0,-5.006579331947e-1,1.729294321575e+0,1.530088677074e-1,1.916480584758e-3,3.057402047112e+1,8.609316135742e+0,1.589658807821e+1,3.551890432744e+1,0.000000000000e+0,0.000000000000e+0,0.000000000000e+0,1.494340665525e-3,2.530100826096e-4,3.609026959337e-2,2.435340441039e-2
1.000000000000e+0,2.472930255825e+0,0.000000000000e+0,1.088539699568e+0,-4.993814139806e-1,1.721702242141e+0,1.615484621999e-1,5.212658969897e-4,3.057402047112e+1,8.609316135741e+0,1.589658807821e+1,3.551890432744e+1,0.000000000000e+0,0.000000000000e+0,0.000000000000e+0,1.497448700199e-3,5.646222309650e-5,3.336160983040e-2,2.724053419754e-2
1.020000000000e+0,2.472930255825e+0,0.000000000000e+0,1.087132098057e+0,-4.970363402474e-1,1.710089667079e+0,1.727410733925e-1,3.757543205901e-6,3.057402047112e+1,8.609316135741e+0,1.589658807821e+1,3.551890432744e+1,0.000000000000e+0,0.000000000000e+0,0.000000000000e+0,1.496546731179e-3,-1.479485187558e-4,3.060874478792e-2,3.008904874767e-2
1.040000000000e+0,2.472930255825e+0,0.000000000000e+0,1.085158088990e+0,-4.936461262345e-1,1.694571942568e+0,1.864901229022e-1,3.562275991778e-4,3.057402047112e+1,8.609316135741e+0,1.589658807821e+1,3.551890432744e+1,0.000000000000e+0,0.000000000000e+0,0.000000000000e+0,1.491480066845e-3,-3.599625606971e-4,2.783406684261e-2,3.289419663490e-2
1.060000000000e+0,2.472930255825e+0,0.000000000000e+0,1.082632707592e+0,-4.892394274501e-1,1.675286237521e+0,2.026842068715e-1,1.566531290401e-3,3.057402047112e+1,8.609316135741e+0,1.589658807821e+1,3.551890432744e+1,0.000000000000e+0,0.000000000000e+0,0.000000000000e+0,1.482099384184e-3,-5.793027162801e-4,2.503998233829e-2,3.565129193922e-2
1.080000000000e+0,2.472930255825e+0,0.000000000000e+0,1.079573542621e+0,-4.838499305648e-1,1.652390550057e+0,2.211978914517e-1,3.618202259623e-3,3.057402047112e+1,8.609316135741e+0,1.589658807821e+1,3.551890432744e+1,0.000000000000e+0,0.000000000000e+0,0.000000000000e+0,1.468261075237e-3,-8.056747643804e-4,2.222890931872e-2,3.835572186272e-2
1.100000000000e+0,2.472930255825e+0,0.000000000000e+0,1.076000615000e+0,-4.775161150203e-1,1.626062591436e+0,2.418925937035e-1,6.490570705493e-3,3.057402047112e+1,8.609316135741e+0,1.589658807821e+1,3.551890432744e+1,0.000000000000e+0,0.000000000000e+0,0.000000000000e+0,1.449827581798e-3,-1.038768054421e-3,1.940327525489e-2,4.100295422703e-2
1.120000000000e+0,2.472930255825e+0,0.000000000000e+0,1.071936243228e+0,-4.702809879872e-1,1.596498555055e+0,2.646175419638e-1,1.015890356554e-2,3.057402047112e+1,8.609316135740e+0,1.589658807821e+1,3.551890432744e+1,0.000000000000e+0,0.000000000000e+0,0.000000000000e+0,1.426667717683e-3,-1.278256143751e-3,1.656551476949e-2,4.358854483945e-2
1.140000000000e+0,2.472930255825e+0,0.000000000000e+0,1.067404896476e+0,-4.621917944649e-1,1.563911778789e+0,2.892108092343e-1,1.459456578976e-2,3.057402047112e+1,8.609316135740e+0,1.589658807821e+1,3.551890432744e+1,0.000000000000e+0,0.000000000000e+0,0.000000000000e+0,1.398656977951e-3,-1.523797463521e-3,1.371806736108e-2,4.610814471582e-2
1.160000000000e+0,2.472930255824e+0,0.000000000000e+0,1.062433036363e+0,-4.532997044679e-1,1.528531309602e+0,3.155004126958e-1,1.976520163150e-2,3.057402047112e+1,8.609316135740e+0,1.589658807821e+1,3.551890432744e+1,0.000000000000e+0,0.000000000000e+0,0.000000000000e+0,1.365677834566e-3,-1.775036009319e-3,1.086337513063e-2,4.855750714840e-2
1.180000000000e+0,2.472930255824e+0,0.000000000000e+0,1.057048948423e+0,-4.436594793733e-1,1.490600379945e+0,3.433054720583e-1,2.563493477105e-2,3.057402047112e+1,8.609316135740e+0,1.589658807821e+1,3.551890432744e+1,0.000000000000e+0,0.000000000000e+0,0.000000000000e+0,1.327620018020e-3,-2.031602052825e-3,8.003880512839e-3,5.093249460736e-2
1.200000000000e+0,2.472930255824e+0,0.000000000000e+0,1.051282564395e+0,-4.333291196267e-1,1.450374805972e+0,3.724374190988e-1,3.216458598493e-2,3.057402047112e+1,8.609316135740e+0,1.589658807821e+1,3.551890432744e+1,0.000000000000e+0,0.000000000000e+0,0.000000000000e+0,1.284380784550e-3,-2.293112870743e-3,5.142024015074e-3,5.322908546481e-2
1.220000000000e+0,2.472930255824e+0,0.000000000000e+0,1.045165276481e+0,-4.223694961067e-1,1.408121318021e+0,4.027012504478e-1,3.931190698093e-2,3.057402047112e+1,8.609316135740e+0,1.589658807821e+1,3.551890432744e+1,0.000000000000e+0,0.000000000000e+0,0.000000000000e+0,1.235865168627e-3,-2.559173487357e-3,2.280241966321e-3,5.544338053094e-2
1.240000000000e+0,2.472930255824e+0,0.000000000000e+0,1.038729744751e+0,-4.108439675351e-1,1.364115834238e+0,4.338968154344e-1,4.703182893630e-2,3.057402047112e+1,8.609316135740e+0,1.589658807822e+1,3.551890432744e+1,0.000000000000e+0,0.000000000000e+0,0.000000000000e+0,1.181986220498e-3,-2.829377427139e-3,-5.790357211939e-4,5.757160939178e-2
1.260000000000e+0,2.472930255824e+0,0.000000000000e+0,1.032009698949e+0,-3.988179863952e-1,1.318641688453e+0,4.658201306132e-1,5.527672420389e-2,3.057402047112e+1,8.609316135740e+0,1.589658807822e+1,3.551890432744e+1,0.000000000000e+0,0.000000000000e+0,0.000000000000e+0,1.122665228595e-3,-3.103307474018e-3,-3.433387775163e-3,5.961013653886e-2
1.280000000000e+0,2.472930255824e+0,0.000000000000e+0,1.025039735942e+0,-3.863586958709e-1,1.271987823705e+0,4.982647124584e-1,6.399667958995e-2,3.057402047112e+1,8.609316135740e+0,1.589658807822e+1,3.551890432744e+1,0.000000000000e+0,0.000000000000e+0,0.000000000000e+0,1.057831926721e-3,-3.380536434079e-3,-6.280403768620e-3,6.155546728142e-2
1.300000000000e+0,2.472930255824e+0,0.000000000000e+0,1.017855114080e+0,-3.735345203626e-1,1.224446962919e+0,5.310229196313e-1,7.313977955647e-2,3.057402047112e+1,8.609316135740e+0,1.589658807822e+1,3.551890432744e+1,0.000000000000e+0,0.000000000000e+0,0.000000000000e+0,9.874246859765e-4,-3.660627898695e-3,-9.117686305123e-3,6.340425343209e-2
1.320000000000e+0,2.472930255824e+0,0.000000000000e+0,1.010491545771e+0,-3.604147521545e-1,1.176313768343e+0,5.638872962020e-1,8.265239766184e-2,3.057402047112e+1,8.609316135740e+0,1.589658807822e+1,3.551890432744e+1,0.000000000000e+0,0.000000000000e+0,0.000000000000e+0,9.113906914370e-4,-3.943137005355e-3,-1.194285318123e-2,6.515329875745e-2
1.340000000000e+0,2.472930255824e+0,0.000000000000e+0,1.002984989531e+0,-3.470691368125e-1,1.127883001344e+0,5.966519072356e-1,9.247949452560e-2,3.057402047112e+1,8.609316135741e+0,1.589658807822e+1,3.551890432744e+1,0.000000000000e+0,0.000000000000e+0,0.000000000000e+0,8.296861036624e-4,-4.227611193710e-3,-1.475353952388e-2,6.679956418552e-2
1.360000000000e+0,2.472930255824e+0,0.000000000000e+0,9.953714428041e-1,-3.335674598822e-1,1.079447694078e+0,6.291136582381e-1,1.025649205858e-1,3.057402047112e+1,8.609316135741e+0,1.589658807822e+1,3.551890432744e+1,0.000000000000e+0,0.000000000000e+0,0.000000000000e+0,7.422762051480e-4,-4.513590954700e-3,-1.754739990023e-2,6.834017276232e-2
1.380000000000e+0,2.472930255824e+0,0.000000000000e+0,9.876867368049e-1,-3.199791374263e-1,1.031297344442e+0,6.610735900911e-1,1.128517219118e-1,3.057402047112e+1,8.609316135741e+0,1.589658807822e+1,3.551890432744e+1,0.000000000000e+0,0.000000000000e+0,0.000000000000e+0,6.491355318798e-4,-4.800610570912e-3,-2.032211039779e-2,6.977241435044e-2
1.400000000000e+0,2.472930255824e+0,0.000000000000e+0,9.799663346291e-1,-3.063728128985e-1,9.837161454570e-1,6.923381412965e-1,1.232824473397e-1,3.057402047112e+1,8.609316135741e+0,1.589658807822e+1,3.551890432744e+1,0.000000000000e+0,0.000000000000e+0,0.000000000000e+0,5.502479901820e-4,-5.088198846681e-3,-2.307537067249e-2,7.109375006271e-2
1.420000000000e+0,2.472930255824e+0,0.000000000000e+0,9.722451338362e-1,-2.928159627898e-1,9.369812599795e-1,7.227203695848e-1,1.337994552132e-1,3.057402047112e+1,8.609316135741e+0,1.589658807822e+1,3.551890432744e+1,0.000000000000e+0,0.000000000000e+0,0.000000000000e+0,4.456069590759e-4,-5.375879826778e-3,-2.580490596247e-2,7.230181642471e-2
1.440000000000e+0,2.472930255824e+0,0.000000000000e+0,9.645572746777e-1,-2.793745134121e-1,8.913611512900e-1,7.520411252308e-1,1.443452180374e-1,3.057402047112e+1,8.609316135741e+0,1.589658807822e+1,3.551890432744e+1,0.000000000000e+0,0.000000000000e+0,0.000000000000e+0,3.352153783849e-4,-5.663173502887e-3,-2.850846906566e-2,7.339442926025e-2
1.460000000000e+0,2.472930255824e+0,0.000000000000e+0,9.569359550987e-1,-2.661124710928e-1,8.471139796813e-1,7.801301687486e-1,1.548626233879e-1,3.057402047112e+1,8.609316135742e+0,1.589658807822e+1,3.551890432745e+1,0.000000000000e+0,0.000000000000e+0,0.000000000000e+0,2.190858228374e-4,-5.949596507423e-3,-3.118384227897e-2,7.436958729425e-2
1.480000000000e+0,2.472930255824e+0,0.000000000000e+0,9.494132535868e-1,-2.530915679553e-1,8.044860747187e-1,8.068272260121e-1,1.652952694614e-1,3.057402047112e+1,8.609316135742e+0,1.589658807822e+1,3.551890432745e+1,0.000000000000e+0,0.000000000000e+0,0.000000000000e+0,9.724056241996e-5,-6.234662794568e-3,-3.382883929723e-2,7.522547546818e-2
1.500000000000e+0,2.472930255824e+0,0.000000000000e+0,9.420199608881e-1,-2.403709253458e-1,7.637104923131e-1,8.319829742620e-1,1.755877537064e-1,3.057402047112e+1,8.609316135742e+0,1.589658807822e+1,3.551890432745e+1,0.000000000000e+0,0.000000000000e+0,0.000000000000e+0,-3.028839076273e-5,-6.517884308749e-3,-3.644130706999e-2,7.596046796336e-2
1.520000000000e+0,2.472930255824e+0,0.000000000000e+0,9.347854215449e-1,-2.280067368414e-1,7.250056651723e-1,8.554599529144e-1,1.856859530335e-1,3.057402047112e+1,8.609316135742e+0,1.589658807822e+1,3.551890432745e+1,0.000000000000e+0,0.000000000000e+0,0.000000000000e+0,-1.634592488772e-4,-6.798771641089e-3,-3.901912761445e-2,7.657313092800e-2
1.540000000000e+0,2.472930255824e+0,0.000000000000e+0,9.277373861442e-1,-2.160519726381e-1,6.885741545766e-1,8.771333935701e-1,1.955372941708e-1,3.057402047112e+1,8.609316135743e+0,1.589658807822e+1,3.551890432745e+1,0.000000000000e+0,0.000000000000e+0,0.000000000000e+0,-3.022204277650e-4,-7.076834674642e-3,-4.156021978285e-2,7.706222490430e-2
1.560000000000e+0,2.472930255824e+0,0.000000000000e+0,9.209018750901e-1,-2.045561069735e-1,6.546015107538e-1,8.968919641465e-1,2.050910128067e-1,3.057402047112e+1,8.609316135743e+0,1.589658807822e+1,3.551890432745e+1,0.000000000000e+0,0.000000000000e+0,0.000000000000e+0,-4.465105391488e-4,-7.351583219516e-3,-4.406254098274e-2,7.742670695223e-2
1.580000000000e+0,2.472930255824e+0,0.000000000000e+0,9.143030546393e-1,-1.935648700821e-1,6.232552484269e-1,9.146384225989e-1,2.142984002406e-1,3.057402047112e+1,8.609316135743e+0,1.589658807822e+1,3.551890432745e+1,0.000000000000e+0,0.000000000000e+0,0.000000000000e+0,-5.962583954495e-4,-7.622527639181e-3,-4.652408884873e-2,7.766573246718e-2
1.600000000000e+0,2.472930255824e+0,0.000000000000e+0,9.079631258540e-1,-1.831200260202e-1,5.946839433637e-1,9.302901762754e-1,2.231130363506e-1,3.057402047112e+1,8.609316135743e+0,1.589658807822e+1,3.551890432745e+1,0.000000000000e+0,0.000000000000e+0,0.000000000000e+0,-7.513830270550e-4,-7.889179469510e-3,-4.894290286421e-2,7.777865668896e-2
1.620000000000e+0,2.472930255823e+0,0.000000000000e+0,9.019022270480e-1,-1.732591775293e-1,5.690164549860e-1,9.437797435432e-1,2.314910077756e-1,3.057402047112e+1,8.609316135744e+0,1.589658807822e+1,3.551890432745e+1,0.000000000000e+0,0.000000000000e+0,0.000000000000e+0,-9.117937119106e-4,-8.151052032231e-3,-5.131706593196e-2,7.776503590013e-2
1.640000000000e+0,2.472930255823e+0,0.000000000000e+0,8.961383502077e-1,-1.640155989304e-1,5.463612793014e-1,9.550551149382e-1,2.393911103066e-1,3.057402047112e+1,8.609316135744e+0,1.589658807822e+1,3.551890432745e+1,0.000000000000e+0,0.000000000000e+0,0.000000000000e+0,-1.077390017337e-3,-8.407661044612e-3,-5.364470589239e-2,7.762462831187e-2
1.660000000000e+0,2.472930255823e+0,0.000000000000e+0,8.906872717868e-1,-1.554180978639e-1,5.268060355964e-1,9.640800117254e-1,2.467750345787e-1,3.057402047112e+1,8.609316135744e+0,1.589658807822e+1,3.551890432745e+1,0.000000000000e+0,0.000000000000e+0,0.000000000000e+0,-1.248061854023e-3,-8.658525227289e-3,-5.592399698833e-2,7.735739463635e-2
1.680000000000e+0,2.472930255823e+0,0.000000000000e+0,8.855624981788e-1,-1.474909065060e-1,5.104170894972e-1,9.708340403944e-1,2.536075342590e-1,3.057402047112e+1,8.609316135744e+0,1.589658807822e+1,3.551890432745e+1,0.000000000000e+0,0.000000000000e+0,0.000000000000e+0,-1.423689542166e-3,-8.903166912189e-3,-5.815316127550e-2,7.696349834450e-2
1.700000000000e+0,2.472930255823e+0,0.000000000000e+0,8.807752260800e-1,-1.402536027085e-1,4.972393141545e-1,9.753127422693e-1,2.598565760280e-1,3.057402047112e+1,8.609316135745e+0,1.589658807822e+1,3.551890432745e+1,0.000000000000e+0,0.000000000000e+0,0.000000000000e+0,-1.604143889799e-3,-9.141112652498e-3,-6.033046997773e-2,7.644330560888e-2
1.720000000000e+0,2.472930255823e+0,0.000000000000e+0,8.763343178639e-1,-1.337210613202e-1,4.872959904512e-1,9.775275380690e-1,2.654934707593e-1,3.057402047113e+1,8.609316135745e+0,1.589658807822e+1,3.551890432745e+1,0.000000000000e+0,0.000000000000e+0,0.000000000000e+0,-1.789286283338e-3,-9.371893836599e-3,-6.245424478622e-2,7.579738493150e-2
1.740000000000e+0,2.472930255823e+0,0.000000000000e+0,8.722462919923e-1,-1.279034357619e-1,4.805888462757e-1,9.775055679087e-1,2.704929854085e-1,3.057402047113e+1,8.609316135745e+0,1.589658807822e+1,3.551890432745e+1,0.000000000000e+0,0.000000000000e+0,0.000000000000e+0,-1.978968790483e-3,-9.595047307800e-3,-6.452285910218e-2,7.502650645701e-2
1.760000000000e+0,2.472930255823e+0,0.000000000000e+0,8.685153283995e-1,-1.228061697409e-1,4.770982340410e-1,9.752894278925e-1,2.748334352310e-1,3.057402047113e+1,8.609316135745e+0,1.589658807822e+1,3.551890432745e+1,0.000000000000e+0,0.000000000000e+0,0.000000000000e+0,-2.173034275565e-3,-9.810115991569e-3,-6.653473922225e-2,7.413164097187e-2
1.780000000000e+0,2.472930255823e+0,0.000000000000e+0,8.651432886894e-1,-1.184300388040e-1,4.767834447843e-1,9.709368050955e-1,2.784967560580e-1,3.057402047113e+1,8.609316135745e+0,1.589658807822e+1,3.551890432745e+1,0.000000000000e+0,0.000000000000e+0,0.000000000000e+0,-2.371316527541e-3,-1.001664953180e-2,-6.848836546621e-2,7.311395859073e-2
1.800000000000e+0,2.472930255823e+0,0.000000000000e+0,8.621297508979e-1,-1.147712212466e-1,4.795831563355e-1,9.645200133726e-1,2.814685564636e-1,3.057402047113e+1,8.609316135746e+0,1.589658807822e+1,3.551890432745e+1,0.000000000000e+0,0.000000000000e+0,0.000000000000e+0,-2.573640400812e-3,-1.021420493749e-2,-7.038227324666e-2,7.197482713148e-2
1.820000000000e+0,2.472930255823e+0,0.000000000000e+0,8.594720584845e-1,-1.118213977172e-1,4.854160122220e-1,9.561254330642e-1,2.837381497695e-1,3.057402047113e+1,8.609316135746e+0,1.589658807822e+1,3.551890432745e+1,0.000000000000e+0,0.000000000000e+0,0.000000000000e+0,-2.779821969080e-3,-1.040234724082e-2,-7.221505408027e-2,7.071581018107e-2
1.840000000000e+0,2.472930255823e+0,0.000000000000e+0,8.571653831266e-1,-1.095678786802e-1,4.941813271697e-1,9.458528582720e-1,2.852985659348e-1,3.057402047113e+1,8.609316135746e+0,1.589658807822e+1,3.551890432745e+1,0.000000000000e+0,0.000000000000e+0,0.000000000000e+0,-2.989668692504e-3,-1.058065016763e-2,-7.398535654043e-2,6.933866485419e-2
1.860000000000e+0,2.472930255823e+0,0.000000000000e+0,8.552028008111e-1,-1.079937587331e-1,5.057599142815e-1,9.338147559768e-1,2.861465434866e-1,3.057402047113e+1,8.609316135746e+0,1.589658807822e+1,3.551890432745e+1,0.000000000000e+0,0.000000000000e+0,0.000000000000e+0,-3.202979598374e-3,-1.074869682065e-2,-7.569188715108e-2,6.784533924786e-2
1.880000000000e+0,2.472930255823e+0,0.000000000000e+0,8.535753806348e-1,-1.070780966115e-1,5.200150282206e-1,9.201354418307e-1,2.862825017482e-1,3.057402047113e+1,8.609316135746e+0,1.589658807822e+1,3.551890432745e+1,0.000000000000e+0,0.000000000000e+0,0.000000000000e+0,-3.419545475599e-3,-1.090608037580e-2,-7.733341122164e-2,6.623796959489e-2
1.900000000000e+0,2.472930255823e+0,0.000000000000e+0,8.522722856479e-1,-1.067961195587e-1,5.367934180099e-1,9.049501780011e-1,2.857104937225e-1,3.057402047113e+1,8.609316135746e+0,1.589658807822e+1,3.551890432745e+1,0.000000000000e+0,0.000000000000e+0,0.000000000000e+0,-3.639149083235e-3,-1.105240479131e-2,-7.890875362305e-2,6.451887712003e-2
1.920000000000e+0,2.472930255823e+0,0.000000000000e+0,8.512808850043e-1,-1.071194505921e-1,5.559264823753e-1,8.884041989477e-1,2.844381400874e-1,3.057402047113e+1,8.609316135746e+0,1.589658807822e+1,3.551890432745e+1,0.000000000000e+0,0.000000000000e+0,0.000000000000e+0,-3.861565373330e-3,-1.118728552929e-2,-8.041679950484e-2,6.269056460267e-2
1.940000000000e+0,2.472930255823e+0,0.000000000000e+0,8.505868766129e-1,-1.080163570606e-1,5.772315199244e-1,8.706516714930e-1,2.824765448528e-1,3.057402047113e+1,8.609316135746e+0,1.589658807822e+1,3.551890432745e+1,0.000000000000e+0,0.000000000000e+0,0.000000000000e+0,-4.086561728313e-3,-1.131035028872e-2,-8.185649495339e-2,6.075571265070e-2
1.960000000000e+0,2.472930255823e+0,0.000000000000e+0,8.501744194210e-1,-1.094520187580e-1,6.005130658564e-1,8.518545959826e-1,2.798401933206e-1,3.057402047113e+1,8.609316135746e+0,1.589658807822e+1,3.551890432745e+1,0.000000000000e+0,0.000000000000e+0,0.000000000000e+0,-4.313898213145e-3,-1.142123974872e-2,-8.322684759147e-2,5.871717569038e-2
1.980000000000e+0,2.472930255822e+0,0.000000000000e+0,8.500262744044e-1,-1.113888137423e-1,6.255643063550e-1,8.321816557272e-1,2.765468330783e-1,3.057402047113e+1,8.609316135746e+0,1.589658807822e+1,3.551890432745e+1,0.000000000000e+0,0.000000000000e+0,0.000000000000e+0,-4.543327842432e-3,-1.151960832040e-2,-8.452692711915e-2,5.657797767764e-2
2.000000000000e+0,2.472930255822e+0,0.000000000000e+0,8.501239532858e-1,-1.137866199050e-1,6.521685613268e-1,8.118070222763e-1,2.726173388386e-1,3.057402047113e+1,8.609316135746e+0,1.589658807822e+1,3.551890432745e+1,0.000000000000e+0,0.000000000000e+0,0.000000000000e+0,-4.774596862638e-3,-1.160512490533e-2,-8.575586579644e-2,5.434130753656e-2
2.020000000000e+0,2.472930255822e+0,0.000000000000e+0,8.504478739575e-1,-1.166031302395e-1,6.801008257106e-1,7.909091243782e-1,2.680755620155e-1,3.057402047113e+1,8.609316135745e+0,1.589658807822e+1,3.551890432745e+1,0.000000000000e+0,0.000000000000e+0,0.000000000000e+0,-5.007445049517e-3,-1.167747365821e-2,-8.691285886768e-2,5.201051433139e-2
2.040000000000e+0,2.472930255822e+0,0.000000000000e+0,8.509775215452e-1,-1.197941796794e-1,7.091293592116e-1,7.696693887405e-1,2.629481660044e-1,3.057402047113e+1,8.609316135745e+0,1.589658807822e+1,3.551890432745e+1,0.000000000000e+0,0.000000000000e+0,0.000000000000e+0,-5.241606020815e-3,-1.173635475114e-2,-8.799716492810e-2,4.958910217869e-2
2.060000000000e+0,2.472930255822e+0,0.000000000000e+0,8.516916140167e-1,-1.233140813081e-1,7.390173139974e-1,7.482709609171e-1,2.572644481991e-1,3.057402047113e+1,8.609316135745e+0,1.589658807822e+1,3.551890432745e+1,0.000000000000e+0,0.000000000000e+0,0.000000000000e+0,-5.476807564256e-3,-1.178148513633e-2,-8.900810623277e-2,4.708072490690e-2
2.080000000000e+0,2.472930255822e+0,0.000000000000e+0,8.525682712131e-1,-1.271159696882e-1,7.695243896519e-1,7.268974148000e-1,2.510561498453e-1,3.057402047113e+1,8.609316135745e+0,1.589658807822e+1,3.551890432745e+1,0.000000000000e+0,0.000000000000e+0,0.000000000000e+0,-5.712771980729e-3,-1.181259930402e-2,-8.994506894821e-2,4.448918047090e-2
2.100000000000e+0,2.472930255822e+0,0.000000000000e+0,8.535851861621e-1,-1.311521490200e-1,8.004085044968e-1,7.057314592984e-1,2.443572548848e-1,3.057402047113e+1,8.609316135745e+0,1.589658807822e+1,3.551890432745e+1,0.000000000000e+0,0.000000000000e+0,0.000000000000e+0,-5.949216442565e-3,-1.182945003204e-2,-9.080750334705e-2,4.181840512963e-2
2.120000000000e+0,2.472930255822e+0,0.000000000000e+0,8.547197975204e-1,-1.353744438125e-1,8.314274722841e-1,6.849536508307e-1,2.372037789992e-1,3.057402047112e+1,8.609316135744e+0,1.589658807822e+1,3.551890432745e+1,0.000000000000e+0,0.000000000000e+0,0.000000000000e+0,-6.185853366683e-3,-1.183180912314e-2,-9.159492394607e-2,3.907246739528e-2
2.140000000000e+0,2.472930255822e+0,0.000000000000e+0,8.559494619888e-1,-1.397345497405e-1,8.623406732216e-1,6.647411202481e-1,2.296335501038e-1,3.057402047112e+1,8.609316135744e+0,1.589658807822e+1,3.551890432745e+1,0.000000000000e+0,0.000000000000e+0,0.000000000000e+0,-6.422390802331e-3,-1.181946812607e-2,-9.230690958788e-2,3.625556176315e-2
2.160000000000e+0,2.472930255822e+0,0.000000000000e+0,8.572516255467e-1,-1.441843823659e-1,8.929107083233e-1,6.452663227346e-1,2.216859815833e-1,3.057402047112e+1,8.609316135744e+0,1.589658807822e+1,3.551890432745e+1,0.000000000000e+0,0.000000000000e+0,0.000000000000e+0,-6.658532833052e-3,-1.179223903643e-2,-9.294310346677e-2,3.337200223135e-2
2.180000000000e+0,2.472930255822e+0,0.000000000000e+0,8.586039923627e-1,-1.486764214214e-1,9.229050261816e-1,6.266958191078e-1,2.134018395911e-1,3.057402047112e+1,8.609316135743e+0,1.589658807822e+1,3.551890432745e+1,0.000000000000e+0,0.000000000000e+0,0.000000000000e+0,-6.893979992428e-3,-1.174995497285e-2,-9.350321309896e-2,3.042621562039e-2
2.200000000000e+0,2.472930255822e+0,0.000000000000e+0,8.599846902585e-1,-1.531640483870e-1,9.520975114330e-1,6.091890967573e-1,2.048230057599e-1,3.057402047112e+1,8.609316135743e+0,1.589658807822e+1,3.551890432745e+1,0.000000000000e+0,0.000000000000e+0,0.000000000000e+0,-7.128429693063e-3,-1.169247082435e-2,-9.398701023773e-2,2.742273470279e-2
2.220000000000e+0,2.472930255822e+0,0.000000000000e+0,8.613724316255e-1,-1.576018751419e-1,9.802700244338e-1,5.928974382196e-1,1.959922366847e-1,3.057402047112e+1,8.609316135743e+0,1.589658807822e+1,3.551890432745e+1,0.000000000000e+0,0.000000000000e+0,0.000000000000e+0,-7.361576668194e-3,-1.161966386451e-2,-9.439433073384e-2,2.436619115339e-2
2.240000000000e+0,2.472930255822e+0,0.000000000000e+0,8.627466687287e-1,-1.619460615361e-1,1.007213881982e+0,5.779628450931e-1,1.869529215540e-1,3.057402047112e+1,8.609316135742e+0,1.589658807822e+1,3.551890432745e+1,0.000000000000e+0,0.000000000000e+0,0.000000000000e+0,-7.593113425215e-3,-1.153143432830e-2,-9.472507434160e-2,2.126130833138e-2
2.260000000000e+0,2.472930255822e+0,0.000000000000e+0,8.640877423728e-1,-1.661546198038e-1,1.032731269306e+0,5.645170246450e-1,1.777488393017e-1,3.057402047112e+1,8.609316135742e+0,1.589658807822e+1,3.551890432745e+1,0.000000000000e+0,0.000000000000e+0,0.000000000000e+0,-7.822730710332e-3,-1.142770594732e-2,-9.497920447113e-2,1.811289390545e-2
2.280000000000e+0,2.472930255821e+0,0.000000000000e+0,8.653770229498e-1,-1.701877038329e-1,1.056636573992e+0,5.526804460631e-1,1.684239166497e-1,3.057402047112e+1,8.609316135742e+0,1.589658807822e+1,3.551890432745e+1,0.000000000000e+0,0.000000000000e+0,0.000000000000e+0,-8.050117983469e-3,-1.130842643958e-2,-9.515674788714e-2,1.492583233387e-2
2.300000000000e+0,2.472930255821e+0,0.000000000000e+0,8.665970429424e-1,-1.740078814095e-1,1.078757633041e+0,5.425614728519e-1,1.590219883954e-1,3.057402047112e+1,8.609316135741e+0,1.589658807822e+1,3.551890432744e+1,0.000000000000e+0,0.000000000000e+0,0.000000000000e+0,-8.274963902489e-3,-1.117356794990e-2,-9.525779435484e-2,1.170507721150e-2
2.320000000000e+0,2.472930255821e+0,0.000000000000e+0,8.677316200168e-1,-1.775803876730e-1,1.098936884824e+0,5.342555773748e-1,1.495865612783e-1,3.057402047112e+1,8.609316135741e+0,1.589658807822e+1,3.551890432744e+1,0.000000000000e+0,0.000000000000e+0,0.000000000000e+0,-8.496956815693e-3,-1.102312743752e-2,-9.528249623340e-2,8.455643496188e-3
2.340000000000e+0,2.472930255821e+0,0.000000000000e+0,8.687659699027e-1,-1.808733581468e-1,1.117032418331e+0,5.278446430052e-1,1.401605827287e-1,3.057402047112e+1,8.609316135741e+0,1.589658807822e+1,3.551890432744e+1,0.000000000000e+0,0.000000000000e+0,0.000000000000e+0,-8.715785261524e-3,-1.085712700761e-2,-9.523106801747e-2,5.182599627170e-3
2.360000000000e+0,2.472930255821e+0,0.000000000000e+0,8.696868083310e-1,-1.838580398476e-1,1.132918912809e+0,5.233963587628e-1,1.307862157656e-1,3.057402047112e+1,8.609316135740e+0,1.589658807822e+1,3.551890432744e+1,0.000000000000e+0,0.000000000000e+0,0.000000000000e+0,-8.931138474309e-3,-1.067561418374e-2,-9.510378582742e-2,1.891059548429e-3
2.380000000000e+0,2.472930255821e+0,0.000000000000e+0,8.704824413711e-1,-1.865089791303e-1,1.146488461612e+0,5.209637107012e-1,1.215046212670e-1,3.057402047112e+1,8.609316135740e+0,1.589658807822e+1,3.551890432744e+1,0.000000000000e+0,0.000000000000e+0,0.000000000000e+0,-9.142706894839e-3,-1.047866211877e-2,-9.490098684879e-2,-1.413825349840e-3
2.400000000000e+0,2.472930255821e+0,0.000000000000e+0,8.711428435956e-1,-1.888041850770e-1,1.157651274863e+0,5.205845736574e-1,1.123557487824e-1,3.057402047112e+1,8.609316135740e+0,1.589658807822e+1,3.551890432744e+1,0.000000000000e+0,0.000000000000e+0,0.000000000000e+0,-9.350182684535e-3,-1.026636974206e-2,-9.462306872161e-2,-4.726874358346e-3
2.420000000000e+0,2.472930255821e+0,0.000000000000e+0,8.716597235776e-1,-1.907252674136e-1,1.166336256353e+0,5.222814063048e-1,1.033781369989e-1,3.057402047112e+1,8.609316135740e+0,1.589658807822e+1,3.551890432744e+1,0.000000000000e+0,0.000000000000e+0,0.000000000000e+0,-9.553260241911e-3,-1.003886184124e-2,-9.427048888027e-2,-8.042885630871e-3
2.440000000000e+0,2.472930255821e+0,0.000000000000e+0,8.720265763166e-1,-1.922575481026e-1,1.172491450948e+0,5.260610517503e-1,9.460872490886e-2,3.057402047112e+1,8.609316135739e+0,1.589658807822e+1,3.551890432744e+1,0.000000000000e+0,0.000000000000e+0,0.000000000000e+0,-9.751636719993e-3,-9.796289077263e-3,-9.384376384468e-2,-1.135664440786e-2
2.460000000000e+0,2.472930255821e+0,0.000000000000e+0,8.722387222775e-1,-1.933901459442e-1,1.176084359632e+0,5.319146452044e-1,8.608267465123e-2,3.057402047112e+1,8.609316135739e+0,1.589658807821e+1,3.551890432744e+1,0.000000000000e+0,0.000000000000e+0,0.000000000000e+0,-9.945012543381e-3,-9.538827931946e-3,-9.334346846338e-2,-1.466293126773e-2
2.480000000000e+0,2.472930255821e+0,0.000000000000e+0,8.722933328182e-1,-1.941160337002e-1,1.177102120251e+0,5.398176295258e-1,7.783320692547e-2,3.057402047112e+1,8.609316135739e+0,1.589658807821e+1,3.551890432744e+1,0.000000000000e+0,0.000000000000e+0,0.000000000000e+0,-1.013309192358e-2,-9.266680587757e-3,-9.277023510957e-2,-1.795653039202e-2
2.500000000000e+0,2.472930255820e+0,0.000000000000e+0,8.721894418740e-1,-1.944320674372e-1,1.175551552879e+0,5.497298787142e-1,6.989144979067e-2,3.057402047112e+1,8.609316135739e+0,1.589658807821e+1,3.551890432744e+1,0.000000000000e+0,0.000000000000e+0,0.000000000000e+0,-1.031558337122e-2,-8.980074739890e-3,-9.212475283077e-2,-2.123223783065e-2
2.520000000000e+0,2.472930255820e+0,0.000000000000e+0,8.719279438615e-1,-1.943389879791e-1,1.171459069672e+0,5.615959286893e-1,6.228630157643e-2,3.057402047111e+1,8.609316135738e+0,1.589658807821e+1,3.551890432744e+1,0.000000000000e+0,0.000000000000e+0,0.000000000000e+0,-1.049220020393e-2,-8.679263341372e-3,-9.140776645318e-2,-2.448486975346e-2
2.540000000000e+0,2.472930255820e+0,0.000000000000e+0,8.715115778568e-1,-1.938413945393e-1,1.164870449996e+0,5.753453139677e-1,5.504430853938e-2,3.057402047111e+1,8.609316135738e+0,1.589658807821e+1,3.551890432744e+1,0.000000000000e+0,0.000000000000e+0,0.000000000000e+0,-1.066266104832e-2,-8.364524282285e-3,-9.062007564162e-2,-2.770927067408e-2
2.560000000000e+0,2.472930255820e+0,0.000000000000e+0,8.709448981962e-1,-1.929476907971e-1,1.155850482484e+0,5.908930081332e-1,4.818955780377e-2,3.057402047111e+1,8.609316135738e+0,1.589658807821e+1,3.551890432744e+1,0.000000000000e+0,0.000000000000e+0,0.000000000000e+0,-1.082669033504e-2,-8.036160004713e-3,-8.976253391619e-2,-3.090032163269e-2
2.580000000000e+0,2.472930255820e+0,0.000000000000e+0,8.702342317398e-1,-1.916700038614e-1,1.144482476624e+0,6.081399652919e-1,4.174358602613e-2,3.057402047111e+1,8.609316135738e+0,1.589658807821e+1,3.551890432744e+1,0.000000000000e+0,0.000000000000e+0,0.000000000000e+0,-1.098401878542e-2,-7.694497055419e-3,-8.883604762671e-2,-3.405294832380e-2
2.600000000000e+0,2.472930255820e+0,0.000000000000e+0,8.693876221260e-1,-1.900240767479e-1,1.130867647297e+0,6.269737590223e-1,3.572530412292e-2,3.057402047111e+1,8.609316135738e+0,1.589658807821e+1,3.551890432744e+1,0.000000000000e+0,0.000000000000e+0,0.000000000000e+0,-1.113438388859e-2,-7.339885578723e-3,-8.784157488619e-2,-3.716212915575e-2
2.620000000000e+0,2.472930255820e+0,0.000000000000e+0,8.684147614350e-1,-1.880291351731e-1,1.115124376585e+0,6.472693146747e-1,3.015093829809e-2,3.057402047111e+1,8.609316135738e+0,1.589658807821e+1,3.551890432744e+1,0.000000000000e+0,0.000000000000e+0,0.000000000000e+0,-1.127753036789e-2,-6.972698752398e-3,-8.678012446449e-2,-4.022290322853e-2
2.640000000000e+0,2.472930255820e+0,0.000000000000e+0,8.673269097597e-1,-1.857077296365e-1,1.097387357948e+0,6.688897302448e-1,2.503398750427e-2,3.057402047111e+1,8.609316135738e+0,1.589658807821e+1,3.551890432743e+1,0.000000000000e+0,0.000000000000e+0,0.000000000000e+0,-1.141321063545e-2,-6.593332169785e-3,-8.565275464366e-2,-4.323037821689e-2
2.660000000000e+0,2.472930255820e+0,0.000000000000e+0,8.661368032652e-1,-1.830855539267e-1,1.077806628656e+0,6.916871804573e-1,2.038519736802e-2,3.057402047111e+1,8.609316135738e+0,1.589658807821e+1,3.551890432743e+1,0.000000000000e+0,0.000000000000e+0,0.000000000000e+0,-1.154118523388e-2,-6.202203171609e-3,-8.446057203616e-2,-4.617973814572e-2
2.680000000000e+0,2.472930255820e+0,0.000000000000e+0,8.648585513940e-1,-1.801912413399e-1,1.056546497122e+0,7.155038981367e-1,1.621255050727e-2,3.057402047111e+1,8.609316135738e+0,1.589658807821e+1,3.551890432743e+1,0.000000000000e+0,0.000000000000e+0,0.000000000000e+0,-1.166122326417e-2,-5.799750131279e-3,-8.320473036760e-2,-4.906625104532e-2
2.700000000000e+0,2.472930255820e+0,0.000000000000e+0,8.635075239431e-1,-1.770561400492e-1,1.033784372425e+0,7.401732264325e-1,1.252127306786e-2,3.057402047111e+1,8.609316135738e+0,1.589658807821e+1,3.551890432743e+1,0.000000000000e+0,0.000000000000e+0,0.000000000000e+0,-1.177310279882e-2,-5.386431697655e-3,-8.188642922537e-2,-5.188527647390e-2
2.720000000000e+0,2.472930255819e+0,0.000000000000e+0,8.621002288083e-1,-1.737140691917e-1,1.009709503999e+0,7.655207349970e-1,9.313857207180e-3,3.057402047111e+1,8.609316135738e+0,1.589658807821e+1,3.551890432743e+1,0.000000000000e+0,0.000000000000e+0,0.000000000000e+0,-1.187661127947e-2,-4.962725999455e-3,-8.050691277491e-2,-5.463227289559e-2
2.740000000000e+0,2.472930255819e+0,0.000000000000e+0,8.606541812487e-1,-1.702010573727e-1,9.845216399918e-1,7.913653927949e-1,6.590099156754e-3,3.057402047111e+1,8.609316135738e+0,1.589658807821e+1,3.551890432743e+1,0.000000000000e+0,0.000000000000e+0,0.000000000000e+0,-1.197154589825e-2,-4.529129815587e-3,-7.906746844514e-2,-5.730280490195e-2
2.760000000000e+0,2.472930255819e+0,0.000000000000e+0,8.591877655817e-1,-1.665550653926e-1,9.584296133749e-1,8.175207898526e-1,4.347152402817e-3,3.057402047111e+1,8.609316135738e+0,1.589658807821e+1,3.551890432743e+1,0.000000000000e+0,0.000000000000e+0,0.000000000000e+0,-1.205771396221e-2,-4.086157715770e-3,-7.756942558483e-2,-5.989255026585e-2
2.780000000000e+0,2.472930255819e+0,0.000000000000e+0,8.577200902653e-1,-1.628156951059e-1,9.316498652828e-1,8.437963999415e-1,2.579595435554e-3,3.057402047111e+1,8.609316135739e+0,1.589658807821e+1,3.551890432743e+1,0.000000000000e+0,0.000000000000e+0,0.000000000000e+0,-1.213493324037e-2,-3.634341175831e-3,-7.601415409168e-2,-6.239730681653e-2
2.800000000000e+0,2.472930255819e+0,0.000000000000e+0,8.562708373671e-1,-1.590238864092e-1,9.044049155043e-1,8.699988759235e-1,1.279513433585e-3,3.057402047111e+1,8.609316135739e+0,1.589658807821e+1,3.551890432743e+1,0.000000000000e+0,0.000000000000e+0,0.000000000000e+0,-1.220303229278e-2,-3.174227672042e-3,-7.440306301580e-2,-6.481299912529e-2
2.820000000000e+0,2.472930255819e+0,0.000000000000e+0,8.548601074549e-1,-1.552216044279e-1,8.769217903399e-1,8.959333692805e-1,4.365931717804e-4,3.057402047111e+1,8.609316135739e+0,1.589658807821e+1,3.551890432743e+1,0.000000000000e+0,0.000000000000e+0,0.000000000000e+0,-1.226185078136e-2,-2.706379758756e-3,-7.273759913967e-2,-6.713568499162e-2
2.840000000000e+0,2.472930255819e+0,0.000000000000e+0,8.535082609723e-1,-1.514515190332e-1,8.494304183130e-1,9.214048651996e-1,3.823036752077e-5,3.057402047111e+1,8.609316135739e+0,1.589658807821e+1,3.551890432743e+1,0.000000000000e+0,0.000000000000e+0,0.000000000000e+0,-1.231123976210e-2,-2.231374133504e-3,-7.101924553621e-2,-6.936156171977e-2
2.860000000000e+0,2.472930255819e+0,0.000000000000e+0,8.522357571828e-1,-1.477566788660e-1,8.221620044017e-1,9.462195244867e-1,6.964861385073e-5,3.057402047111e+1,8.609316135739e+0,1.589658807821e+1,3.551890432744e+1,0.000000000000e+0,0.000000000000e+0,0.000000000000e+0,-1.235106195853e-2,-1.749800693519e-3,-6.924952010704e-2,-7.148697217652e-2
2.880000000000e+0,2.472930255819e+0,0.000000000000e+0,8.510629917827e-1,-1.441801820788e-1,7.953473935805e-1,9.701860235469e-1,5.140289877237e-4,3.057402047111e+1,8.609316135740e+0,1.589658807821e+1,3.551890432744e+1,0.000000000000e+0,0.000000000000e+0,0.000000000000e+0,-1.238119201620e-2,-1.262261587457e-3,-6.742997410288e-2,-7.350841062098e-2
2.900000000000e+0,2.472930255819e+0,0.000000000000e+0,8.500101342869e-1,-1.407648460221e-1,7.692154345031e-1,9.931168836827e-1,1.352649368418e-3,3.057402047111e+1,8.609316135740e+0,1.589658807821e+1,3.551890432744e+1,0.000000000000e+0,0.000000000000e+0,0.000000000000e+0,-1.240151673827e-2,-7.693702658058e-4,-6.556219062787e-2,-7.542252829795e-2
2.920000000000e+0,2.472930255819e+0,0.000000000000e+0,8.490969662968e-1,-1.375528781080e-1,7.439913541404e-1,1.014829781035e+0,2.565032454957e-3,3.057402047111e+1,8.609316135740e+0,1.589658807821e+1,3.551890432744e+1,0.000000000000e+0,0.000000000000e+0,0.000000000000e+0,-1.241193530199e-2,-2.717505331978e-4,-6.364778313000e-2,-7.722613878664e-2
2.940000000000e+0,2.472930255819e+0,0.000000000000e+0,8.483427217466e-1,-1.345855500727e-1,7.198951540937e-1,1.035148828619e+0,4.129101432683e-3,3.057402047111e+1,8.609316135740e+0,1.589658807821e+1,3.551890432744e+1,0.000000000000e+0,0.000000000000e+0,0.000000000000e+0,-1.241235945640e-2,2.299643944664e-4,-6.168839387944e-2,-7.891622309701e-2
2.960000000000e+0,2.472930255819e+0,0.000000000000e+0,8.477659302176e-1,-1.319028778339e-1,6.971400391458e-1,1.053905822082e+0,6.021342207855e-3,3.057402047111e+1,8.609316135741e+0,1.589658807821e+1,3.551890432744e+1,0.000000000000e+0,0.000000000000e+0,0.000000000000e+0,-1.240271370117e-2,7.351328255525e-4,-5.968569243683e-2,-8.048993450646e-2
2.980000000000e+0,2.472930255819e+0,0.000000000000e+0,8.473842643824e-1,-1.295433091045e-1,6.759308883908e-1,1.070941441045e+0,8.216971105528e-3,3.057402047112e+1,8.609316135741e+0,1.589658807821e+1,3.551890432744e+1,0.000000000000e+0,0.000000000000e+0,0.000000000000e+0,-1.238293544682e-2,1.243105518687e-3,-5.764137411345e-2,-8.194460313002e-2
3.000000000000e+0,2.472930255819e+0,0.000000000000e+0,8.472143926209e-1,-1.275434208690e-1,6.564627789951e-1,1.086106398162e+0,1.069010690971e-2,3.057402047112e+1,8.609316135741e+0,1.589658807821e+1,3.551890432744e+1,0.000000000000e+0,0.000000000000e+0,0.000000000000e+0,-1.235297515657e-2,1.753226597413e-3,-5.555715842506e-2,-8.327774021756e-2
3.020000000000e+0,2.472930255819e+0,0.000000000000e+0,8.472718378118e-1,-1.259376287668e-1,6.389195722949e-1,1.099262528362e+0,1.341394611657e-2,3.057402047112e+1,8.609316135741e+0,1.589658807821e+1,3.551890432744e+1,0.000000000000e+0,0.000000000000e+0,0.000000000000e+0,-1.231279646999e-2,2.264834452083e-3,-5.343478754160e-2,-8.448704217210e-2
3.040000000000e+0,2.472930255819e+0,0.000000000000e+0,8.475708432654e-1,-1.247579103514e-1,6.234725715309e-1,1.110283811104e+0,1.636094026998e-2,3.057402047112e+1,8.609316135742e+0,1.589658807821e+1,3.551890432744e+1,0.000000000000e+0,0.000000000000e+0,0.000000000000e+0,-1.226237630879e-2,2.777262627968e-3,-5.127602473424e-2,-8.557039428348e-2
3.060000000000e+0,2.472930255819e+0,0.000000000000e+0,8.481242467197e-1,-1.240335441007e-1,6.102792600566e-1,1.119057318888e+0,1.950297425551e-2,3.057402047112e+1,8.609316135742e+0,1.589658807822e+1,3.551890432744e+1,0.000000000000e+0,0.000000000000e+0,0.000000000000e+0,-1.220170496488e-2,3.289840698933e-3,-4.908265282187e-2,-8.652587417245e-2
3.080000000000e+0,2.472930255819e+0,0.000000000000e+0,8.489433632680e-1,-1.237908659593e-1,5.994821283469e-1,1.125484085722e+0,2.281154444166e-2,3.057402047112e+1,8.609316135742e+0,1.589658807822e+1,3.551890432744e+1,0.000000000000e+0,0.000000000000e+0,0.000000000000e+0,-1.213078617128e-2,3.801895126420e-3,-4.685647261863e-2,-8.735175494022e-2
3.100000000000e+0,2.472930255819e+0,0.000000000000e+0,8.500378780323e-1,-1.240530450792e-1,5.912075975683e-1,1.129479889719e+0,2.625793557807e-2,3.057402047112e+1,8.609316135742e+0,1.589658807822e+1,3.551890432744e+1,0.000000000000e+0,0.000000000000e+0,0.000000000000e+0,-1.204963715583e-2,4.312750103846e-3,-4.459930138425e-2,-8.804650801924e-2
3.120000000000e+0,2.472930255819e+0,0.000000000000e+0,8.514157493362e-1,-1.248398803048e-1,5.855650468653e-1,1.130975944535e+0,2.981339538687e-2,3.057402047112e+1,8.609316135743e+0,1.589658807822e+1,3.551890432744e+1,0.000000000000e+0,0.000000000000e+0,0.000000000000e+0,-1.195828867828e-2,4.821728386849e-3,-4.231297127884e-2,-8.860880572133e-2
3.140000000000e+0,2.472930255819e+0,0.000000000000e+0,8.530831230619e-1,-1.261676188179e-1,5.826459508697e-1,1.129919494888e+0,3.344930581652e-2,3.057402047112e+1,8.609316135743e+0,1.589658807822e+1,3.551890432744e+1,0.000000000000e+0,0.000000000000e+0,0.000000000000e+0,-1.185678505080e-2,5.328152110161e-3,-3.999932782359e-2,-8.903752347942e-2
3.160000000000e+0,2.472930255819e+0,0.000000000000e+0,8.550442588113e-1,-1.280487982193e-1,5.825231332498e-1,1.126274312010e+0,3.713734996671e-2,3.057402047112e+1,8.609316135743e+0,1.589658807822e+1,3.551890432744e+1,0.000000000000e+0,0.000000000000e+0,0.000000000000e+0,-1.174518414237e-2,5.831343592165e-3,-3.766022836910e-2,-8.933174178010e-2
3.180000000000e+0,2.472930255819e+0,0.000000000000e+0,8.573014684115e-1,-1.304921131772e-1,5.852501413977e-1,1.120021085449e+0,4.084967373740e-2,3.057402047112e+1,8.609316135743e+0,1.589658807822e+1,3.551890432745e+1,0.000000000000e+0,0.000000000000e+0,0.000000000000e+0,-1.162355736714e-2,6.330626128442e-3,-3.529754057249e-2,-8.949074778386e-2
3.200000000000e+0,2.472930255819e+0,0.000000000000e+0,8.598550672349e-1,-1.335023076153e-1,5.908607466023e-1,1.111157708292e+0,4.455904130482e-2,3.057402047112e+1,8.609316135743e+0,1.589658807822e+1,3.551890432745e+1,0.000000000000e+0,0.000000000000e+0,0.000000000000e+0,-1.149198965705e-2,6.825324775864e-3,-3.291314088485e-2,-8.951403663101e-2
3.220000000000e+0,2.472930255819e+0,0.000000000000e+0,8.627033387173e-1,-1.370800932580e-1,5.993685732770e-1,1.099699453501e+0,4.823898358167e-2,3.057402047112e+1,8.609316135744e+0,1.589658807822e+1,3.551890432745e+1,0.000000000000e+0,0.000000000000e+0,0.000000000000e+0,-1.135057941881e-2,7.314767128931e-3,-3.050891305018e-2,-8.940131243113e-2
3.240000000000e+0,2.472930255819e+0,0.000000000000e+0,8.658425123789e-1,-1.412220951796e-1,6.107668600153e-1,1.085679039726e+0,5.186393887759e-2,3.057402047112e+1,8.609316135744e+0,1.589658807822e+1,3.551890432745e+1,0.000000000000e+0,0.000000000000e+0,0.000000000000e+0,-1.119943847542e-2,7.798284090235e-3,-2.808674661704e-2,-8.915248893453e-2
3.260000000000e+0,2.472930255819e+0,0.000000000000e+0,8.692667555682e-1,-1.459208248377e-1,6.250283544317e-1,1.069146585618e+0,5.540938503846e-2,3.057402047112e+1,8.609316135744e+0,1.589658807822e+1,3.551890432745e+1,0.000000000000e+0,0.000000000000e+0,0.000000000000e+0,-1.103869199238e-2,8.275210636969e-3,-2.564853546393e-2,-8.876768988457e-2
3.280000000000e+0,2.472930255819e+0,0.000000000000e+0,8.729681790604e-1,-1.511646808944e-1,6.421053429171e-1,1.050169452327e+0,5.885196240888e-2,3.057402047112e+1,8.609316135744e+0,1.589658807822e+1,3.551890432745e+1,0.000000000000e+0,0.000000000000e+0,0.000000000000e+0,-1.086847838851e-2,8.744886585515e-3,-2.319617633956e-2,-8.824724905002e-2
3.300000000000e+0,2.472930255818e+0,0.000000000000e+0,8.769368565557e-1,-1.569379779553e-1,6.619298156015e-1,1.028831974585e+0,6.216958703114e-2,3.057402047112e+1,8.609316135744e+0,1.589658807822e+1,3.551890432745e+1,0.000000000000e+0,0.000000000000e+0,0.000000000000e+0,-1.068894923157e-2,9.206657356078e-3,-2.073156741875e-2,-8.759170993704e-2
3.320000000000e+0,2.472930255818e+0,0.000000000000e+0,8.811608580355e-1,-1.632210031761e-1,6.844137659760e-1,1.005235081418e+0,6.534155356491e-2,3.057402047112e+1,8.609316135744e+0,1.589658807822e+1,3.551890432745e+1,0.000000000000e+0,0.000000000000e+0,0.000000000000e+0,-1.050026911845e-2,9.659874739337e-3,-1.825660687495e-2,-8.680182518087e-2
3.340000000000e+0,2.472930255818e+0,0.000000000000e+0,8.856262968429e-1,-1.699901005088e-1,7.094496237862e-1,9.794958082128e-1,6.834862748527e-2,3.057402047112e+1,8.609316135744e+0,1.589658807822e+1,3.551890432745e+1,0.000000000000e+0,0.000000000000e+0,0.000000000000e+0,-1.030261554013e-2,1.010389766696e-2,-1.577319147005e-2,-8.587855561744e-2
3.360000000000e+0,2.472930255818e+0,0.000000000000e+0,8.903173902698e-1,-1.772177821819e-1,7.369108189734e-1,9.517467025662e-1,7.117312619083e-2,3.057402047113e+1,8.609316135744e+0,1.589658807822e+1,3.551890432745e+1,0.000000000000e+0,0.000000000000e+0,0.000000000000e+0,-1.009617873110e-2,1.053809298769e-2,-1.328321516225e-2,-8.482306903588e-2
3.380000000000e+0,2.472930255818e+0,0.000000000000e+0,8.952165333418e-1,-1.848728668319e-1,7.666524736146e-1,9.221351269641e-1,7.379898872977e-2,3.057402047113e+1,8.609316135744e+0,1.589658807822e+1,3.551890432745e+1,0.000000000000e+0,0.000000000000e+0,0.000000000000e+0,-9.881161503135e-3,1.096183625060e-2,-1.078856773257e-2,-8.363673861300e-2
3.400000000000e+0,2.472930255818e+0,0.000000000000e+0,9.003043854079e-1,-1.929206435284e-1,7.985122180004e-1,8.908224620111e-1,7.621183392712e-2,3.057402047113e+1,8.609316135744e+0,1.589658807822e+1,3.551890432745e+1,0.000000000000e+0,0.000000000000e+0,0.000000000000e+0,-9.657779063485e-3,1.137451249670e-2,-8.291133430441e-3,-8.232114103139e-2
3.420000000000e+0,2.472930255818e+0,0.000000000000e+0,9.055599690574e-1,-2.013230607651e-1,8.323111261966e-1,8.579832145561e-1,7.839900677318e-2,3.057402047113e+1,8.609316135744e+0,1.589658807822e+1,3.551890432745e+1,0.000000000000e+0,0.000000000000e+0,0.000000000000e+0,-9.426258816969e-3,1.177551706008e-2,-5.792789639122e-3,-8.087805428310e-2
3.440000000000e+0,2.472930255818e+0,0.000000000000e+0,9.109607808027e-1,-2.100389393238e-1,8.678547656646e-1,8.238040356661e-1,8.034961300859e-2,3.057402047113e+1,8.609316135744e+0,1.589658807822e+1,3.551890432745e+1,0.000000000000e+0,0.000000000000e+0,0.000000000000e+0,-9.186840152044e-3,1.216425637927e-2,-3.295405561080e-3,-7.930945516152e-2
3.460000000000e+0,2.472930255818e+0,0.000000000000e+0,9.164829128913e-1,-2.190242077547e-1,9.049343547752e-1,7.884826539899e-1,8.205454191636e-2,3.057402047113e+1,8.609316135744e+0,1.589658807822e+1,3.551890432745e+1,0.000000000000e+0,0.000000000000e+0,0.000000000000e+0,-8.939774210513e-3,1.254014881926e-2,-8.008409239143e-4,-7.761751644411e-2
3.480000000000e+0,2.472930255818e+0,0.000000000000e+0,9.221011855286e-1,-2.282321590664e-1,9.433280213403e-1,7.522267306102e-1,8.350647740530e-2,3.057402047113e+1,8.609316135744e+0,1.589658807822e+1,3.551890432745e+1,0.000000000000e+0,0.000000000000e+0,0.000000000000e+0,-8.685323640682e-3,1.290262550420e-2,1.689055292953e-3,-7.580460376942e-2
3.500000000000e+0,2.472930255818e+0,0.000000000000e+0,9.277892887278e-1,-2.376137270707e-1,9.828021546109e-1,7.152526420090e-1,8.469989754101e-2,3.057402047113e+1,8.609316135744e+0,1.589658807822e+1,3.551890432745e+1,0.000000000000e+0,0.000000000000e+0,0.000000000000e+0,-8.423762333767e-3,1.325113116061e-2,4.172446110480e-3,-7.387327221229e-2
3.520000000000e+0,2.472930255818e+0,0.000000000000e+0,9.335199329294e-1,-2.471177806891e-1,1.023112842562e+0,6.777841982642e-1,8.563106275096e-2,3.057402047113e+1,8.609316135744e+0,1.589658807822e+1,3.551890432745e+1,0.000000000000e+0,0.000000000000e+0,0.000000000000e+0,-8.155375143328e-3,1.358512497024e-2,6.647507780863e-3,-7.182626256115e-2
3.540000000000e+0,2.472930255818e+0,0.000000000000e+0,9.392650074745e-1,-2.566914344026e-1,1.064007385700e+0,6.400513040485e-1,8.629799299776e-2,3.057402047113e+1,8.609316135744e+0,1.589658807822e+1,3.551890432745e+1,0.000000000000e+0,0.000000000000e+0,0.000000000000e+0,-7.880457587565e-3,1.390408143162e-2,9.112430996811e-3,-6.966649730245e-2
3.560000000000e+0,2.472930255818e+0,0.000000000000e+0,9.449957459568e-1,-2.662803729077e-1,1.105225878076e+0,6.022885704128e-1,8.670043427973e-2,3.057402047113e+1,8.609316135744e+0,1.589658807822e+1,3.551890432745e+1,0.000000000000e+0,0.000000000000e+0,0.000000000000e+0,-7.599315534307e-3,1.420749122874e-2,1.156542207903e-2,-6.739707631715e-2
3.580000000000e+0,2.472930255818e+0,0.000000000000e+0,9.506828974262e-1,-2.758291879358e-1,1.146502845741e+0,5.647338857068e-1,8.683981487963e-2,3.057402047113e+1,8.609316135744e+0,1.589658807822e+1,3.551890432745e+1,0.000000000000e+0,0.000000000000e+0,0.000000000000e+0,-7.312264868565e-3,1.449486210502e-2,1.400470414169e-2,-6.502127229502e-2
3.600000000000e+0,2.472930255818e+0,0.000000000000e+0,9.562969023728e-1,-2.852817251028e-1,1.187568932402e+0,5.276269543051e-1,8.671919184093e-2,3.057402047113e+1,8.609316135743e+0,1.589658807822e+1,3.551890432745e+1,0.000000000000e+0,0.000000000000e+0,0.000000000000e+0,-7.019631142586e-3,1.476571974022e-2,1.642851823575e-2,-6.254252587278e-2
3.620000000000e+0,2.472930255818e+0,0.000000000000e+0,9.618080723805e-1,-2.945814385729e-1,1.228152621723e+0,4.912078120815e-1,8.634318820556e-2,3.057402047113e+1,8.609316135743e+0,1.589658807822e+1,3.551890432745e+1,0.000000000000e+0,0.000000000000e+0,0.000000000000e+0,-6.721749208344e-3,1.501960862769e-2,1.883512446981e-2,-5.996444050286e-2
3.640000000000e+0,2.472930255818e+0,0.000000000000e+0,9.671867723084e-1,-3.036717512570e-1,1.267981985385e+0,4.557153277838e-1,8.571792159778e-2,3.057402047113e+1,8.609316135743e+0,1.589658807822e+1,3.551890432745e+1,0.000000000000e+0,0.000000000000e+0,0.000000000000e+0,-6.418962832517e-3,1.525609294887e-2,2.122280310845e-2,-5.729077705963e-2
3.660000000000e+0,2.472930255818e+0,0.000000000000e+0,9.724036038319e-1,-3.124964182152e-1,1.306786445787e+0,4.213856996286e-1,8.485092478520e-2,3.057402047113e+1,8.609316135743e+0,1.589658807822e+1,3.551890432745e+1,0.000000000000e+0,0.000000000000e+0,0.000000000000e+0,-6.111624294032e-3,1.547475744179e-2,2.358985564773e-2,-5.452544819094e-2
3.680000000000e+0,2.472930255818e+0,0.000000000000e+0,9.774295891620e-1,-3.209998908965e-1,1.344298542127e+0,3.884509565353e-1,8.375105888971e-2,3.057402047113e+1,8.609316135743e+0,1.589658807822e+1,3.551890432745e+1,0.000000000000e+0,0.000000000000e+0,0.000000000000e+0,-5.800093964322e-3,1.567520825981e-2,2.593460586767e-2,-5.167251242280e-2
3.700000000000e+0,2.472930255817e+0,0.000000000000e+0,9.822363537483e-1,-3.291276798286e-1,1.380255688477e+0,3.571374734625e-1,8.242841995828e-2,3.057402047113e+1,8.609316135743e+0,1.589658807822e+1,3.551890432745e+1,0.000000000000e+0,0.000000000000e+0,0.000000000000e+0,-5.484739870542e-3,1.585707381678e-2,2.825540086141e-2,-4.873616802602e-2
3.720000000000e+0,2.472930255817e+0,0.000000000000e+0,9.867963067736e-1,-3.368267133689e-1,1.414401912482e+0,3.276645102947e-1,8.089423963559e-2,3.057402047113e+1,8.609316135743e+0,1.589658807822e+1,3.551890432745e+1,0.000000000000e+0,0.000000000000e+0,0.000000000000e+0,-5.165937242055e-3,1.602000561433e-2,3.055061204087e-2,-4.572074665358e-2
3.740000000000e+0,2.472930255817e+0,0.000000000000e+0,9.910828182523e-1,-3.440456901360e-1,1.446489563342e+0,3.002427836516e-1,7.916078070769e-2,3.057402047113e+1,8.609316135743e+0,1.589658807822e+1,3.551890432745e+1,0.000000000000e+0,0.000000000000e+0,0.000000000000e+0,-4.844068040582e-3,1.616367904722e-2,3.281863611854e-2,-4.263070675849e-2
3.760000000000e+0,2.472930255817e+0,0.000000000000e+0,9.950703915634e-1,-3.507354227754e-1,1.476280977875e+0,2.750730808467e-1,7.724122830732e-2,3.057402047113e+1,8.609316135743e+0,1.589658807822e+1,3.551890432745e+1,0.000000000000e+0,0.000000000000e+0,0.000000000000e+0,-4.519520474502e-3,1.628779418203e-2,3.505789606506e-2,-3.947062680192e-2
3.780000000000e+0,2.472930255817e+0,0.000000000000e+0,9.987348302678e-1,-3.568491707526e-1,1.503550093684e+0,2.523449250300e-1,7.514957758844e-2,3.057402047113e+1,8.609316135742e+0,1.589658807822e+1,3.551890432745e+1,0.000000000000e+0,0.000000000000e+0,0.000000000000e+0,-4.192688497889e-3,1.639207650484e-2,3.726684204228e-2,-3.624519826222e-2
3.800000000000e+0,2.472930255817e+0,0.000000000000e+0,1.002053398096e+0,-3.623429599319e-1,1.528083998688e+0,2.322353002766e-1,7.290051868813e-2,3.057402047113e+1,8.609316135742e+0,1.589658807822e+1,3.551890432745e+1,0.000000000000e+0,0.000000000000e+0,0.000000000000e+0,-3.863971294930e-3,1.647627763329e-2,3.944395231146e-2,-3.295921845553e-2
3.820000000000e+0,2.472930255817e+0,0.000000000000e+0,1.005004971030e+0,-3.671758867749e-1,1.549684406692e+0,2.149074450700e-1,7.050931979966e-2,3.057402047113e+1,8.609316135742e+0,1.589658807822e+1,3.551890432745e+1,0.000000000000e+0,0.000000000000e+0,0.000000000000e+0,-3.533772750511e-3,1.654017598849e-2,4.158773411601e-2,-2.961758317939e-2
3.840000000000e+0,2.472930255817e+0,0.000000000000e+0,1.007570180442e+0,-3.713104050863e-1,1.568169049042e+0,2.005097222387e-1,6.799170918073e-2,3.057402047112e+1,8.609316135742e+0,1.589658807822e+1,3.551890432745e+1,0.000000000000e+0,0.000000000000e+0,0.000000000000e+0,-3.202500907793e-3,1.658357742238e-2,4.369672453859e-2,-2.622527919107e-2
3.860000000000e+0,2.472930255817e+0,0.000000000000e+0,1.009731546334e+0,-3.747125933413e-1,1.583372972939e+0,1.891745729706e-1,6.536375691534e-2,3.057402047112e+1,8.609316135742e+0,1.589658807822e+1,3.551890432745e+1,0.000000000000e+0,0.000000000000e+0,0.000000000000e+0,-2.870567413728e-3,1.660631579619e-2,4.576949133193e-2,-2.278737653255e-2
3.880000000000e+0,2.472930255817e+0,0.000000000000e+0,1.011473599735e+0,-3.773524007514e-1,1.595149737562e+0,1.810175620352e-1,6.264175723689e-2,3.057402047112e+1,8.609316135742e+0,1.589658807822e+1,3.551890432745e+1,0.000000000000e+0,0.000000000000e+0,0.000000000000e+0,-2.538386953522e-3,1.660825350595e-2,4.780463372288e-2,-1.930902071482e-2
3.900000000000e+0,2.472930255817e+0,0.000000000000e+0,1.012782993448e+0,-3.792038703615e-1,1.603372499731e+0,1.761365207955e-1,5.984211220416e-2,3.057402047112e+1,8.609316135742e+0,1.589658807822e+1,3.551890432745e+1,0.000000000000e+0,0.000000000000e+0,0.000000000000e+0,-2.206376675161e-3,1.658928195114e-2,4.980078318932e-2,-1.579542477408e-2
3.920000000000e+0,2.472930255817e+0,0.000000000000e+0,1.013648600340e+0,-3.802453376178e-1,1.607934981591e+0,1.746107940028e-1,5.698121750044e-2,3.057402047112e+1,8.609316135742e+0,1.589658807822e+1,3.551890432745e+1,0.000000000000e+0,0.000000000000e+0,0.000000000000e+0,-1.874955605150e-3,1.654932194303e-2,5.175660420927e-2,-1.225186121300e-2
3.940000000000e+0,2.472930255817e+0,0.000000000000e+0,1.014061598514e+0,-3.804596030068e-1,1.608752313487e+0,1.765005957230e-1,5.407535109976e-2,3.057402047112e+1,8.609316135742e+0,1.589658807822e+1,3.551890432745e+1,0.000000000000e+0,0.000000000000e+0,0.000000000000e+0,-1.544544056724e-3,1.648832404931e-2,5.367079498185e-2,-8.683653840493e-3
3.960000000000e+0,2.472930255817e+0,0.000000000000e+0,1.014015542740e+0,-3.798340775336e-1,1.605761746025e+0,1.818464790718e-1,5.114056551304e-2,3.057402047112e+1,8.609316135742e+0,1.589658807822e+1,3.551890432745e+1,0.000000000000e+0,0.000000000000e+0,0.000000000000e+0,-1.215563031825e-3,1.640626887242e-2,5.554208811929e-2,-5.096169523379e-3
3.980000000000e+0,2.472930255817e+0,0.000000000000e+0,1.013506421640e+0,-3.783608999874e-1,1.598923226156e+0,1.906689237167e-1,4.819258429143e-2,3.057402047112e+1,8.609316135742e+0,1.589658807822e+1,3.551890432745e+1,0.000000000000e+0,0.000000000000e+0,0.000000000000e+0,-8.884336181951e-4,1.630316725898e-2,5.736925130987e-2,-1.494809863993e-3
4.000000000000e+0,2.472930255817e+0,0.000000000000e+0,1.012532700200e+0,-3.760370251284e-1,1.588219832959e+0,2.029680443625e-1,4.524670342394e-2,3.057402047112e+1,8.609316135742e+0,1.589658807822e+1,3.551890432745e+1,0.000000000000e+0,0.000000000000e+0,0.000000000000e+0,-5.635763829854e-4,1.617906043850e-2,5.915108795084e-2,2.114997182438e-3
4.020000000000e+0,2.472930255816e+0,0.000000000000e+0,1.011095347290e+0,-3.728642821218e-1,1.573658069759e+0,2.187234226668e-1,4.231769822259e-2,3.057402047112e+1,8.609316135742e+0,1.589658807822e+1,3.551890432745e+1,0.000000000000e+0,0.000000000000e+0,0.000000000000e+0,-2.414107643139e-4,1.603402008985e-2,6.088643775126e-2,5.727805736454e-3
4.040000000000e+0,2.472930255816e+0,0.000000000000e+0,1.009197847960e+0,-3.688494027426e-1,1.555268010116e+0,2.378940642425e-1,3.941973624051e-2,3.057402047112e+1,8.609316135742e+0,1.589658807822e+1,3.551890432744e+1,0.000000000000e+0,0.000000000000e+0,0.000000000000e+0,7.764553777804e-5,1.586814833459e-2,6.257417730394e-2,9.338160454845e-3
4.060000000000e+0,2.472930255816e+0,0.000000000000e+0,1.006846200394e+0,-3.640040190744e-1,1.533103296176e+0,2.604184816032e-1,3.656629671759e-2,3.057402047112e+1,8.609316135742e+0,1.589658807822e+1,3.551890432744e+1,0.000000000000e+0,0.000000000000e+0,0.000000000000e+0,3.931771694995e-4,1.568157765665e-2,6.421322062634e-2,1.294060500867e-2
4.080000000000e+0,2.472930255816e+0,0.000000000000e+0,1.004048897485e+0,-3.583446306290e-1,1.507240988872e+0,2.862149030935e-1,3.377009699416e-2,3.057402047112e+1,8.609316135742e+0,1.589658807822e+1,3.551890432744e+1,0.000000000000e+0,0.000000000000e+0,0.000000000000e+0,7.047717291420e-4,1.547447074864e-2,6.580251966984e-2,1.652969056446e-2
4.100000000000e+0,2.472930255816e+0,0.000000000000e+0,1.000816893131e+0,-3.518925410133e-1,1.477781270383e+0,3.151816070375e-1,3.104302627693e-2,3.057402047112e+1,8.609316135742e+0,1.589658807822e+1,3.551890432744e+1,0.000000000000e+0,0.000000000000e+0,0.000000000000e+0,1.012020369107e-3,1.524702028514e-2,6.734106479717e-2,2.009998425438e-2
4.120000000000e+0,2.472930255816e+0,0.000000000000e+0,9.971635533997e-1,-3.446737644743e-1,1.444847000282e+0,3.471973795259e-1,2.839608708269e-2,3.057402047112e+1,8.609316135742e+0,1.589658807822e+1,3.551890432744e+1,0.000000000000e+0,0.000000000000e+0,0.000000000000e+0,1.314518392680e-3,1.499944862440e-2,6.882788522765e-2,2.364607762096e-2
4.140000000000e+0,2.472930255816e+0,0.000000000000e+0,9.931045928651e-1,-3.367189028476e-1,1.408583127706e+0,3.821220934672e-1,2.583934462516e-2,3.057402047112e+1,8.609316135742e+0,1.589658807822e+1,3.551890432744e+1,0.000000000000e+0,0.000000000000e+0,0.000000000000e+0,1.611865844136e-3,1.473200743994e-2,7.026204945008e-2,2.716259502235e-2
4.160000000000e+0,2.472930255816e+0,0.000000000000e+0,9.886579964765e-1,-3.280629936308e-1,1.369155962878e+0,4.197974057431e-1,2.338188434892e-2,3.057402047112e+1,8.609316135742e+0,1.589658807822e+1,3.551890432744e+1,0.000000000000e+0,0.000000000000e+0,0.000000000000e+0,1.903668090793e-3,1.444497728433e-2,7.164266560301e-2,3.064420198398e-2
4.180000000000e+0,2.472930255816e+0,0.000000000000e+0,9.838439274271e-1,-3.187453300901e-1,1.326752312179e+0,4.600475685475e-1,2.103177775216e-2,3.057402047112e+1,8.609316135742e+0,1.589658807822e+1,3.551890432744e+1,0.000000000000e+0,0.000000000000e+0,0.000000000000e+0,2.189536395684e-3,1.413866708760e-2,7.296888182254e-2,3.408561348279e-2
4.200000000000e+0,2.472930255816e+0,0.000000000000e+0,9.786846215827e-1,-3.088092544894e-1,1.281578481890e+0,5.026803502550e-1,1.879605657762e-2,3.057402047112e+1,8.609316135742e+0,1.589658807822e+1,3.551890432744e+1,0.000000000000e+0,0.000000000000e+0,0.000000000000e+0,2.469088479570e-3,1.381341359359e-2,7.423988655731e-2,3.748160215021e-2
4.220000000000e+0,2.472930255815e+0,0.000000000000e+0,9.732042691127e-1,-2.983019257048e-1,1.233859156558e+0,5.474880604609e-1,1.668069538866e-2,3.057402047112e+1,8.609316135742e+0,1.589658807822e+1,3.551890432744e+1,0.000000000000e+0,0.000000000000e+0,0.000000000000e+0,2.741949071086e-3,1.346958073744e-2,7.545490885109e-2,4.082700638065e-2
4.240000000000e+0,2.472930255815e+0,0.000000000000e+0,9.674288840479e-1,-2.872740626476e-1,1.183836158758e+0,5.942486731713e-1,1.469060248600e-2,3.057402047112e+1,8.609316135742e+0,1.589658807822e+1,3.551890432744e+1,0.000000000000e+0,0.000000000000e+0,0.000000000000e+0,3.007750443882e-3,1.310755896822e-2,7.661321859288e-2,4.411673833199e-2
4.260000000000e+0,2.472930255815e+0,0.000000000000e+0,9.613861625636e-1,-2.757796650754e-1,1.131767097770e+0,6.427270414969e-1,1.282961905994e-2,3.057402047112e+1,8.609316135742e+0,1.589658807822e+1,3.551890432744e+1,0.000000000000e+0,0.000000000000e+0,0.000000000000e+0,3.266132939701e-3,1.272776452069e-2,7.771412673495e-2,4.734579180549e-2
4.280000000000e+0,2.472930255815e+0,0.000000000000e+0,9.551053308603e-1,-2.638757135079e-1,1.077923915422e+0,6.926761966269e-1,1.110052641397e-2,3.057402047112e+1,8.609316135742e+0,1.589658807822e+1,3.551890432744e+1,0.000000000000e+0,0.000000000000e+0,0.000000000000e+0,3.516745476418e-3,1.233063864072e-2,7.875698547903e-2,5.050924999216e-2
4.300000000000e+0,2.472930255815e+0,0.000000000000e+0,9.486169835723e-1,-2.516218500959e-1,1.022591337970e+0,7.438387233296e-1,9.505061038735e-3,3.057402047112e+1,8.609316135742e+0,1.589658807822e+1,3.551890432744e+1,0.000000000000e+0,0.000000000000e+0,0.000000000000e+0,3.759246040164e-3,1.191664676873e-2,7.974118843106e-2,5.360229307362e-2
4.320000000000e+0,2.472930255815e+0,0.000000000000e+0,9.419529136979e-1,-2.390800424049e-1,9.660652435093e-1,7.959482037522e-1,8.043937260519e-3,3.057402047112e+1,8.609316135742e+0,1.589658807822e+1,3.551890432744e+1,0.000000000000e+0,0.000000000000e+0,0.000000000000e+0,3.993302160742e-3,1.148627768611e-2,8.066617072515e-2,5.662020566533e-2
4.340000000000e+0,2.472930255815e+0,0.000000000000e+0,9.351459350895e-1,-2.263142321793e-1,9.086509548994e-1,8.487307208686e-1,6.716877136670e-3,3.057402047112e+1,8.609316135742e+0,1.589658807822e+1,3.551890432744e+1,0.000000000000e+0,0.000000000000e+0,0.000000000000e+0,4.218591369631e-3,1.104004262933e-2,8.153140911719e-2,5.955838409085e-2
4.360000000000e+0,2.472930255815e+0,0.000000000000e+0,9.282296985875e-1,-2.133899712375e-1,8.506614686796e-1,9.019064125636e-1,5.522647221518e-3,3.057402047112e+1,8.609316135742e+0,1.589658807822e+1,3.551890432744e+1,0.000000000000e+0,0.000000000000e+0,0.000000000000e+0,4.434801640001e-3,1.057847437661e-2,8.233642204883e-2,6.241234347581e-2
4.380000000000e+0,2.472930255815e+0,0.000000000000e+0,9.212385029177e-1,-2.003740467252e-1,7.924156308063e-1,9.551910670349e-1,4.459101781116e-3,3.057402047112e+1,8.609316135742e+0,1.589658807822e+1,3.551890432744e+1,0.000000000000e+0,0.000000000000e+0,0.000000000000e+0,4.641631808221e-3,1.010212631198e-2,8.308076968265e-2,6.517772465106e-2
4.400000000000e+0,2.472930255815e+0,0.000000000000e+0,9.142071014995e-1,-1.873340980113e-1,7.342362703796e-1,1.008297749953e+0,3.523231993430e-3,3.057402047112e+1,8.609316135742e+0,1.589658807822e+1,3.551890432744e+1,0.000000000000e+0,0.000000000000e+0,0.000000000000e+0,4.838791976463e-3,9.611571471549e-3,8.376405390920e-2,6.785030085462e-2
4.420000000000e+0,2.472930255815e+0,0.000000000000e+0,9.071705063326e-1,-1.743382275519e-1,6.764483027611e-1,1.060938453640e+0,2.711220633145e-3,3.057402047112e+1,8.609316135742e+0,1.589658807822e+1,3.551890432744e+1,0.000000000000e+0,0.000000000000e+0,0.000000000000e+0,5.026003896092e-3,9.107401576531e-3,8.438591832697e-2,7.042598422264e-2
4.440000000000e+0,2.472930255815e+0,0.000000000000e+0,9.001637901445e-1,-1.614546080827e-1,6.193768136549e-1,1.112825758391e+0,2.018501706893e-3,3.057402047112e+1,8.609316135743e+0,1.589658807822e+1,3.551890432744e+1,0.000000000000e+0,0.000000000000e+0,0.000000000000e+0,5.203001331623e-3,8.590226057565e-3,8.494604819615e-2,7.290083205994e-2
4.460000000000e+0,2.472930255815e+0,0.000000000000e+0,8.932218879855e-1,-1.487510885088e-1,5.633451358204e-1,1.163674496042e+0,1.439824475783e-3,3.057402047112e+1,8.609316135743e+0,1.589658807822e+1,3.551890432744e+1,0.000000000000e+0,0.000000000000e+0,0.000000000000e+0,5.369530405111e-3,8.060671074440e-3,8.544417036714e-2,7.527105288120e-2
4.480000000000e+0,2.472930255815e+0,0.000000000000e+0,8.863793994591e-1,-1.362948008630e-1,5.086729301076e-1,1.213203405833e+0,9.693212778959e-4,3.057402047112e+1,8.609316135743e+0,1.589658807822e+1,3.551890432744e+1,0.000000000000e+0,0.000000000000e+0,0.000000000000e+0,5.525349920923e-3,7.519378535221e-3,8.588005318506e-2,7.753301221441e-2
4.500000000000e+0,2.472930255815e+0,0.000000000000e+0,8.796703927631e-1,-1.241517706896e-1,4.556742824580e-1,1.261136772739e+0,6.005785437796e-4,3.057402047112e+1,8.609316135743e+0,1.589658807822e+1,3.551890432744e+1,0.000000000000e+0,0.000000000000e+0,0.000000000000e+0,5.670231670915e-3,6.967005118371e-3,8.625350637110e-2,7.968323815837e-2
4.520000000000e+0,2.472930255815e+0,0.000000000000e+0,8.731282117058e-1,-1.123865331813e-1,4.046558283924e-1,1.307206038514e+0,3.267103832200e-4,3.057402047112e+1,8.609316135743e+0,1.589658807822e+1,3.551890432744e+1,0.000000000000e+0,0.000000000000e+0,0.000000000000e+0,5.803960720116e-3,6.404221301121e-3,8.656438088209e-2,8.171842668682e-2
4.540000000000e+0,2.472930255815e+0,0.000000000000e+0,8.667852868376e-1,-1.010617573547e-1,3.559149163203e-1,1.351151375900e+0,1.404341116465e-4,3.057402047112e+1,8.609316135743e+0,1.589658807822e+1,3.551890432745e+1,0.000000000000e+0,0.000000000000e+0,0.000000000000e+0,5.926335673055e-3,5.831710396958e-3,8.681256874924e-2,8.363544669207e-2
4.560000000000e+0,2.472930255815e+0,0.000000000000e+0,8.606729518079e-1,-9.023788049631e-2,3.097378207489e-1,1.392723216675e+0,3.414707947315e-5,3.057402047112e+1,8.609316135743e+0,1.589658807822e+1,3.551890432745e+1,0.000000000000e+0,0.000000000000e+0,0.000000000000e+0,6.037168920958e-3,5.250167604700e-3,8.699800289733e-2,8.543134476139e-2
4.580000000000e+0,2.472930255815e+0,0.000000000000e+0,8.548212660265e-1,-7.997275504277e-2,2.663980161521e-1,1.431683724511e+0,4.167371156494e-9,3.057402047112e+1,8.609316135743e+0,1.589658807822e+1,3.551890432745e+1,0.000000000000e+0,0.000000000000e+0,0.000000000000e+0,6.136286870058e-3,4.660299071178e-3,8.712065694544e-2,8.710334967999e-2
4.600000000000e+0,2.472930255815e+0,0.000000000000e+0,8.492588446648e-1,-7.032130997983e-2,2.261545218779e-1,1.467808203937e+0,2.999531506858e-5,3.057402047112e+1,8.609316135743e+0,1.589658807822e+1,3.551890432745e+1,0.000000000000e+0,0.000000000000e+0,0.000000000000e+0,6.223530151307e-3,4.062820969126e-3,8.718054499048e-2,8.864887665484e-2
4.620000000000e+0,2.472930255815e+0,0.000000000000e+0,8.440126969872e-1,-6.133522875566e-2,1.892503280336e-1,1.500886437089e+0,1.160224604474e-4,3.057402047112e+1,8.609316135743e+0,1.589658807822e+1,3.551890432745e+1,0.000000000000e+0,0.000000000000e+0,0.000000000000e+0,6.298753811810e-3,3.458458591415e-3,8.717772137449e-2,9.006553125387e-2
4.640000000000e+0,2.472930255815e+0,0.000000000000e+0,8.391080739528e-1,-5.306264560206e-2,1.559109117972e-1,1.530723940387e+0,2.499752793651e-4,3.057402047112e+1,8.609316135743e+0,1.589658807822e+1,3.551890432745e+1,0.000000000000e+0,0.000000000000e+0,0.000000000000e+0,6.361827488307e-3,2.847945462318e-3,8.711228043701e-2,9.135111305577e-2
4.660000000000e+0,2.472930255815e+0,0.000000000000e+0,8.345683259690e-1,-4.554786204752e-2,1.263428530530e-1,1.557143133705e+0,4.238051348929e-4,3.057402047112e+1,8.609316135744e+0,1.589658807822e+1,3.551890432745e+1,0.000000000000e+0,0.000000000000e+0,0.000000000000e+0,6.412635563065e-3,2.232022466085e-3,8.698435625344e-2,9.250361900570e-2
4.680000000000e+0,2.472930255815e+0,0.000000000000e+0,8.304147716204e-1,-3.883108528633e-2,1.007325576606e-1,1.579984415153e+0,6.295966668273e-4,3.057402047113e+1,8.609316135744e+0,1.589658807822e+1,3.551890432745e+1,0.000000000000e+0,0.000000000000e+0,0.000000000000e+0,6.451077302500e-3,1.611436992618e-3,8.679412236045e-2,9.352124647297e-2
4.700000000000e+0,2.472930255815e+0,0.000000000000e+0,8.266665781310e-1,-3.294818993995e-2,7.924509602724e-2,1.599107135117e+0,8.596364787492e-4,3.057402047113e+1,8.609316135744e+0,1.589658807822e+1,3.551890432745e+1,0.000000000000e+0,0.000000000000e+0,0.000000000000e+0,6.477066978889e-3,9.869420996875e-4,8.654179146959e-2,9.440239600688e-2
4.720000000000e+0,2.472930255815e+0,0.000000000000e+0,8.233406542484e-1,-2.793050461137e-2,6.202316397359e-2,1.614390463794e+0,1.106478409912e-3,3.057402047113e+1,8.609316135744e+0,1.589658807822e+1,3.551890432745e+1,0.000000000000e+0,0.000000000000e+0,0.000000000000e+0,6.490533975477e-3,3.592956907099e-4,8.622761516963e-2,9.514567378732e-2
4.740000000000e+0,2.472930255815e+0,0.000000000000e+0,8.204515561680e-1,-2.380462449076e-2,4.918617217203e-2,1.625734147053e+0,1.363004912740e-3,3.057402047113e+1,8.609316135744e+0,1.589658807822e+1,3.551890432745e+1,0.000000000000e+0,0.000000000000e+0,0.000000000000e+0,6.491422875292e-3,-2.707402932487e-4,8.585188361894e-2,9.574989376742e-2
4.760000000000e+0,2.472930255815e+0,0.000000000000e+0,8.180114070402e-1,-2.059225112192e-2,4.082946968631e-2,1.633059146116e+0,1.622484093581e-3,3.057402047113e+1,8.609316135744e+0,1.589658807822e+1,3.551890432745e+1,0.000000000000e+0,0.000000000000e+0,0.000000000000e+0,6.479693533919e-3,-9.024006688835e-4,8.541492522830e-2,9.621407950535e-2
4.780000000000e+0,2.472930255814e+0,0.000000000000e+0,8.160298305270e-1,-1.831006028501e-2,3.702370636728e-2,1.636308157191e+0,1.878622013888e-3,3.057402047113e+1,8.609316135744e+0,1.589658807822e+1,3.551890432745e+1,0.000000000000e+0,0.000000000000e+0,0.000000000000e+0,6.455321136487e-3,-1.534917795417e-3,8.491710633499e-2,9.653746568339e-2
4.800000000000e+0,2.472930255814e+0,0.000000000000e+0,8.145138987918e-1,-1.696959879227e-2,3.781433805857e-2,1.635446007865e+0,2.125609891392e-3,3.057402047113e+1,8.609316135744e+0,1.589658807822e+1,3.551890432746e+1,0.000000000000e+0,0.000000000000e+0,0.000000000000e+0,6.418296239039e-3,-2.167522350893e-3,8.435883086876e-2,9.671949931209e-2
4.820000000000e+0,2.472930255814e+0,0.000000000000e+0,8.134680952297e-1,-1.657721083040e-2,4.322127774528e-2,1.630459927785e+0,2.358165885283e-3,3.057402047113e+1,8.609316135744e+0,1.589658807822e+1,3.551890432746e+1,0.000000000000e+0,0.000000000000e+0,0.000000000000e+0,6.368624794445e-3,-2.799444102375e-3,8.374054001014e-2,9.675984061833e-2
4.840000000000e+0,2.472930255814e+0,0.000000000000e+0,8.128942921582e-1,-1.713399431744e-2,5.323869494123e-2,1.621359691836e+0,2.571571195986e-3,3.057402047113e+1,8.609316135745e+0,1.589658807822e+1,3.551890432746e+1,0.000000000000e+0,0.000000000000e+0,0.000000000000e+0,6.306328162958e-3,-3.429912672557e-3,8.306271184154e-2,9.665836361589e-2
4.860000000000e+0,2.472930255814e+0,0.000000000000e+0,8.127917436061e-1,-1.863578757314e-2,6.783496476064e-2,1.608177634763e+0,2.761700258112e-3,3.057402047113e+1,8.609316135745e+0,1.589658807822e+1,3.551890432746e+1,0.000000000000e+0,0.000000000000e+0,0.000000000000e+0,6.231443107436e-3,-4.058158305410e-3,8.232586099138e-2,9.641515635786e-2
4.880000000000e+0,2.472930255814e+0,0.000000000000e+0,8.131570932535e-1,-2.107318643157e-2,8.695276726181e-2,1.590968536876e+0,2.925044854633e-3,3.057402047113e+1,8.609316135745e+0,1.589658807822e+1,3.551890432746e+1,0.000000000000e+0,0.000000000000e+0,0.000000000000e+0,6.144021773256e-3,-4.683412633516e-3,8.153053827156e-2,9.603052087035e-2
4.900000000000e+0,2.472930255814e+0,0.000000000000e+0,8.139843974899e-1,-2.443159175313e-2,1.105093367879e-1,1.569809381259e+0,3.058732030328e-3,3.057402047113e+1,8.609316135745e+0,1.589658807822e+1,3.551890432746e+1,0.000000000000e+0,0.000000000000e+0,0.000000000000e+0,6.044131652832e-3,-5.304909449740e-3,8.067733030834e-2,9.550497276756e-2
4.920000000000e+0,2.472930255814e+0,0.000000000000e+0,8.152651634729e-1,-2.869128712151e-2,1.383968601671e-1,1.544798983562e+0,3.160535733587e-3,3.057402047113e+1,8.609316135745e+0,1.589658807822e+1,3.551890432746e+1,0.000000000000e+0,0.000000000000e+0,0.000000000000e+0,5.931855534635e-3,-5.921885485824e-3,7.976685916664e-2,9.483924054817e-2
4.940000000000e+0,2.472930255814e+0,0.000000000000e+0,8.169884019837e-1,-3.382754633958e-2,1.704830217766e-1,1.516057496227e+0,3.228882166297e-3,3.057402047113e+1,8.609316135745e+0,1.589658807822e+1,3.551890432746e+1,0.000000000000e+0,0.000000000000e+0,0.000000000000e+0,5.807291436556e-3,-6.533581200377e-3,7.879978196771e-2,9.403426457396e-2
4.960000000000e+0,2.472930255814e+0,0.000000000000e+0,8.191406947926e-1,-3.981077016838e-2,2.066116926228e-1,1.483725789695e+0,3.262848872427e-3,3.057402047113e+1,8.609316135745e+0,1.589658807822e+1,3.551890432746e+1,0.000000000000e+0,0.000000000000e+0,0.000000000000e+0,5.670552523391e-3,-7.139241578567e-3,7.777679049997e-2,9.309119573135e-2
4.980000000000e+0,2.472930255814e+0,0.000000000000e+0,8.217062761645e-1,-4.660665158518e-2,2.466037597538e-1,1.447964713835e+0,3.262157646078e-3,3.057402047113e+1,8.609316135745e+0,1.589658807822e+1,3.551890432746e+1,0.000000000000e+0,0.000000000000e+0,0.000000000000e+0,5.521767008201e-3,-7.738116945613e-3,7.669861082280e-2,9.201139377739e-2
5.000000000000e+0,2.472930255814e+0,0.000000000000e+0,8.246671280512e-1,-5.417636867114e-2,2.902580914969e-1,1.408954243548e+0,3.227161388979e-3,3.057402047114e+1,8.609316135745e+0,1.589658807822e+1,3.551890432746e+1,0.000000000000e+0,0.000000000000e+0,0.000000000000e+0,5.361078037248e-3,-8.329463795891e-3,7.556600286291e-2,9.079642537169e-2
5.020000000000e+0,2.472930255814e+0,0.000000000000e+0,8.280030884396e-1,-6.247680407780e-2,3.373526332151e-1,1.366892513141e+0,3.158825095531e-3,3.057402047114e+1,8.609316135745e+0,1.589658807823e+1,3.551890432746e+1,0.000000000000e+0,0.000000000000e+0,0.000000000000e+0,5.188643558175e-3,-8.912545639214e-3,7.437976000290e-2,8.944806179649e-2
5.040000000000e+0,2.472930255814e+0,0.000000000000e+0,8.316919722461e-1,-7.146078986395e-2,3.876456274969e-1,1.321994744745e+0,3.058701189853e-3,3.057402047114e+1,8.609316135746e+0,1.589658807823e+1,3.551890432746e+1,0.000000000000e+0,0.000000000000e+0,0.000000000000e+0,5.004636171087e-3,-9.486633865440e-3,7.314070866145e-2,8.796827636731e-2
5.060000000000e+0,2.472930255814e+0,0.000000000000e+0,8.357097040735e-1,-8.107737634284e-2,4.408769519525e-1,1.274492076647e+0,2.928899483921e-3,3.057402047114e+1,8.609316135746e+0,1.589658807823e+1,3.551890432746e+1,0.000000000000e+0,0.000000000000e+0,0.000000000000e+0,4.809242962143e-3,-1.005100862823e-2,7.184970786472e-2,8.635924153688e-2
5.080000000000e+0,2.472930255814e+0,0.000000000000e+0,8.400304620736e-1,-9.127212343380e-2,4.967695670715e-1,1.224630298034e+0,2.772052068131e-3,3.057402047114e+1,8.609316135746e+0,1.589658807823e+1,3.551890432746e+1,0.000000000000e+0,0.000000000000e+0,0.000000000000e+0,4.602665319278e-3,-1.060495974839e-2,7.050764880816e-2,8.462332569585e-2
5.100000000000e+0,2.472930255814e+0,0.000000000000e+0,8.446268320936e-1,-1.019874128732e-1,5.550310659240e-1,1.172668497184e+0,2.591273485421e-3,3.057402047114e+1,8.609316135746e+0,1.589658807823e+1,3.551890432746e+1,0.000000000000e+0,0.000000000000e+0,0.000000000000e+0,4.385118729666e-3,-1.114778763668e-2,6.911545440831e-2,8.276308967369e-2
5.120000000000e+0,2.472930255814e+0,0.000000000000e+0,8.494699712161e-1,-1.131627795093e-1,6.153553168536e-1,1.118877630676e+0,2.390116577122e-3,3.057402047114e+1,8.609316135746e+0,1.589658807823e+1,3.551890432746e+1,0.000000000000e+0,0.000000000000e+0,0.000000000000e+0,4.156832558534e-3,-1.167880423572e-2,6.767407884363e-2,8.078128294404e-2
5.140000000000e+0,2.472930255813e+0,0.000000000000e+0,8.545297797473e-1,-1.247352597829e-1,6.774241897233e-1,1.063539021703e+0,2.172524422497e-3,3.057402047114e+1,8.609316135746e+0,1.589658807823e+1,3.551890432746e+1,0.000000000000e+0,0.000000000000e+0,0.000000000000e+0,3.918049808949e-3,-1.219733397998e-2,6.618450708383e-2,7.868083953900e-2
5.160000000000e+0,2.472930255813e+0,0.000000000000e+0,8.597750806494e-1,-1.366397553826e-1,7.409093557361e-1,1.006942795986e+0,1.942778824634e-3,3.057402047114e+1,8.609316135746e+0,1.589658807823e+1,3.551890432746e+1,0.000000000000e+0,0.000000000000e+0,0.000000000000e+0,3.669026862247e-3,-1.270271477245e-2,6.464775440695e-2,7.646487367730e-2
5.180000000000e+0,2.472930255813e+0,0.000000000000e+0,8.651738053655e-1,-1.488094099630e-1,8.054741503716e-1,9.493862642170e-1,1.705445822248e-3,3.057402047114e+1,8.609316135746e+0,1.589658807823e+1,3.551890432746e+1,0.000000000000e+0,0.000000000000e+0,0.000000000000e+0,3.410033198768e-3,-1.319429897615e-2,6.306486590328e-2,7.413667511186e-2
5.200000000000e+0,2.472930255813e+0,0.000000000000e+0,8.706931849408e-1,-1.611759967207e-1,8.707754885506e-1,8.911722603122e-1,1.465318730326e-3,3.057402047114e+1,8.609316135746e+0,1.589658807823e+1,3.551890432746e+1,0.000000000000e+0,0.000000000000e+0,0.000000000000e+0,3.141351098632e-3,-1.367145441807e-2,6.143691596559e-2,7.169970420255e-2
5.220000000000e+0,2.472930255813e+0,0.000000000000e+0,8.762999453056e-1,-1.736703145463e-1,9.364658207775e-1,8.326074450446e-1,1.227359231776e-3,3.057402047114e+1,8.609316135746e+0,1.589658807823e+1,3.551890432746e+1,0.000000000000e+0,0.000000000000e+0,0.000000000000e+0,2.863275322339e-3,-1.413356540285e-2,5.976500776473e-2,6.915758672066e-2
5.240000000000e+0,2.472930255813e+0,0.000000000000e+0,8.819605055540e-1,-1.862225904030e-1,1.002195118709e+0,7.740005848959e-1,9.966370575810e-4,3.057402047114e+1,8.609316135746e+0,1.589658807823e+1,3.551890432746e+1,0.000000000000e+0,0.000000000000e+0,0.000000000000e+0,2.576112771025e-3,-1.458003373285e-2,5.805027271007e-2,6.651410839175e-2
5.260000000000e+0,2.472930255813e+0,0.000000000000e+0,8.876411780275e-1,-1.987628855312e-1,1.067612878361e+0,7.156608161516e-1,7.782688038566e-4,3.057402047114e+1,8.609316135746e+0,1.589658807823e+1,3.551890432746e+1,0.000000000000e+0,0.000000000000e+0,0.000000000000e+0,2.280182126274e-3,-1.501027973110e-2,5.629386989401e-2,6.377320918444e-2
5.280000000000e+0,2.472930255813e+0,0.000000000000e+0,8.933083689943e-1,-2.112215030384e-1,1.132370129016e+0,6.578959044002e-1,5.773564410574e-4,3.057402047114e+1,8.609316135746e+0,1.589658807823e+1,3.551890432746e+1,0.000000000000e+0,0.000000000000e+0,0.000000000000e+0,1.975813469486e-3,-1.542374326312e-2,5.449698551984e-2,6.093897735277e-2
5.300000000000e+0,2.472930255813e+0,0.000000000000e+0,8.989287787043e-1,-2.235293944119e-1,1.196121435773e+0,6.010105096749e-1,3.989260728104e-4,3.057402047114e+1,8.609316135746e+0,1.589658807823e+1,3.551890432746e+1,0.000000000000e+0,0.000000000000e+0,0.000000000000e+0,1.663347880851e-3,-1.581988475319e-2,5.266083231260e-2,5.801564324064e-2
5.320000000000e+0,2.472930255813e+0,0.000000000000e+0,9.044695995983e-1,-2.356185624819e-1,1.258526883708e+0,5.453044674885e-1,2.478674998501e-4,3.057402047114e+1,8.609316135746e+0,1.589658807823e+1,3.551890432746e+1,0.000000000000e+0,0.000000000000e+0,0.000000000000e+0,1.343137018086e-3,-1.619818619062e-2,5.078664891218e-2,5.500757285693e-2
5.340000000000e+0,2.472930255813e+0,0.000000000000e+0,9.098987114512e-1,-2.474224583702e-1,1.319254031631e+0,4.910710959626e-1,1.288751380137e-4,3.057402047114e+1,8.609316135746e+0,1.589658807822e+1,3.551890432746e+1,0.000000000000e+0,0.000000000000e+0,0.000000000000e+0,1.015542675200e-3,-1.655815212098e-2,4.887569924831e-2,5.191926123087e-2
5.360000000000e+0,2.472930255813e+0,0.000000000000e+0,9.151848722449e-1,-2.588763699837e-1,1.377979823584e+0,4.385955391398e-1,4.639082838039e-5,3.057402047114e+1,8.609316135746e+0,1.589658807822e+1,3.551890432746e+1,0.000000000000e+0,0.000000000000e+0,0.000000000000e+0,6.809363216117e-4,-1.689931061734e-2,4.692927189710e-2,4.875532555710e-2
5.380000000000e+0,2.472930255813e+0,0.000000000000e+0,9.202979035853e-1,-2.699177996497e-1,1.434392446429e+0,3.881531563861e-1,4.549062534698e-6,3.057402047114e+1,8.609316135746e+0,1.589658807822e+1,3.551890432746e+1,0.000000000000e+0,0.000000000000e+0,0.000000000000e+0,3.396986220971e-4,-1.722121422644e-2,4.494867941866e-2,4.552049814099e-2
5.400000000000e+0,2.472930255813e+0,0.000000000000e+0,9.252088695054e-1,-2.804868285456e-1,1.488193122171e+0,3.400079675557e-1,7.125126477300e-6,3.057402047113e+1,8.609316135746e+0,1.589658807822e+1,3.551890432746e+1,0.000000000000e+0,0.000000000000e+0,0.000000000000e+0,-7.781061897720e-6,-1.752344088420e-2,4.293525767583e-2,4.221961915475e-2
5.420000000000e+0,2.472930255813e+0,0.000000000000e+0,9.298902475347e-1,-2.905264656486e-1,1.539097824007e+0,2.944111632763e-1,5.748664324372e-5,3.057402047113e+1,8.609316135746e+0,1.589658807822e+1,3.551890432746e+1,0.000000000000e+0,0.000000000000e+0,0.000000000000e+0,-3.611051889028e-4,-1.780559479573e-2,4.089036513362e-2,3.885762921551e-2
5.440000000000e+0,2.472930255813e+0,0.000000000000e+0,9.343160909577e-1,-2.999829790161e-1,1.586838905551e+0,2.515996893536e-1,1.585489669623e-4,3.057402047113e+1,8.609316135746e+0,1.589658807822e+1,3.551890432746e+1,0.000000000000e+0,0.000000000000e+0,0.000000000000e+0,-7.198685712694e-4,-1.806730727418e-2,3.881538213955e-2,3.543956179698e-2
5.460000000000e+0,2.472930255813e+0,0.000000000000e+0,9.384621812361e-1,-3.088062073109e-1,1.631166633178e+0,2.117949138601e-1,3.127348498908e-4,3.057402047113e+1,8.609316135746e+0,1.589658807822e+1,3.551890432746e+1,0.000000000000e+0,0.000000000000e+0,0.000000000000e+0,-1.083658925341e-3,-1.830823753366e-2,3.671171018479e-2,3.197053548672e-2
5.480000000000e+0,2.472930255813e+0,0.000000000000e+0,9.423061696291e-1,-3.169498496048e-1,1.671850612029e+0,1.752013849903e-1,5.219387694299e-4,3.057402047113e+1,8.609316135746e+0,1.589658807822e+1,3.551890432746e+1,0.000000000000e+0,0.000000000000e+0,0.000000000000e+0,-1.452057436979e-3,-1.852807343095e-2,3.458077114635e-2,2.845574610140e-2
5.500000000000e+0,2.472930255813e+0,0.000000000000e+0,9.458277071122e-1,-3.243717316242e-1,1.708681096841e+0,1.420056872193e-1,7.874962642644e-4,3.057402047113e+1,8.609316135746e+0,1.589658807822e+1,3.551890432746e+1,0.000000000000e+0,0.000000000000e+0,0.000000000000e+0,-1.824639341372e-3,-1.872653215152e-2,3.242400651047e-2,2.490045867272e-2
5.520000000000e+0,2.472930255813e+0,0.000000000000e+0,9.490085617661e-1,-3.310340467474e-1,1.741470179495e+0,1.123754027112e-1,1.110158587928e-3,3.057402047113e+1,8.609316135746e+0,1.589658807822e+1,3.551890432746e+1,0.000000000000e+0,0.000000000000e+0,0.000000000000e+0,-2.200974515973e-3,-1.890336083520e-2,3.024287657762e-2,2.130999931726e-2
5.540000000000e+0,2.472930255813e+0,0.000000000000e+0,9.518327228895e-1,-3.369035702246e-1,1.770052845926e+0,8.645818427682e-2,1.490072944757e-3,3.057402047113e+1,8.609316135746e+0,1.589658807822e+1,3.551890432746e+1,0.000000000000e+0,0.000000000000e+0,0.000000000000e+0,-2.580628085307e-3,-1.905833713754e-2,2.803885964956e-2,1.768974700353e-2
5.560000000000e+0,2.472930255812e+0,0.000000000000e+0,9.542864911712e-1,-3.419518452573e-1,1.794287895876e+0,6.438094549532e-2,1.926768527370e-3,3.057402047113e+1,8.609316135746e+0,1.589658807822e+1,3.551890432746e+1,0.000000000000e+0,0.000000000000e+0,0.000000000000e+0,-2.963161036337e-3,-1.919126972298e-2,2.581345119875e-2,1.404512522996e-2
5.580000000000e+0,2.472930255812e+0,0.000000000000e+0,9.563585543490e-1,-3.461553397584e-1,1.814058719808e+0,4.624917288637e-2,2.419148527112e-3,3.057402047113e+1,8.609316135746e+0,1.589658807822e+1,3.551890432746e+1,0.000000000000e+0,0.000000000000e+0,0.000000000000e+0,-3.348130842979e-3,-1.930199868664e-2,2.356816302106e-2,1.038159362779e-2
5.600000000000e+0,2.472930255812e+0,0.000000000000e+0,9.580400478760e-1,-3.494955728020e-1,1.829273928242e+0,3.214636425657e-2,2.965488239684e-3,3.057402047113e+1,8.609316135746e+0,1.589658807822e+1,3.551890432746e+1,0.000000000000e+0,0.000000000000e+0,0.000000000000e+0,-3.735092098316e-3,-1.939039590180e-2,2.130452237209e-2,6.704639502970e-3
5.620000000000e+0,2.472930255812e+0,0.000000000000e+0,9.593246002136e-1,-3.519592099713e-1,1.839867829679e+0,2.213359655305e-2,3.563439337596e-3,3.057402047113e+1,8.609316135746e+0,1.589658807822e+1,3.551890432746e+1,0.000000000000e+0,0.000000000000e+0,0.000000000000e+0,-4.123597153004e-3,-1.945636529084e-2,1.902407108800e-2,3.019769331399e-3
5.640000000000e+0,2.472930255812e+0,0.000000000000e+0,9.602083624715e-1,-3.535381270146e-1,1.845800754284e+0,1.624922574176e-2,4.210040329823e-3,3.057402047113e+1,8.609316135746e+0,1.589658807822e+1,3.551890432746e+1,0.000000000000e+0,0.000000000000e+0,0.000000000000e+0,-4.513196758305e-3,-1.949984301777e-2,1.672836469166e-2,-6.674997780330e-4
5.660000000000e+0,2.472930255812e+0,0.000000000000e+0,9.606900222201e-1,-3.542294414311e-1,1.847059221452e+0,1.450872039408e-2,4.901733177399e-3,3.057402047113e+1,8.609316135746e+0,1.589658807822e+1,3.551890432745e+1,0.000000000000e+0,0.000000000000e+0,0.000000000000e+0,-4.903440712186e-3,-1.952079760117e-2,1.441897148483e-2,-4.351648638042e-3
5.680000000000e+0,2.472930255812e+0,0.000000000000e+0,9.607708014020e-1,-3.540355118182e-1,1.843655950426e+0,1.690462982073e-2,5.634385981851e-3,3.057402047113e+1,8.609316135746e+0,1.589658807822e+1,3.551890432745e+1,0.000000000000e+0,0.000000000000e+0,0.000000000000e+0,-5.293878506872e-3,-1.951922994689e-2,1.209747162740e-2,-8.027164540599e-3
5.700000000000e+0,2.472930255812e+0,0.000000000000e+0,9.604544383804e-1,-3.529639050262e-1,1.835629714104e+0,2.340668674168e-2,6.403321612280e-3,3.057402047113e+1,8.609316135746e+0,1.589658807822e+1,3.551890432745e+1,0.000000000000e+0,0.000000000000e+0,0.000000000000e+0,-5.684059976247e-3,-1.949517330031e-2,9.765456204396e-3,-1.168854980299e-2
5.720000000000e+0,2.472930255812e+0,0.000000000000e+0,9.597471542623e-1,-3.510273313799e-1,1.823045037213e+0,3.396204363004e-2,7.203352086259e-3,3.057402047113e+1,8.609316135746e+0,1.589658807822e+1,3.551890432745e+1,0.000000000000e+0,0.000000000000e+0,0.000000000000e+0,-6.073535941499e-3,-1.944869311888e-2,7.424526281973e-3,-1.533033028768e-2
5.740000000000e+0,2.472930255812e+0,0.000000000000e+0,9.586576037439e-1,-3.482435484383e-1,1.805991741010e+0,4.849564102580e-2,8.028818470629e-3,3.057402047113e+1,8.609316135746e+0,1.589658807822e+1,3.551890432745e+1,0.000000000000e+0,0.000000000000e+0,0.000000000000e+0,-6.461858853434e-3,-1.937988686579e-2,5.076291953040e-3,-1.894706388149e-2
5.760000000000e+0,2.472930255812e+0,0.000000000000e+0,9.571968108245e-1,-3.446352339698e-1,1.784584337651e+0,6.691070528496e-2,8.873636020508e-3,3.057402047113e+1,8.609316135746e+0,1.589658807822e+1,3.551890432745e+1,0.000000000000e+0,0.000000000000e+0,0.000000000000e+0,-6.848583429879e-3,-1.928888372646e-2,2.722371373688e-3,-2.253334891963e-2
5.780000000000e+0,2.472930255812e+0,0.000000000000e+0,9.553780898392e-1,-3.402298290268e-1,1.758961278350e+0,8.908937241958e-2,9.731344229316e-3,3.057402047113e+1,8.609316135746e+0,1.589658807822e+1,3.551890432745e+1,0.000000000000e+0,0.000000000000e+0,0.000000000000e+0,-7.233267286666e-3,-1.917584425019e-2,3.643897912607e-4,-2.608383254023e-2
5.800000000000e+0,2.472930255811e+0,0.000000000000e+0,9.532169523528e-1,-3.350593521962e-1,1.729284060337e+0,1.148934338988e-1,1.059516141920e-2,3.057402047113e+1,8.609316135746e+0,1.589658807822e+1,3.551890432745e+1,0.000000000000e+0,0.000000000000e+0,0.000000000000e+0,-7.615471560720e-3,-1.904095991928e-2,-1.996021434958e-3,-2.959321895545e-2
5.820000000000e+0,2.472930255811e+0,0.000000000000e+0,9.507310005565e-1,-3.291601862913e-1,1.695736198559e+0,1.441651995260e-1,1.145804346071e-2,3.057402047113e+1,8.609316135745e+0,1.589658807822e+1,3.551890432745e+1,0.000000000000e+0,0.000000000000e+0,0.000000000000e+0,-7.994761523832e-3,-1.888445264912e-2,-4.357225819545e-3,-3.305627762513e-2
5.840000000000e+0,2.472930255811e+0,0.000000000000e+0,9.479398078896e-1,-3.225728389315e-1,1.658522068891e+0,1.767284717889e-1,1.231274617290e-2,3.057402047113e+1,8.609316135745e+0,1.589658807822e+1,3.551890432745e+1,0.000000000000e+0,0.000000000000e+0,0.000000000000e+0,-8.370707185773e-3,-1.870657422259e-2,-6.717582742351e-3,-3.646785131939e-2
5.860000000000e+0,2.472930255811e+0,0.000000000000e+0,9.448647876972e-1,-3.153416786190e-1,1.617865630410e+0,2.123896254021e-1,1.315189092083e-2,3.057402047113e+1,8.609316135745e+0,1.589658807822e+1,3.551890432745e+1,0.000000000000e+0,0.000000000000e+0,0.000000000000e+0,-8.742883885465e-3,-1.850760566285e-2,-9.075448444668e-3,-3.982286405688e-2
5.880000000000e+0,2.472930255811e+0,0.000000000000e+0,9.415290508073e-1,-3.075146480803e-1,1.574009035059e+0,2.509387851285e-1,1.396803289654e-2,3.057402047113e+1,8.609316135745e+0,1.589658807822e+1,3.551890432745e+1,0.000000000000e+0,0.000000000000e+0,0.000000000000e+0,-9.110872869039e-3,-1.828785654869e-2,-1.142917702938e-2,-4.311632890568e-2
5.900000000000e+0,2.472930255811e+0,0.000000000000e+0,9.379572529812e-1,-2.991429567810e-1,1.527211133684e+0,2.921510943842e-1,1.475373154278e-2,3.057402047113e+1,8.609316135745e+0,1.589658807822e+1,3.551890432745e+1,0.000000000000e+0,0.000000000000e+0,0.000000000000e+0,-9.474261853654e-3,-1.804766427716e-2,-1.377712146434e-2,-4.634335563404e-2
5.920000000000e+0,2.472930255811e+0,0.000000000000e+0,9.341754332554e-1,-2.902807546499e-1,1.477745888047e+0,3.357880666027e-1,1.550162255576e-2,3.057402047113e+1,8.609316135745e+0,1.589658807822e+1,3.551890432745e+1,0.000000000000e+0,0.000000000000e+0,0.000000000000e+0,-9.832645576084e-3,-1.778739327816e-2,-1.611763458831e-2,-4.949915819892e-2
5.940000000000e+0,2.472930255811e+0,0.000000000000e+0,9.302108442455e-1,-2.809847891607e-1,1.425900698982e+0,3.815990108591e-1,1.620449088460e-2,3.057402047113e+1,8.609316135745e+0,1.589658807822e+1,3.551890432745e+1,0.000000000000e+0,0.000000000000e+0,0.000000000000e+0,-1.018562632516e-2,-1.750743418604e-2,-1.844907011877e-2,-5.257906206014e-2
5.960000000000e+0,2.472930255811e+0,0.000000000000e+0,9.260917755318e-1,-2.713140480172e-1,1.371974661322e+0,4.293225228439e-1,1.685534413059e-2,3.057402047113e+1,8.609316135745e+0,1.589658807822e+1,3.551890432745e+1,0.000000000000e+0,0.000000000000e+0,0.000000000000e+0,-1.053281445726e-2,-1.720820297323e-2,-2.076978366119e-2,-5.557851130896e-2
5.980000000000e+0,2.472930255811e+0,0.000000000000e+0,9.218473712855e-1,-2.613293897676e-1,1.316276756633e+0,4.786880319201e-1,1.744748573968e-2,3.057402047113e+1,8.609316135745e+0,1.589658807822e+1,3.551890432745e+1,0.000000000000e+0,0.000000000000e+0,0.000000000000e+0,-1.087382889410e-2,-1.689014005104e-2,-2.307813371905e-2,-5.849307559987e-2
6.000000000000e+0,2.472930255811e+0,0.000000000000e+0,9.175074433226e-1,-2.510931647380e-1,1.259123995141e+0,5.294173947086e-1,1.797458737608e-2,3.057402047113e+1,8.609316135745e+0,1.589658807822e+1,3.551890432745e+1,0.000000000000e+0,0.000000000000e+0,0.000000000000e+0,-1.120829760235e-2,-1.655370934274e-2,-2.537248270441e-2,-6.131845687504e-2
6.020000000000e+0,2.472930255810e+0,0.000000000000e+0,9.131022808000e-1,-2.406688287228e-1,1.200839518449e+0,5.812265254199e-1,1.843075986418e-2,3.057402047113e+1,8.609316135745e+0,1.589658807822e+1,3.551890432745e+1,0.000000000000e+0,0.000000000000e+0,0.000000000000e+0,-1.153585805432e-2,-1.619939733394e-2,-2.765119794852e-2,-6.405049587143e-2
6.040000000000e+0,2.472930255810e+0,0.000000000000e+0,9.086624577762e-1,-2.301205518968e-1,1.141750674854e+0,6.338270529870e-1,1.881062208973e-2,3.057402047113e+1,8.609316135745e+0,1.589658807822e+1,3.551890432745e+1,0.000000000000e+0,0.000000000000e+0,0.000000000000e+0,-1.185615766963e-2,-1.582771210526e-2,-2.991265271220e-2,-6.668517840090e-2
6.060000000000e+0,2.472930255810e+0,0.000000000000e+0,9.042186398702e-1,-2.195128254334e-1,1.082187079159e+0,6.869279949547e-1,1.910936725983e-2,3.057402047113e+1,8.609316135745e+0,1.589658807822e+1,3.551890432745e+1,0.000000000000e+0,0.000000000000e+0,0.000000000000e+0,-1.216885423731e-2,-1.543918235184e-2,-3.215522719586e-2,-6.921864139408e-2
6.080000000000e+0,2.472930255810e+0,0.000000000000e+0,8.998013912455e-1,-2.089100683020e-1,1.022478668883e+0,7.402374380495e-1,1.932282593397e-2,3.057402047113e+1,8.609316135745e+0,1.589658807822e+1,3.551890432745e+1,0.000000000000e+0,0.000000000000e+0,0.000000000000e+0,-1.247361631818e-2,-1.503435639442e-2,-3.437730954881e-2,-7.164717869958e-2
6.100000000000e+0,2.472930255810e+0,0.000000000000e+0,8.954409831383e-1,-1.983762367054e-1,9.629537687435e-1,7.934642153778e-1,1.944752525610e-2,3.057402047113e+1,8.609316135745e+0,1.589658807822e+1,3.551890432746e+1,0.000000000000e+0,0.000000000000e+0,0.000000000000e+0,-1.277012362746e-2,-1.461380118601e-2,-3.657729687801e-2,-7.396724663026e-2
6.120000000000e+0,2.472930255810e+0,0.000000000000e+0,8.911672051279e-1,-1.879744385776e-1,9.039371751282e-1,8.463195702924e-1,1.948074383928e-2,3.057402047113e+1,8.609316135745e+0,1.589658807822e+1,3.551890432746e+1,0.000000000000e+0,0.000000000000e+0,0.000000000000e+0,-1.305806739750e-2,-1.417810131814e-2,-3.875359625586e-2,-7.617546924891e-2
6.140000000000e+0,2.472930255810e+0,0.000000000000e+0,8.870091803226e-1,-1.777665555135e-1,8.457482721028e-1,8.985187971178e-1,1.942056178050e-2,3.057402047113e+1,8.609316135745e+0,1.589658807822e+1,3.551890432746e+1,0.000000000000e+0,0.000000000000e+0,0.000000000000e+0,-1.333715072055e-2,-1.372785803024e-2,-4.090462572735e-2,-7.826864338640e-2
6.160000000000e+0,2.472930255810e+0,0.000000000000e+0,8.829951856000e-1,-1.678128744370e-1,7.886991902050e-1,9.497828491286e-1,1.926590531361e-2,3.057402047113e+1,8.609316135745e+0,1.589658807822e+1,3.551890432746e+1,0.000000000000e+0,0.000000000000e+0,0.000000000000e+0,-1.360708887197e-2,-1.326368822530e-2,-4.302881531640e-2,-8.024374338538e-2
6.180000000000e+0,2.472930255810e+0,0.000000000000e+0,8.791524780009e-1,-1.581717312325e-1,7.330930189582e-1,9.998399044418e-1,1.901658564179e-2,3.057402047113e+1,8.609316135745e+0,1.589658807822e+1,3.551890432746e+1,0.000000000000e+0,0.000000000000e+0,0.000000000000e+0,-1.386760961366e-2,-1.278622349450e-2,-4.512460803146e-2,-8.209792556371e-2
6.200000000000e+0,2.472930255810e+0,0.000000000000e+0,8.755071283278e-1,-1.488991684754e-1,6.792220836301e-1,1.048426880799e+0,1.867333152906e-2,3.057402047113e+1,8.609316135745e+0,1.589658807822e+1,3.551890432746e+1,0.000000000000e+0,0.000000000000e+0,0.000000000000e+0,-1.411845347816e-2,-1.229610915330e-2,-4.719046087051e-2,-8.382853239168e-2
6.220000000000e+0,2.472930255810e+0,0.000000000000e+0,8.720838629468e-1,-1.400486092880e-1,6.273662963047e-1,1.095290890576e+0,1.823781527098e-2,3.057402047113e+1,8.609316135745e+0,1.589658807822e+1,3.551890432746e+1,0.000000000000e+0,0.000000000000e+0,0.000000000000e+0,-1.435937403366e-2,-1.179400329062e-2,-4.922484582555e-2,-8.543309637801e-2
6.240000000000e+0,2.472930255810e+0,0.000000000000e+0,8.689059147325e-1,-1.316705492364e-1,5.777915908237e-1,1.140190627781e+0,1.771267170926e-2,3.057402047113e+1,8.609316135745e+0,1.589658807822e+1,3.551890432746e+1,0.000000000000e+0,0.000000000000e+0,0.000000000000e+0,-1.459013813004e-2,-1.128057583284e-2,-5.122625088660e-2,-8.690934365992e-2
6.260000000000e+0,2.472930255810e+0,0.000000000000e+0,8.659948840317e-1,-1.238122680516e-1,5.307484505828e-1,1.182897679246e+0,1.710151000171e-2,3.057402047113e+1,8.609316135745e+0,1.589658807822e+1,3.551890432746e+1,0.000000000000e+0,0.000000000000e+0,0.000000000000e+0,-1.481052612639e-2,-1.075650762335e-2,-5.319318104541e-2,-8.825519729290e-2
6.280000000000e+0,2.472930255810e+0,0.000000000000e+0,8.633706104530e-1,-1.165175628272e-1,4.864705375581e-1,1.223197752717e+0,1.640891790898e-2,3.057402047114e+1,8.609316135745e+0,1.589658807822e+1,3.551890432746e+1,0.000000000000e+0,0.000000000000e+0,0.000000000000e+0,-1.502033210030e-2,-1.022248951843e-2,-5.512415929898e-2,-8.946878023656e-2
6.300000000000e+0,2.472930255810e+0,0.000000000000e+0,8.610510562175e-1,-1.098265041974e-1,4.451734302768e-1,1.260891815102e+0,1.564045841118e-2,3.057402047114e+1,8.609316135745e+0,1.589658807823e+1,3.551890432746e+1,0.000000000000e+0,0.000000000000e+0,0.000000000000e+0,-1.521936403919e-2,-9.679221499434e-3,-5.701772765276e-2,-9.054841803308e-2
6.320000000000e+0,2.472930255810e+0,0.000000000000e+0,8.590522017273e-1,-1.037752168514e-1,4.070534777509e-1,1.295797134662e+0,1.480265852170e-2,3.057402047114e+1,8.609316135745e+0,1.589658807823e+1,3.551890432746e+1,0.000000000000e+0,0.000000000000e+0,0.000000000000e+0,-1.540744401409e-2,-9.127411801096e-3,-5.887244812393e-2,-9.149264117533e-2
6.340000000000e+0,2.472930255810e+0,0.000000000000e+0,8.573879539324e-1,-9.839568557748e-2,3.722867756590e-1,1.327748221575e+0,1.390299022082e-2,3.057402047114e+1,8.609316135746e+0,1.589658807823e+1,3.551890432746e+1,0.000000000000e+0,0.000000000000e+0,0.000000000000e+0,-1.558440833612e-2,-8.567776055326e-3,-6.068690374441e-2,-9.230018716229e-2
6.360000000000e+0,2.472930255810e+0,0.000000000000e+0,8.560700679909e-1,-9.371558787057e-2,3.410282703011e-1,1.356597661900e+0,1.294984348854e-2,3.057402047114e+1,8.609316135746e+0,1.589658807823e+1,3.551890432747e+1,0.000000000000e+0,0.000000000000e+0,0.000000000000e+0,-1.575010769595e-2,-8.001036449434e-3,-6.245969956377e-2,-9.297000223949e-2
6.380000000000e+0,2.472930255810e+0,0.000000000000e+0,8.551080826365e-1,-8.975815396750e-2,3.134109950598e-1,1.382216840607e+0,1.195249147392e-2,3.057402047114e+1,8.609316135746e+0,1.589658807823e+1,3.551890432747e+1,0.000000000000e+0,0.000000000000e+0,0.000000000000e+0,-1.590440728669e-2,-7.427920897523e-3,-6.418946365193e-2,-9.350124282296e-2
6.400000000000e+0,2.472930255810e+0,0.000000000000e+0,8.545092695791e-1,-8.654205500258e-2,2.895454432938e-1,1.404496550044e+0,1.092104789608e-2,3.057402047114e+1,8.609316135746e+0,1.589658807823e+1,3.551890432747e+1,0.000000000000e+0,0.000000000000e+0,0.000000000000e+0,-1.604718691012e-2,-6.849162223464e-3,-6.587484810148e-2,-9.389327660524e-2
6.420000000000e+0,2.472930255810e+0,0.000000000000e+0,8.542785971787e-1,-8.408131980370e-2,2.695190807614e-1,1.423347480843e+0,9.866416830581e-3,3.057402047114e+1,8.609316135746e+0,1.589658807823e+1,3.551890432747e+1,0.000000000000e+0,0.000000000000e+0,0.000000000000e+0,-1.617834106691e-2,-6.265497353605e-3,-6.751453002932e-2,-9.414568334263e-2
6.440000000000e+0,2.472930255810e+0,0.000000000000e+0,8.544187085453e-1,-8.238528067352e-2,2.533959998317e-1,1.438700593014e+0,8.800235093015e-3,3.057402047114e+1,8.609316135747e+0,1.589658807823e+1,3.551890432747e+1,0.000000000000e+0,0.000000000000e+0,0.000000000000e+0,-1.629777903060e-2,-5.677666517231e-3,-6.910721257754e-2,-9.425825532305e-2
6.460000000000e+0,2.472930255810e+0,0.000000000000e+0,8.549299141296e-1,-8.145854832500e-2,2.412167168948e-1,1.450507365622e+0,7.734807488882e-3,3.057402047114e+1,8.609316135747e+0,1.589658807823e+1,3.551890432747e+1,0.000000000000e+0,0.000000000000e+0,0.000000000000e+0,-1.640542490570e-2,-5.086412452611e-3,-7.065162591302e-2,-9.423099751448e-2
6.480000000000e+0,2.472930255810e+0,0.000000000000e+0,8.558101987820e-1,-8.130101596582e-2,2.329981135273e-1,1.458739924211e+0,6.683035255453e-3,3.057402047114e+1,8.609316135747e+0,1.589658807823e+1,3.551890432747e+1,0.000000000000e+0,0.000000000000e+0,0.000000000000e+0,-1.650121767001e-2,-4.492479616387e-3,-7.214652822533e-2,-9.406412739403e-2
6.500000000000e+0,2.472930255810e+0,0.000000000000e+0,8.570552431710e-1,-8.190789235218e-2,2.287335211218e-1,1.463391045793e+0,5.658338076225e-3,3.057402047114e+1,8.609316135748e+0,1.589658807823e+1,3.551890432747e+1,0.000000000000e+0,0.000000000000e+0,0.000000000000e+0,-1.658511120108e-2,-3.896613394014e-3,-7.359070672249e-2,-9.375807445828e-2
6.520000000000e+0,2.472930255810e+0,0.000000000000e+0,8.586584593673e-1,-8.326976346129e-2,2.283929478384e-1,1.464474041964e+0,4.674570101763e-3,3.057402047114e+1,8.609316135748e+0,1.589658807823e+1,3.551890432747e+1,0.000000000000e+0,0.000000000000e+0,0.000000000000e+0,-1.665707428684e-2,-3.299559308975e-3,-7.498297862392e-2,-9.331347941580e-2
6.540000000000e+0,2.472930255810e+0,0.000000000000e+0,8.606110403142e-1,-8.537268226329e-2,2.319234459003e-1,1.462022521397e+0,3.745930461780e-3,3.057402047114e+1,8.609316135748e+0,1.589658807823e+1,3.551890432747e+1,0.000000000000e+0,0.000000000000e+0,0.000000000000e+0,-1.671709062046e-2,-2.702062228532e-3,-7.632219214987e-2,-9.273119306312e-2
6.560000000000e+0,2.472930255810e+0,0.000000000000e+0,8.629020228272e-1,-8.819828590854e-2,2.392496164294e-1,1.456090033660e+0,2.886868801685e-3,3.057402047114e+1,8.609316135749e+0,1.589658807823e+1,3.551890432747e+1,0.000000000000e+0,0.000000000000e+0,0.000000000000e+0,-1.676515877926e-2,-2.104865563902e-3,-7.760722750666e-2,-9.201227484579e-2
6.580000000000e+0,2.472930255810e+0,0.000000000000e+0,8.655183636808e-1,-9.172393948658e-2,2.502742482101e-1,1.446749596983e+0,2.111986422301e-3,3.057402047114e+1,8.609316135749e+0,1.589658807823e+1,3.551890432747e+1,0.000000000000e+0,0.000000000000e+0,0.000000000000e+0,-1.680129218746e-2,-1.508710462874e-3,-7.883699786668e-2,-9.115799110660e-2
6.600000000000e+0,2.472930255810e+0,0.000000000000e+0,8.684450282700e-1,-9.592290535781e-2,2.648790859823e-1,1.434093113272e+0,1.435933643621e-3,3.057402047114e+1,8.609316135749e+0,1.589658807823e+1,3.551890432747e+1,0.000000000000e+0,0.000000000000e+0,0.000000000000e+0,-1.682551906285e-2,-9.143349931123e-4,-8.001045034238e-2,-9.016981302315e-2
6.620000000000e+0,2.472930255810e+0,0.000000000000e+0,8.716650912556e-1,-1.007645369110e-1,2.829257231019e-1,1.418230674311e+0,8.733040520660e-4,3.057402047115e+1,8.609316135749e+0,1.589658807823e+1,3.551890432747e+1,0.000000000000e+0,0.000000000000e+0,0.000000000000e+0,-1.683788234686e-2,-3.224733145816e-4,-8.112656695310e-2,-8.904941423776e-2
6.640000000000e+0,2.472930255810e+0,0.000000000000e+0,8.751598485365e-1,-1.062144954574e-1,3.042566126771e-1,1.399289763728e+0,4.385263250878e-4,3.057402047115e+1,8.609316135750e+0,1.589658807823e+1,3.551890432747e+1,0.000000000000e+0,0.000000000000e+0,0.000000000000e+0,-1.683843961805e-2,2.661451601363e-4,-8.218436558364e-2,-8.779866818258e-2
6.660000000000e+0,2.472930255810e+0,0.000000000000e+0,8.789089398229e-1,-1.122349888386e-1,3.286961905853e-1,1.377414359883e+0,1.457543574004e-4,3.057402047115e+1,8.609316135750e+0,1.589658807823e+1,3.551890432747e+1,0.000000000000e+0,0.000000000000e+0,0.000000000000e+0,-1.682726298868e-2,8.507966186069e-4,-8.318290093341e-2,-8.641964510357e-2
6.680000000000e+0,2.472930255810e+0,0.000000000000e+0,8.828904810262e-1,-1.187850301989e-1,3.560521031168e-1,1.352763945427e+0,8.756438594598e-6,3.057402047115e+1,8.609316135750e+0,1.589658807823e+1,3.551890432748e+1,0.000000000000e+0,0.000000000000e+0,0.000000000000e+0,-1.680443898403e-2,1.430763714984e-3,-8.412126545486e-2,-8.491460878708e-2
6.700000000000e+0,2.472930255810e+0,0.000000000000e+0,8.870812056203e-1,-1.258207152558e-1,3.861165313651e-1,1.325512429827e+0,4.080425291014e-5,3.057402047115e+1,8.609316135751e+0,1.589658807823e+1,3.551890432748e+1,0.000000000000e+0,0.000000000000e+0,0.000000000000e+0,-1.677006840433e-2,2.005336450379e-3,-8.499859027984e-2,-8.328601299344e-2
6.720000000000e+0,2.472930255810e+0,0.000000000000e+0,8.914566140804e-1,-1.332955162944e-1,4.186676039094e-1,1.295846991627e+0,2.545624875091e-4,3.057402047115e+1,8.609316135751e+0,1.589658807823e+1,3.551890432748e+1,0.000000000000e+0,0.000000000000e+0,0.000000000000e+0,-1.672426616885e-2,2.573813067009e-3,-8.581404613258e-2,-8.153649760203e-2
6.740000000000e+0,2.472930255810e+0,0.000000000000e+0,8.959911304543e-1,-1.411605910144e-1,4.534708888032e-1,1.263966847720e+0,6.619798462524e-4,3.057402047115e+1,8.609316135751e+0,1.589658807823e+1,3.551890432748e+1,0.000000000000e+0,0.000000000000e+0,0.000000000000e+0,-1.666716114209e-2,3.135500955596e-3,-8.656684422771e-2,-7.966888447304e-2
6.760000000000e+0,2.472930255809e+0,0.000000000000e+0,9.006582650836e-1,-1.493651042712e-1,4.902809554033e-1,1.230081957323e+0,1.274182270849e-3,3.057402047115e+1,8.609316135751e+0,1.589658807823e+1,3.551890432748e+1,0.000000000000e+0,0.000000000000e+0,0.000000000000e+0,-1.659889594155e-2,3.689717575058e-3,-8.725623715197e-2,-7.768617303137e-2
6.780000000000e+0,2.472930255809e+0,0.000000000000e+0,9.054307824508e-1,-1.578565606754e-1,5.288429961499e-1,1.194411668713e+0,2.101369170781e-3,3.057402047115e+1,8.609316135751e+0,1.589658807823e+1,3.551890432748e+1,0.000000000000e+0,0.000000000000e+0,0.000000000000e+0,-1.651962672716e-2,4.235791383141e-3,-8.788151972791e-2,-7.559153557843e-2
6.800000000000e+0,2.472930255809e+0,0.000000000000e+0,9.102808731035e-1,-1.665811459527e-1,5.688944980422e-1,1.157183317159e+0,3.152713457179e-3,3.057402047115e+1,8.609316135752e+0,1.589658807823e+1,3.551890432748e+1,0.000000000000e+0,0.000000000000e+0,0.000000000000e+0,-1.642952297187e-2,4.773062776231e-3,-8.844202985826e-2,-7.338831233839e-2
6.820000000000e+0,2.472930255809e+0,0.000000000000e+0,9.151803285774e-1,-1.754840749136e-1,6.101669532444e-1,1.118630782737e+0,4.436266163780e-3,3.057402047115e+1,8.609316135752e+0,1.589658807823e+1,3.551890432748e+1,0.000000000000e+0,0.000000000000e+0,0.000000000000e+0,-1.632876721343e-2,5.300885036181e-3,-8.893714934909e-2,-7.108000624528e-2
6.840000000000e+0,2.472930255809e+0,0.000000000000e+0,9.201007182251e-1,-1.845099438405e-1,6.523875980158e-1,1.078993016988e+0,5.958866420448e-3,3.057402047115e+1,8.609316135752e+0,1.589658807823e+1,3.551890432748e+1,0.000000000000e+0,0.000000000000e+0,0.000000000000e+0,-1.621755478716e-2,5.818625281622e-3,-8.936630471042e-2,-6.867027747849e-2
6.860000000000e+0,2.472930255809e+0,0.000000000000e+0,9.250135668448e-1,-1.936030850765e-1,6.952811689763e-1,1.038512547543e+0,7.726057521241e-3,3.057402047115e+1,8.609316135752e+0,1.589658807823e+1,3.551890432748e+1,0.000000000000e+0,0.000000000000e+0,0.000000000000e+0,-1.609609353972e-2,6.325665420851e-3,-8.972896793255e-2,-6.616293775397e-2
6.880000000000e+0,2.472930255809e+0,0.000000000000e+0,9.298905319978e-1,-2.027079215833e-1,7.385716656100e-1,9.974339699845e-1,9.742009799964e-3,3.057402047115e+1,8.609316135752e+0,1.589658807823e+1,3.551890432748e+1,0.000000000000e+0,0.000000000000e+0,0.000000000000e+0,-1.596460352377e-2,6.821403103059e-3,-9.002465723653e-2,-6.356194437930e-2
6.900000000000e+0,2.472930255809e+0,0.000000000000e+0,9.347035799053e-1,-2.117693192366e-1,7.819841078608e-1,9.560024362880e-1,1.200945099148e-2,3.057402047115e+1,8.609316135752e+0,1.589658807823e+1,3.551890432748e+1,0.000000000000e+0,0.000000000000e+0,0.000000000000e+0,-1.582331667368e-2,7.305252664383e-3,-9.025293779725e-2,-6.087139408111e-2
6.920000000000e+0,2.472930255809e+0,0.000000000000e+0,9.394251588234e-1,-2.207329346413e-1,8.252462777044e-1,9.144621492054e-1,1.452960471703e-2,3.057402047114e+1,8.609316135752e+0,1.589658807823e+1,3.551890432747e+1,0.000000000000e+0,0.000000000000e+0,0.000000000000e+0,-1.567247646242e-2,7.776646064960e-3,-9.041342243752e-2,-5.809551661375e-2
6.940000000000e+0,2.472930255809e+0,0.000000000000e+0,9.440283688097e-1,-2.295455562734e-1,8.680904336731e-1,8.730548719126e-1,1.730213768683e-2,3.057402047114e+1,8.609316135752e+0,1.589658807823e+1,3.551890432747e+1,0.000000000000e+0,0.000000000000e+0,0.000000000000e+0,-1.551233753978e-2,8.235033812979e-3,-9.050577229166e-2,-5.523866815848e-2
6.960000000000e+0,2.472930255809e+0,0.000000000000e+0,9.484871268176e-1,-2.381554367976e-1,9.102549874787e-1,8.320184621471e-1,2.032511616290e-2,3.057402047114e+1,8.609316135752e+0,1.589658807823e+1,3.551890432747e+1,0.000000000000e+0,0.000000000000e+0,0.000000000000e+0,-1.534316535237e-2,8.679885871515e-3,-9.052969743713e-2,-5.230532452306e-2
6.980000000000e+0,2.472930255809e+0,0.000000000000e+0,9.527763260814e-1,-2.465126144631e-1,9.514861321138e-1,7.915854399059e-1,2.359497217068e-2,3.057402047114e+1,8.609316135752e+0,1.589658807823e+1,3.551890432747e+1,0.000000000000e+0,0.000000000000e+0,0.000000000000e+0,-1.516523574557e-2,9.110692543818e-3,-9.048495749266e-2,-4.930007415183e-2
7.000000000000e+0,2.472930255809e+0,0.000000000000e+0,9.568719887901e-1,-2.545692215465e-1,9.915394111199e-1,7.519815975563e-1,2.710647988878e-2,3.057402047114e+1,8.609316135752e+0,1.589658807823e+1,3.551890432747e+1,0.000000000000e+0,0.000000000000e+0,0.000000000000e+0,-1.497883454810e-2,9.526965332643e-3,-9.037136218171e-2,-4.622761095697e-2
7.020000000000e+0,2.472930255809e+0,0.000000000000e+0,9.607514110917e-1,-2.622797778919e-1,1.030181219085e+0,7.134246609402e-1,3.085274258374e-2,3.057402047114e+1,8.609316135751e+0,1.589658807823e+1,3.551890432747e+1,0.000000000000e+0,0.000000000000e+0,0.000000000000e+0,-1.478425713972e-2,9.928237769162e-3,-9.018877185969e-2,-4.309272698174e-2
7.040000000000e+0,2.472930255808e+0,0.000000000000e+0,9.643932995137e-1,-2.696014676912e-1,1.067190223873e+0,6.761230097234e-1,3.482519039002e-2,3.057402047114e+1,8.609316135751e+0,1.589658807823e+1,3.551890432747e+1,0.000000000000e+0,0.000000000000e+0,0.000000000000e+0,-1.458180800260e-2,1.031406620706e-2,-8.993709800384e-2,-3.990030490731e-2
7.060000000000e+0,2.472930255808e+0,0.000000000000e+0,9.677778979419e-1,-2.764943977523e-1,1.102358701597e+0,6.402744648557e-1,3.901358916615e-2,3.057402047114e+1,8.609316135751e+0,1.589658807823e+1,3.551890432747e+1,0.000000000000e+0,0.000000000000e+0,0.000000000000e+0,-1.437180025731e-2,1.068403057743e-2,-8.961630366454e-2,-3.665531041470e-2
7.080000000000e+0,2.472930255808e+0,0.000000000000e+0,9.708871043570e-1,-2.829218356213e-1,1.135493775917e+0,6.060651505696e-1,4.340606058634e-2,3.057402047114e+1,8.609316135751e+0,1.589658807823e+1,3.551890432747e+1,0.000000000000e+0,0.000000000000e+0,0.000000000000e+0,-1.415455518406e-2,1.103773510031e-2,-8.922640387698e-2,-3.336278441403e-2
7.100000000000e+0,2.472930255808e+0,0.000000000000e+0,9.737045765960e-1,-2.888504260516e-1,1.166418553852e+0,5.736684378591e-1,4.798911355250e-2,3.057402047114e+1,8.609316135751e+0,1.589658807823e+1,3.551890432747e+1,0.000000000000e+0,0.000000000000e+0,0.000000000000e+0,-1.393040173018e-2,1.137480894876e-2,-8.876746603207e-2,-3.002783515340e-2
7.120000000000e+0,2.472930255808e+0,0.000000000000e+0,9.762158264709e-1,-2.942503844536e-1,1.194973151013e+0,5.432439758416e-1,5.274768693616e-2,3.057402047114e+1,8.609316135750e+0,1.589658807823e+1,3.551890432747e+1,0.000000000000e+0,0.000000000000e+0,0.000000000000e+0,-1.369967600485e-2,1.169490686176e-2,-8.823961020575e-2,-2.665563022015e-2
7.140000000000e+0,2.472930255808e+0,0.000000000000e+0,9.784083016560e-1,-2.990956661045e-1,1.221015599845e+0,5.149368168282e-1,5.766520358353e-2,3.057402047114e+1,8.609316135750e+0,1.589658807823e+1,3.551890432747e+1,0.000000000000e+0,0.000000000000e+0,0.000000000000e+0,-1.346272076214e-2,1.199770970228e-2,-8.764300944578e-2,-2.325138844743e-2
7.160000000000e+0,2.472930255808e+0,0.000000000000e+0,9.802714548311e-1,-3.033641100568e-1,1.244422635285e+0,4.888766403091e-1,6.272363543948e-2,3.057402047114e+1,8.609316135750e+0,1.589658807823e+1,3.551890432747e+1,0.000000000000e+0,0.000000000000e+0,0.000000000000e+0,-1.321988487338e-2,1.228292495745e-2,-8.697789001523e-2,-1.982037173931e-2
7.180000000000e+0,2.472930255808e+0,0.000000000000e+0,9.817967996515e-1,-3.070375568485e-1,1.265090353034e+0,4.651770804009e-1,6.790357956968e-2,3.057402047114e+1,8.609316135749e+0,1.589658807823e+1,3.551890432747e+1,0.000000000000e+0,0.000000000000e+0,0.000000000000e+0,-1.297152279021e-2,1.255028717796e-2,-8.624453159200e-2,-1.636787682782e-2
7.200000000000e+0,2.472930255808e+0,0.000000000000e+0,9.829779531993e-1,-3.101019392874e-1,1.282934736492e+0,4.439351606210e-1,7.318434478359e-2,3.057402047114e+1,8.609316135749e+0,1.589658807823e+1,3.551890432747e+1,0.000000000000e+0,0.000000000000e+0,0.000000000000e+0,-1.271799399943e-2,1.279955835418e-2,-8.544326742377e-2,-1.289922697568e-2
7.220000000000e+0,2.472930255808e+0,0.000000000000e+0,9.838106646620e-1,-3.125473457629e-1,1.297892049288e+0,4.252308391346e-1,7.854404848603e-2,3.057402047114e+1,8.609316135749e+0,1.589658807823e+1,3.551890432747e+1,0.000000000000e+0,0.000000000000e+0,0.000000000000e+0,-1.245966247099e-2,1.303052822709e-2,-8.457448443784e-2,-9.419763638244e-3
7.240000000000e+0,2.472930255808e+0,0.000000000000e+0,9.842928300706e-1,-3.143680557150e-1,1.309919091250e+0,4.091266668909e-1,8.395972331175e-2,3.057402047114e+1,8.609316135748e+0,1.589658807823e+1,3.551890432747e+1,0.000000000000e+0,0.000000000000e+0,0.000000000000e+0,-1.219689610043e-2,1.324301453233e-2,-8.363862330540e-2,-5.934838098802e-3
7.260000000000e+0,2.472930255808e+0,0.000000000000e+0,9.844244930236e-1,-3.155625470790e-1,1.318993316529e+0,3.956675603083e-1,8.940743302612e-2,3.057402047114e+1,8.609316135748e+0,1.589658807823e+1,3.551890432747e+1,0.000000000000e+0,0.000000000000e+0,0.000000000000e+0,-1.193006614709e-2,1.343686317651e-2,-8.263617845990e-2,-2.449803091032e-3
7.280000000000e+0,2.472930255808e+0,0.000000000000e+0,9.842078314150e-1,-3.161334757070e-1,1.325112813583e+0,3.848806894098e-1,9.486239710693e-2,3.057402047114e+1,8.609316135748e+0,1.589658807823e+1,3.551890432746e+1,0.000000000000e+0,0.000000000000e+0,0.000000000000e+0,-1.165954666953e-2,1.361194834489e-2,-8.156769806925e-2,1.029995577274e-3
7.300000000000e+0,2.472930255808e+0,0.000000000000e+0,9.836471302761e-1,-3.160876269564e-1,1.328296147589e+0,3.767754815420e-1,1.002991233571e-1,3.057402047114e+1,8.609316135747e+0,1.589658807823e+1,3.551890432746e+1,0.000000000000e+0,0.000000000000e+0,0.000000000000e+0,-1.138571395944e-2,1.376817254058e-2,-8.043378396155e-2,4.499227385208e-3
7.320000000000e+0,2.472930255807e+0,0.000000000000e+0,9.827487409338e-1,-3.154358398201e-1,1.328582066811e+0,3.713437400455e-1,1.056915478370e-1,3.057402047114e+1,8.609316135747e+0,1.589658807823e+1,3.551890432746e+1,0.000000000000e+0,0.000000000000e+0,0.000000000000e+0,-1.110894597542e-2,1.390546655551e-2,-7.923509150428e-2,7.952585430448e-3
7.340000000000e+0,2.472930255807e+0,0.000000000000e+0,9.815210267775e-1,-3.141929041571e-1,1.326029075357e+0,3.685598764834e-1,1.110131813470e-1,3.057402047114e+1,8.609316135746e+0,1.589658807823e+1,3.551890432746e+1,0.000000000000e+0,0.000000000000e+0,0.000000000000e+0,-1.082962177812e-2,1.402378937404e-2,-7.797232943683e-2,1.138479471769e-2
7.360000000000e+0,2.472930255807e+0,0.000000000000e+0,9.799742960181e-1,-3.123774317621e-1,1.320714875623e+0,3.683812542883e-1,1.162372616396e-1,3.057402047114e+1,8.609316135746e+0,1.589658807823e+1,3.551890432746e+1,0.000000000000e+0,0.000000000000e+0,0.000000000000e+0,-1.054812096788e-2,1.412312801063e-2,-7.664625965634e-2,1.479062038995e-2
7.380000000000e+0,2.472930255807e+0,0.000000000000e+0,9.781207219061e-1,-3.100117021889e-1,1.312735684642e+0,3.707486409566e-1,1.213369104916e-1,3.057402047113e+1,8.609316135746e+0,1.589658807823e+1,3.551890432746e+1,0.000000000000e+0,0.000000000000e+0,0.000000000000e+0,-1.026482312628e-2,1.420349728329e-2,-7.525769695683e-2,1.816487588903e-2
7.400000000000e+0,2.472930255807e+0,0.000000000000e+0,9.759742509617e-1,-3.071214844099e-1,1.302205429317e+0,3.755867652133e-1,1.262852947246e-1,3.057402047113e+1,8.609316135746e+0,1.589658807823e+1,3.551890432746e+1,0.000000000000e+0,0.000000000000e+0,0.000000000000e+0,-9.980107262832e-3,1.426493952507e-2,-7.380750872179e-2,2.150243103148e-2
7.420000000000e+0,2.472930255807e+0,0.000000000000e+0,9.735504998477e-1,-3.037358355583e-1,1.289254826406e+0,3.828049748869e-1,1.310557902247e-1,3.057402047113e+1,8.609316135745e+0,1.589658807823e+1,3.551890432746e+1,0.000000000000e+0,0.000000000000e+0,0.000000000000e+0,-9.694351268126e-3,1.430752423626e-2,-7.229661457017e-2,2.479821998676e-2
7.440000000000e+0,2.472930255807e+0,0.000000000000e+0,9.708666415933e-1,-2.998868781516e-1,1.274030353790e+0,3.922979905932e-1,1.356221479821e-1,3.057402047113e+1,8.609316135745e+0,1.589658807823e+1,3.551890432746e+1,0.000000000000e+0,0.000000000000e+0,0.000000000000e+0,-9.407931374377e-3,1.433134768013e-2,-7.072598595612e-2,2.804724914447e-2
7.460000000000e+0,2.472930255807e+0,0.000000000000e+0,9.679412819464e-1,-2.956095573389e-1,1.256693120344e+0,4.039467497102e-1,1.399586611447e-1,3.057402047113e+1,8.609316135745e+0,1.589658807823e+1,3.551890432746e+1,0.000000000000e+0,0.000000000000e+0,0.000000000000e+0,-9.121221624676e-3,1.433653242578e-2,-6.909664572237e-2,3.124460485759e-2
7.480000000000e+0,2.472930255807e+0,0.000000000000e+0,9.647943266974e-1,-2.909413798487e-1,1.237417642333e+0,4.176193345641e-1,1.440403320608e-1,3.057402047113e+1,8.609316135745e+0,1.589658807823e+1,3.551890432746e+1,0.000000000000e+0,0.000000000000e+0,0.000000000000e+0,-8.834593351857e-3,1.432322684141e-2,-6.740966760775e-2,3.438546104933e-2
7.500000000000e+0,2.472930255807e+0,0.000000000000e+0,9.614468408785e-1,-2.859221364355e-1,1.216390534870e+0,4.331719782190e-1,1.478430382743e-1,3.057402047113e+1,8.609316135744e+0,1.589658807823e+1,3.551890432746e+1,0.000000000000e+0,0.000000000000e+0,0.000000000000e+0,-8.548414667964e-3,1.429160454209e-2,-6.566617570884e-2,3.746508667115e-2
7.520000000000e+0,2.472930255807e+0,0.000000000000e+0,9.579209007941e-1,-2.805936097327e-1,1.193809127527e+0,4.504501407917e-1,1.513436964270e-1,3.057402047113e+1,8.609316135744e+0,1.589658807823e+1,3.551890432746e+1,0.000000000000e+0,0.000000000000e+0,0.000000000000e+0,-8.263049965190e-3,1.424186379584e-2,-6.386734389600e-2,4.047885300003e-2
7.540000000000e+0,2.472930255807e+0,0.000000000000e+0,9.542394398874e-1,-2.749992695152e-1,1.169880013623e+0,4.692896487876e-1,1.545204230240e-1,3.057402047113e+1,8.609316135744e+0,1.589658807823e+1,3.551890432746e+1,0.000000000000e+0,0.000000000000e+0,0.000000000000e+0,-7.978859429068e-3,1.417422689230e-2,-6.201439518419e-2,4.342224076338e-2
7.560000000000e+0,2.472930255806e+0,0.000000000000e+0,9.504260894860e-1,-2.691839574590e-1,1.144817543169e+0,4.895178895866e-1,1.573526910238e-1,3.057402047113e+1,8.609316135744e+0,1.589658807823e+1,3.551890432746e+1,0.000000000000e+0,0.000000000000e+0,0.000000000000e+0,-7.696198564636e-3,1.408893947814e-2,-6.010860105856e-2,4.629084708048e-2
7.580000000000e+0,2.472930255806e+0,0.000000000000e+0,9.465050155042e-1,-2.631935635511e-1,1.118842269734e+0,5.109550528929e-1,1.598214812263e-1,3.057402047113e+1,8.609316135744e+0,1.589658807823e+1,3.551890432746e+1,0.000000000000e+0,0.000000000000e+0,0.000000000000e+0,-7.415417736186e-3,1.398626986354e-2,-5.815128075533e-2,4.908039220943e-2
7.600000000000e+0,2.472930255806e+0,0.000000000000e+0,9.425007522038e-1,-2.570746963594e-1,1.092179361801e+0,5.334154107092e-1,1.619094274517e-1,3.057402047113e+1,8.609316135744e+0,1.589658807823e+1,3.551890432746e+1,0.000000000000e+0,0.000000000000e+0,0.000000000000e+0,-7.136861721136e-3,1.386650830391e-2,-5.614380049797e-2,5.178672608940e-2
7.620000000000e+0,2.472930255806e+0,0.000000000000e+0,9.384380341363e-1,-2.508743494067e-1,1.065056989353e+0,5.567086271967e-1,1.636009545268e-1,3.057402047113e+1,8.609316135744e+0,1.589658807823e+1,3.551890432746e+1,0.000000000000e+0,0.000000000000e+0,0.000000000000e+0,-6.860869278491e-3,1.372996626096e-2,-5.408757268919e-2,5.440583466819e-2
7.640000000000e+0,2.472930255806e+0,0.000000000000e+0,9.343416273960e-1,-2.446395659199e-1,1.037704696556e+0,5.806410896465e-1,1.648824081271e-1,3.057402047113e+1,8.609316135744e+0,1.589658807823e+1,3.551890432746e+1,0.000000000000e+0,0.000000000000e+0,0.000000000000e+0,-6.587772732237e-3,1.357697564735e-2,-5.198405505874e-2,5.693384600543e-2
7.660000000000e+0,2.472930255806e+0,0.000000000000e+0,9.302361613210e-1,-2.384171042314e-1,1.010351771452e+0,6.050172517058e-1,1.657421755592e-1,3.057402047113e+1,8.609316135744e+0,1.589658807823e+1,3.551890432746e+1,0.000000000000e+0,0.000000000000e+0,0.000000000000e+0,-6.317897569992e-3,1.340788805861e-2,-4.983474976750e-2,5.936703614257e-2
7.680000000000e+0,2.472930255806e+0,0.000000000000e+0,9.261459617705e-1,-2.322531061006e-1,9.832256235404e-1,6.296409799864e-1,1.661707966094e-1,3.057402047113e+1,8.609316135745e+0,1.589658807823e+1,3.551890432746e+1,0.000000000000e+0,0.000000000000e+0,0.000000000000e+0,-6.051562057105e-3,1.322307399596e-2,-4.764120246801e-2,6.170183473091e-2
7.700000000000e+0,2.472930255806e+0,0.000000000000e+0,9.220948870987e-1,-2.261927702042e-1,9.565501800591e-1,6.543168952182e-1,1.661610636342e-1,3.057402047113e+1,8.609316135745e+0,1.589658807823e+1,3.551890432746e+1,0.000000000000e+0,0.000000000000e+0,0.000000000000e+0,-5.789076866362e-3,1.302292208370e-2,-4.540500132176e-2,6.393483040956e-2
7.720000000000e+0,2.472930255806e+0,0.000000000000e+0,9.181061679230e-1,-2.202800330036e-1,9.305443115601e-1,6.788516992071e-1,1.657081101195e-1,3.057402047113e+1,8.609316135745e+0,1.589658807823e+1,3.551890432746e+1,0.000000000000e+0,0.000000000000e+0,0.000000000000e+0,-5.530744723376e-3,1.280783828393e-2,-4.312777597346e-2,6.606277592569e-2
7.740000000000e+0,2.472930255806e+0,0.000000000000e+0,9.142022517591e-1,-2.145572591459e-1,9.054202971931e-1,7.030554790064e-1,1.648094869932e-1,3.057402047114e+1,8.609316135745e+0,1.589658807823e+1,3.551890432746e+1,0.000000000000e+0,0.000000000000e+0,0.000000000000e+0,-5.276860067681e-3,1.257824511172e-2,-4.081119648264e-2,6.808259298986e-2
7.760000000000e+0,2.472930255806e+0,0.000000000000e+0,9.104046535620e-1,-2.090649434888e-1,8.813823397751e-1,7.267429799167e-1,1.634652260409e-1,3.057402047114e+1,8.609316135745e+0,1.589658807823e+1,3.551890432746e+1,0.000000000000e+0,0.000000000000e+0,0.000000000000e+0,-5.027708729504e-3,1.233458085297e-2,-3.845697221287e-2,6.999137685971e-2
7.780000000000e+0,2.472930255806e+0,0.000000000000e+0,9.067338131699e-1,-2.038414267611e-1,8.586251403758e-1,7.497348391837e-1,1.616778898375e-1,3.057402047114e+1,8.609316135746e+0,1.589658807823e+1,3.551890432746e+1,0.000000000000e+0,0.000000000000e+0,0.000000000000e+0,-4.783567622124e-3,1.207729878723e-2,-3.606685067885e-2,7.178640064575e-2
7.800000000000e+0,2.472930255806e+0,0.000000000000e+0,9.032089606043e-1,-1.989226267734e-1,8.373325417237e-1,7.718587725691e-1,1.594526076822e-1,3.057402047114e+1,8.609316135746e+0,1.589658807823e+1,3.551890432746e+1,0.000000000000e+0,0.000000000000e+0,0.000000000000e+0,-4.544704449722e-3,1.180686641703e-2,-3.364261635182e-2,7.346511933347e-2
7.820000000000e+0,2.472930255806e+0,0.000000000000e+0,8.998479901214e-1,-1.943417869934e-1,8.176762492589e-1,7.929507063218e-1,1.567970970970e-1,3.057402047114e+1,8.609316135746e+0,1.589658807823e+1,3.551890432746e+1,0.000000000000e+0,0.000000000000e+0,0.000000000000e+0,-4.311377430561e-3,1.152376470530e-2,-3.118608942352e-2,7.502517351647e-2
7.840000000000e+0,2.472930255806e+0,0.000000000000e+0,8.966673438571e-1,-1.901292441789e-1,7.998146381278e-1,8.128558474715e-1,1.537216705283e-1,3.057402047114e+1,8.609316135747e+0,1.589658807823e+1,3.551890432746e+1,0.000000000000e+0,0.000000000000e+0,0.000000000000e+0,-4.083835035332e-3,1.122848732157e-2,-2.869912452927e-2,7.646439283574e-2
7.860000000000e+0,2.472930255806e+0,0.000000000000e+0,8.936819058384e-1,-1.863122166365e-1,7.838916538321e-1,8.314296858007e-1,1.502392269710e-1,3.057402047114e+1,8.609316135747e+0,1.589658807823e+1,3.551890432746e+1,0.000000000000e+0,0.000000000000e+0,0.000000000000e+0,-3.862315740477e-3,1.092153989779e-2,-2.618360943036e-2,7.778079912070e-2
7.880000000000e+0,2.472930255806e+0,0.000000000000e+0,8.909049070687e-1,-1.829146145340e-1,7.700358136215e-1,8.485389213292e-1,1.463652283203e-1,3.057402047114e+1,8.609316135747e+0,1.589658807823e+1,3.551890432747e+1,0.000000000000e+0,0.000000000000e+0,0.000000000000e+0,-3.647047796305e-3,1.060343929368e-2,-2.364146365644e-2,7.897260922806e-2
7.900000000000e+0,2.472930255806e+0,0.000000000000e+0,8.883478423175e-1,-1.799568735508e-1,7.583593150522e-1,8.640623116456e-1,1.421176603411e-1,3.057402047114e+1,8.609316135748e+0,1.589658807823e+1,3.551890432747e+1,0.000000000000e+0,0.000000000000e+0,0.000000000000e+0,-3.438249009704e-3,1.027471287180e-2,-2.107463710836e-2,8.003823757494e-2
7.920000000000e+0,2.472930255806e+0,0.000000000000e+0,8.860203991720e-1,-1.774558129931e-1,7.489572574284e-1,8.778914339643e-1,1.375169782340e-1,3.057402047114e+1,8.609316135748e+0,1.589658807823e+1,3.551890432747e+1,0.000000000000e+0,0.000000000000e+0,0.000000000000e+0,-3.236126541253e-3,9.935897781527e-3,-1.848510862196e-2,8.097629836330e-2
7.940000000000e+0,2.472930255806e+0,0.000000000000e+0,8.839303998209e-1,-1.754245193406e-1,7.419069811116e-1,8.899313573481e-1,1.325860368656e-1,3.057402047114e+1,8.609316135748e+0,1.589658807823e+1,3.551890432747e+1,0.000000000000e+0,0.000000000000e+0,0.000000000000e+0,-3.040876716583e-3,9.587540251280e-3,-1.587488449350e-2,8.178560749290e-2
7.960000000000e+0,2.472930255806e+0,0.000000000000e+0,8.820837559629e-1,-1.738722560227e-1,7.372675289176e-1,9.001012211254e-1,1.273500058225e-1,3.057402047114e+1,8.609316135749e+0,1.589658807823e+1,3.551890432747e+1,0.000000000000e+0,0.000000000000e+0,0.000000000000e+0,-2.852684851808e-3,9.230194887913e-3,-1.324599696748e-2,8.246518416076e-2
7.980000000000e+0,2.472930255806e+0,0.000000000000e+0,8.804844371412e-1,-1.728044000513e-1,7.350792330363e-1,9.083347161417e-1,1.218362695377e-1,3.057402047114e+1,8.609316135749e+0,1.589658807823e+1,3.551890432747e+1,0.000000000000e+0,0.000000000000e+0,0.000000000000e+0,-2.671725092915e-3,8.864423981831e-3,-1.060050268749e-2,8.301425214509e-2
8.000000000000e+0,2.472930255806e+0,0.000000000000e+0,8.791344527194e-1,-1.722224059571e-1,7.353634301036e-1,9.145804661079e-1,1.160743128318e-1,3.057402047114e+1,8.609316135749e+0,1.589658807823e+1,3.551890432747e+1,0.000000000000e+0,0.000000000000e+0,0.000000000000e+0,-2.498160269007e-3,8.490796816329e-3,-7.940481110964e-3,8.343224077260e-2
